datetime,open,high,low,close,volume
2026-03-26T02:30:00+00:00,4617.23,4619.889999999999,4594.91,4598.07,29100
2026-03-26T03:00:00+00:00,4598.07,4603.04,4589.049999999999,4595.87,26871
2026-03-26T03:30:00+00:00,4595.87,4608.129999999999,4595.62,4606.049999999999,13611
2026-03-26T04:00:00+00:00,4606.049999999999,4611.62,4600.79,4610.009999999999,9799
2026-03-26T04:30:00+00:00,4610.009999999999,4613.679999999999,4605.5599999999995,4609.58,9845
2026-03-26T05:00:00+00:00,4609.58,4611.66,4578.049999999999,4582.759999999999,19247
2026-03-26T05:30:00+00:00,4582.759999999999,4584.879999999999,4528.0199999999995,4528.25,55354
2026-03-26T06:00:00+00:00,4528.25,4540.2699999999995,4504.839999999999,4529.389999999999,65693
2026-03-26T06:30:00+00:00,4529.389999999999,4548.599999999999,4519.65,4545.57,39675
2026-03-26T07:00:00+00:00,4545.57,4550.29,4528.08,4537.54,36468
2026-03-26T07:30:00+00:00,4537.54,4553.139999999999,4536.73,4541.8099999999995,33572
2026-03-26T08:00:00+00:00,4541.8099999999995,4548.46,4514.5199999999995,4517.379999999999,53783
2026-03-26T08:30:00+00:00,4517.379999999999,4529.7,4501.299999999999,4516.8099999999995,53590
2026-03-26T09:00:00+00:00,4516.8099999999995,4526.4,4507.509999999999,4521.36,42255
2026-03-26T09:30:00+00:00,4521.36,4521.48,4503.53,4512.82,43190
2026-03-26T10:00:00+00:00,4512.82,4537.75,4506.259999999999,4531.19,34289
2026-03-26T10:30:00+00:00,4531.19,4536.799999999999,4512.719999999999,4532.75,38608
2026-03-26T11:00:00+00:00,4532.75,4546.03,4528.46,4532.48,31735
2026-03-26T11:30:00+00:00,4532.48,4541.139999999999,4508.12,4512.25,37207
2026-03-26T12:00:00+00:00,4512.25,4535.29,4505.639999999999,4526.679999999999,41247
2026-03-26T12:30:00+00:00,4526.679999999999,4534.349999999999,4517.549999999999,4518.75,39990
2026-03-26T13:00:00+00:00,4518.75,4543.12,4509.25,4537.61,50016
2026-03-26T13:30:00+00:00,4537.61,4550.089999999999,4518.4,4542.2,92430
2026-03-26T14:00:00+00:00,4542.2,4558.83,4526.44,4548.509999999999,78116
2026-03-26T14:30:00+00:00,4548.509999999999,4568.74,4535.03,4554.15,89876
2026-03-26T15:00:00+00:00,4554.15,4558.2699999999995,4538.099999999999,4543.79,63960
2026-03-26T15:30:00+00:00,4543.79,4543.79,4523.15,4527.32,58521
2026-03-26T16:00:00+00:00,4527.32,4532.15,4475.8099999999995,4485.58,62650
2026-03-26T16:30:00+00:00,4485.58,4485.78,4456.0599999999995,4478.32,81389
2026-03-26T17:00:00+00:00,4478.32,4491.839999999999,4466.37,4472.71,62910
2026-03-26T17:30:00+00:00,4472.71,4482.37,4466.71,4470.46,41863
2026-03-26T18:00:00+00:00,4470.46,4480.11,4456.7,4463.419999999999,48853
2026-03-26T18:30:00+00:00,4463.419999999999,4487.15,4462.53,4483.58,31249
2026-03-26T19:00:00+00:00,4483.58,4488.65,4467.469999999999,4469.96,30476
2026-03-26T19:30:00+00:00,4469.96,4478.08,4448.46,4453.29,45232
2026-03-26T20:00:00+00:00,4453.29,4505.65,4440.299999999999,4493.839999999999,70292
2026-03-26T20:30:00+00:00,4493.839999999999,4509.75,4462.009999999999,4470.16,53259
2026-03-26T22:00:00+00:00,4470.16,4495.509999999999,4457.539999999999,4483.5599999999995,27927.455908954485
2026-03-26T22:30:00+00:00,4483.5599999999995,4500.78,4480.339999999999,4496.8099999999995,12454
2026-03-26T23:00:00+00:00,4496.8099999999995,4499.829999999999,4475.159999999999,4484.82,13053
2026-03-26T23:30:00+00:00,4484.82,4493.449999999999,4481.5599999999995,4490.589999999999,12186
2026-03-27T00:00:00+00:00,4490.589999999999,4496.53,4468.15,4476.629999999999,16298
2026-03-27T00:30:00+00:00,4476.629999999999,4481.949999999999,4460.829999999999,4464.53,19481
2026-03-27T01:00:00+00:00,4464.53,4492.19,4462.549999999999,4491.839999999999,29439
2026-03-27T01:30:00+00:00,4491.839999999999,4505.929999999999,4488.999999999999,4502.719999999999,20680
2026-03-27T02:00:00+00:00,4502.719999999999,4524.969999999999,4502.409999999999,4516.15,21769
2026-03-27T02:30:00+00:00,4516.15,4525.829999999999,4510.179999999999,4517.579999999999,18549
2026-03-27T03:00:00+00:00,4517.579999999999,4522.389999999999,4506.599999999999,4520.599999999999,20297
2026-03-27T03:30:00+00:00,4520.599999999999,4531.299999999999,4516.099999999999,4523.129999999999,12677
2026-03-27T04:00:00+00:00,4523.129999999999,4525.119999999999,4516.929999999999,4519.509999999999,8087
2026-03-27T04:30:00+00:00,4519.509999999999,4535.079999999999,4519.32,4531.48,8758
2026-03-27T05:00:00+00:00,4531.48,4532.969999999999,4525.829999999999,4528.719999999999,11767
2026-03-27T05:30:00+00:00,4528.719999999999,4560.73,4528.199999999999,4539.949999999999,31305
2026-03-27T06:00:00+00:00,4539.949999999999,4558.23,4537.039999999999,4548.94,23648
2026-03-27T06:30:00+00:00,4548.94,4554.36,4540.0199999999995,4545.0599999999995,15705
2026-03-27T07:00:00+00:00,4545.0599999999995,4548.49,4533.129999999999,4537.639999999999,17072
2026-03-27T07:30:00+00:00,4537.639999999999,4541.679999999999,4528.209999999999,4533.159999999999,17148
2026-03-27T08:00:00+00:00,4533.159999999999,4536.869999999999,4516.079999999999,4519.15,33308
2026-03-27T08:30:00+00:00,4519.15,4525.4,4509.11,4509.57,26227
2026-03-27T09:00:00+00:00,4509.57,4521.8099999999995,4506.169999999999,4519.829999999999,29387
2026-03-27T09:30:00+00:00,4519.829999999999,4523.639999999999,4512.379999999999,4514.23,19480
2026-03-27T10:00:00+00:00,4514.23,4518.5199999999995,4509.259999999999,4514.499999999999,19825
2026-03-27T10:30:00+00:00,4514.499999999999,4516.19,4496.259999999999,4500.53,25167
2026-03-27T11:00:00+00:00,4500.53,4503.039999999999,4489.759999999999,4500.78,23293
2026-03-27T11:30:00+00:00,4500.78,4511.82,4499.119999999999,4505.44,18761
2026-03-27T12:00:00+00:00,4505.44,4520.039999999999,4497.94,4515.169999999999,28359
2026-03-27T12:30:00+00:00,4515.169999999999,4530.99,4510.119999999999,4523.599999999999,29188
2026-03-27T13:00:00+00:00,4523.599999999999,4529.53,4503.74,4507.719999999999,48473
2026-03-27T13:30:00+00:00,4507.719999999999,4527.32,4499.0199999999995,4516.389999999999,57174
2026-03-27T14:00:00+00:00,4516.389999999999,4555.7699999999995,4515.669999999999,4541.11,65153
2026-03-27T14:30:00+00:00,4541.11,4600.73,4537.159999999999,4595.07,63685
2026-03-27T15:00:00+00:00,4595.07,4640.969999999999,4587.159999999999,4629.07,73645
2026-03-27T15:30:00+00:00,4629.07,4637.999999999999,4605.879999999999,4609.8099999999995,71674
2026-03-27T16:00:00+00:00,4609.8099999999995,4619.28,4603.379999999999,4613.9,53772
2026-03-27T16:30:00+00:00,4613.9,4614.299999999999,4590.949999999999,4601.579999999999,51724
2026-03-27T17:00:00+00:00,4601.579999999999,4607.73,4572.5599999999995,4579.549999999999,53777
2026-03-27T17:30:00+00:00,4579.549999999999,4585.5199999999995,4572.03,4572.36,41811
2026-03-27T18:00:00+00:00,4572.36,4596.799999999999,4572.32,4594.719999999999,47085
2026-03-27T18:30:00+00:00,4594.719999999999,4614.03,4594.099999999999,4602.419999999999,34562
2026-03-27T19:00:00+00:00,4602.419999999999,4609.7699999999995,4592.539999999999,4608.799999999999,30147
2026-03-27T19:30:00+00:00,4608.799999999999,4612.07,4585.99,4599.619999999999,41174
2026-03-27T20:00:00+00:00,4599.619999999999,4605.999999999999,4589.499999999999,4592.15,11795
2026-03-27T20:30:00+00:00,4592.15,4598.209999999999,4584.039999999999,4591.159999999999,4372
2026-03-29T22:00:00+00:00,4591.159999999999,4607.129999999999,4572.669999999999,4603.32,40704.951518342146
2026-03-29T22:30:00+00:00,4603.32,4607.2699999999995,4574.379999999999,4578.669999999999,26047
2026-03-29T23:00:00+00:00,4578.669999999999,4586.69,4558.499999999999,4566.169999999999,28617
2026-03-29T23:30:00+00:00,4566.169999999999,4566.499999999999,4537.669999999999,4542.869999999999,47040
2026-03-30T00:00:00+00:00,4542.869999999999,4560.799999999999,4511.039999999999,4543.129999999999,70980
2026-03-30T00:30:00+00:00,4543.129999999999,4553.089999999999,4524.339999999999,4525.839999999999,50809
2026-03-30T01:00:00+00:00,4525.839999999999,4560.639999999999,4525.509999999999,4542.65,78992
2026-03-30T01:30:00+00:00,4542.65,4569.929999999999,4539.099999999999,4563.5599999999995,58110
2026-03-30T02:00:00+00:00,4563.5599999999995,4568.699999999999,4559.07,4566.73,36462
2026-03-30T02:30:00+00:00,4566.73,4593.489999999999,4552.659999999999,4575.32,51339
2026-03-30T03:00:00+00:00,4575.32,4611.489999999999,4572.749999999999,4600.949999999999,47540
2026-03-30T03:30:00+00:00,4600.949999999999,4601.749999999999,4588.389999999999,4589.909999999999,20957
2026-03-30T04:00:00+00:00,4589.909999999999,4592.739999999999,4580.829999999999,4584.449999999999,20893
2026-03-30T04:30:00+00:00,4584.449999999999,4592.739999999999,4580.249999999999,4591.0599999999995,17111
2026-03-30T05:00:00+00:00,4591.0599999999995,4609.759999999999,4590.749999999999,4599.5199999999995,24214
2026-03-30T05:30:00+00:00,4599.5199999999995,4622.48,4597.349999999999,4616.669999999999,41720
2026-03-30T06:00:00+00:00,4616.669999999999,4629.2699999999995,4610.98,4622.57,35744
2026-03-30T06:30:00+00:00,4622.57,4644.869999999999,4620.249999999999,4626.8099999999995,30182
2026-03-30T07:00:00+00:00,4626.8099999999995,4628.969999999999,4614.789999999999,4616.78,32395
2026-03-30T07:30:00+00:00,4616.78,4622.119999999999,4609.82,4621.239999999999,32823
2026-03-30T08:00:00+00:00,4621.239999999999,4631.049999999999,4619.039999999999,4622.929999999999,30914
2026-03-30T08:30:00+00:00,4622.929999999999,4634.53,4622.449999999999,4632.629999999999,17910
2026-03-30T09:00:00+00:00,4632.629999999999,4635.049999999999,4617.449999999999,4621.539999999999,28447
2026-03-30T09:30:00+00:00,4621.539999999999,4632.699999999999,4617.679999999999,4626.919999999999,28165
2026-03-30T10:00:00+00:00,4626.919999999999,4634.249999999999,4621.669999999999,4625.289999999999,20105
2026-03-30T10:30:00+00:00,4625.289999999999,4629.659999999999,4621.929999999999,4626.379999999999,16367
2026-03-30T11:00:00+00:00,4626.379999999999,4642.284999999999,4619.499999999999,4637.274999999999,34598.33625652206
2026-03-30T11:30:00+00:00,4637.274999999999,4674.844999999999,4632.474999999999,4653.444999999999,47525
2026-03-30T12:00:00+00:00,4653.444999999999,4662.284999999999,4639.1849999999995,4660.014999999999,33142
2026-03-30T12:30:00+00:00,4660.014999999999,4672.274999999999,4657.704999999999,4663.424999999999,31671
2026-03-30T13:00:00+00:00,4663.424999999999,4672.664999999999,4652.854999999999,4661.574999999999,45825
2026-03-30T13:30:00+00:00,4661.574999999999,4667.964999999999,4610.584999999999,4617.6849999999995,107181
2026-03-30T14:00:00+00:00,4617.6849999999995,4630.174999999999,4606.364999999999,4612.974999999999,87993
2026-03-30T14:30:00+00:00,4612.974999999999,4635.514999999999,4611.224999999999,4632.834999999999,85701
2026-03-30T15:00:00+00:00,4632.834999999999,4637.484999999999,4618.844999999999,4625.6449999999995,59614
2026-03-30T15:30:00+00:00,4625.6449999999995,4650.964999999999,4621.624999999999,4642.194999999999,43705
2026-03-30T16:00:00+00:00,4642.194999999999,4643.734999999999,4630.824999999999,4631.034999999999,37961
2026-03-30T16:30:00+00:00,4631.034999999999,4642.864999999999,4625.9349999999995,4634.034999999999,30967
2026-03-30T17:00:00+00:00,4634.034999999999,4636.374999999999,4613.334999999999,4621.624999999999,38524
2026-03-30T17:30:00+00:00,4621.624999999999,4622.944999999999,4605.594999999999,4609.014999999999,43501
2026-03-30T18:00:00+00:00,4609.014999999999,4617.334999999999,4605.634999999999,4607.764999999999,32733
2026-03-30T18:30:00+00:00,4607.764999999999,4613.614999999999,4592.3949999999995,4593.044999999999,27872
2026-03-30T19:00:00+00:00,4593.044999999999,4599.114999999999,4587.284999999999,4595.694999999999,48294
2026-03-30T19:30:00+00:00,4595.694999999999,4612.484999999999,4592.154999999999,4607.524999999999,42641
2026-03-30T20:00:00+00:00,4607.524999999999,4610.464999999999,4595.994999999999,4600.234999999999,11274
2026-03-30T20:30:00+00:00,4600.234999999999,4605.564999999999,4595.024999999999,4605.264999999999,7372
2026-03-30T22:00:00+00:00,4605.264999999999,4618.035,4596.3949999999995,4609.125,14133.892872288094
2026-03-30T22:30:00+00:00,4609.125,4613.355,4602.6449999999995,4605.094999999999,7909
2026-03-30T23:00:00+00:00,4605.094999999999,4605.094999999999,4587.134999999999,4600.115,21386
2026-03-30T23:30:00+00:00,4600.115,4616.125,4598.535,4608.195,16835
2026-03-31T00:00:00+00:00,4608.195,4623.165,4576.955,4606.575,44260
2026-03-31T00:30:00+00:00,4606.575,4642.605,4600.724999999999,4642.1449999999995,55024
2026-03-31T01:00:00+00:00,4642.1449999999995,4680.615,4626.545,4675.924999999999,58542
2026-03-31T01:30:00+00:00,4675.924999999999,4713.855,4671.905,4699.4349999999995,63567
2026-03-31T02:00:00+00:00,4699.4349999999995,4701.674999999999,4673.045,4677.085,39499
2026-03-31T02:30:00+00:00,4677.085,4683.115,4660.005,4662.315,36893
2026-03-31T03:00:00+00:00,4662.315,4671.505,4650.264999999999,4656.105,30659
2026-03-31T03:30:00+00:00,4656.105,4660.415,4644.714999999999,4651.6449999999995,16820
2026-03-31T04:00:00+00:00,4651.6449999999995,4663.974999999999,4651.514999999999,4655.915,16072
2026-03-31T04:30:00+00:00,4655.915,4664.075,4654.554999999999,4659.224999999999,12365
2026-03-31T05:00:00+00:00,4659.224999999999,4665.505,4642.094999999999,4655.6849999999995,18847
2026-03-31T05:30:00+00:00,4655.6849999999995,4676.535,4652.9349999999995,4663.335,31588
2026-03-31T06:00:00+00:00,4663.335,4663.594999999999,4647.605,4654.964999999999,33175
2026-03-31T06:30:00+00:00,4654.964999999999,4660.424999999999,4648.735,4651.735,25828
2026-03-31T07:00:00+00:00,4651.735,4658.705,4637.815,4646.924999999999,31622
2026-03-31T07:30:00+00:00,4646.924999999999,4660.605,4646.594999999999,4659.275,23255
2026-03-31T08:00:00+00:00,4659.275,4668.235,4655.094999999999,4667.025,29384
2026-03-31T08:30:00+00:00,4667.025,4670.054999999999,4661.615,4663.355,22033
2026-03-31T09:00:00+00:00,4663.355,4667.224999999999,4655.755,4657.085,22007
2026-03-31T09:30:00+00:00,4657.085,4657.285,4644.924999999999,4650.295,30889
2026-03-31T10:00:00+00:00,4650.295,4656.634999999999,4649.915,4655.1849999999995,20149
2026-03-31T10:30:00+00:00,4655.1849999999995,4655.505,4623.8949999999995,4641.605,33853
2026-03-31T11:00:00+00:00,4641.605,4677.955,4635.855,4669.955,61010
2026-03-31T11:30:00+00:00,4669.955,4688.045,4663.514999999999,4677.045,45214
2026-03-31T12:00:00+00:00,4677.045,4692.375,4665.855,4674.094999999999,60122
2026-03-31T12:30:00+00:00,4674.094999999999,4684.825,4663.6449999999995,4669.405,38629
2026-03-31T13:00:00+00:00,4669.405,4682.695,4662.214999999999,4667.785,43449
2026-03-31T13:30:00+00:00,4667.785,4704.3949999999995,4662.764999999999,4701.705,72155
2026-03-31T14:00:00+00:00,4701.705,4719.6449999999995,4697.3949999999995,4713.714999999999,87126
2026-03-31T14:30:00+00:00,4713.714999999999,4724.714999999999,4689.585,4693.955,86005
2026-03-31T15:00:00+00:00,4693.955,4720.174999999999,4693.8949999999995,4704.974999999999,62527
2026-03-31T15:30:00+00:00,4704.974999999999,4718.384999999999,4701.804999999999,4704.075,47475
2026-03-31T16:00:00+00:00,4704.075,4714.905,4701.764999999999,4712.495,37864
2026-03-31T16:30:00+00:00,4712.495,4746.255,4709.615,4733.025,106383
2026-03-31T17:00:00+00:00,4733.025,4752.655,4730.795,4743.224999999999,72212
2026-03-31T17:30:00+00:00,4743.224999999999,4762.115,4740.075,4749.155,62949
2026-03-31T18:00:00+00:00,4749.155,4763.585,4748.075,4758.855,40262
2026-03-31T18:30:00+00:00,4758.855,4765.815,4754.665,4762.195,32848
2026-03-31T19:00:00+00:00,4762.195,4775.424999999999,4756.554999999999,4767.625,34542
2026-03-31T19:30:00+00:00,4767.625,4780.585,4767.115,4777.724999999999,34305
2026-03-31T20:00:00+00:00,4777.724999999999,4782.065,4763.415,4764.045,14151
2026-03-31T20:30:00+00:00,4764.045,4770.315,4759.464999999999,4763.514999999999,9996
2026-03-31T22:00:00+00:00,4763.514999999999,4791.305,4762.595,4779.105,19122.03982789543
2026-03-31T22:30:00+00:00,4779.105,4801.255,4766.315,4785.375,28340
2026-03-31T23:00:00+00:00,4785.375,4789.655,4776.105,4786.745,16813
2026-03-31T23:30:00+00:00,4786.745,4804.655,4786.215,4800.845,19223
2026-04-01T00:00:00+00:00,4800.845,4826.6449999999995,4797.855,4826.285,34271
2026-04-01T00:30:00+00:00,4826.285,4827.1449999999995,4804.325,4815.255,25002
2026-04-01T01:00:00+00:00,4815.255,4828.724999999999,4793.9349999999995,4812.705,52235
2026-04-01T01:30:00+00:00,4812.705,4812.974999999999,4785.785,4797.305,36057
2026-04-01T02:00:00+00:00,4797.305,4805.255,4787.795,4791.575,23774
2026-04-01T02:30:00+00:00,4791.575,4795.275,4782.445,4789.1449999999995,21194
2026-04-01T03:00:00+00:00,4789.1449999999995,4798.985,4787.025,4791.575,14355
2026-04-01T03:30:00+00:00,4791.575,4793.675,4784.255,4786.455,10762
2026-04-01T04:00:00+00:00,4786.455,4786.595,4771.615,4776.885,12637
2026-04-01T04:30:00+00:00,4776.885,4786.295,4773.845,4781.035,9439
2026-04-01T05:00:00+00:00,4781.035,4794.625,4779.245,4791.224999999999,13365
2026-04-01T05:30:00+00:00,4791.224999999999,4808.355,4788.474999999999,4789.295,20533
2026-04-01T06:00:00+00:00,4789.295,4816.295,4787.065,4813.9349999999995,25715
2026-04-01T06:30:00+00:00,4813.9349999999995,4837.845,4806.555,4835.125,32472
2026-04-01T07:00:00+00:00,4835.125,4837.545,4817.455,4827.885,33042
2026-04-01T07:30:00+00:00,4827.885,4852.474999999999,4814.075,4817.845,41002
2026-04-01T08:00:00+00:00,4817.845,4840.775,4814.805,4835.445,35063
2026-04-01T08:30:00+00:00,4835.445,4845.195,4830.855,4833.025,26018
2026-04-01T09:00:00+00:00,4833.025,4834.915,4818.405,4824.335,22427
2026-04-01T09:30:00+00:00,4824.335,4832.575,4817.485,4827.905,23473
2026-04-01T10:00:00+00:00,4827.905,4834.055,4819.985,4833.224999999999,18826
2026-04-01T10:30:00+00:00,4833.224999999999,4843.565,4830.695,4835.945,17453
2026-04-01T11:00:00+00:00,4835.945,4851.165,4832.615,4849.875,17591
2026-04-01T11:30:00+00:00,4849.875,4867.745,4849.535,4857.175,27676
2026-04-01T12:00:00+00:00,4857.175,4858.514999999999,4829.1849999999995,4839.1449999999995,30007
2026-04-01T12:30:00+00:00,4839.1449999999995,4857.945,4829.085,4829.505,61634
2026-04-01T13:00:00+00:00,4829.505,4847.035,4820.9349999999995,4840.985,48691
2026-04-01T13:30:00+00:00,4840.985,4854.375,4835.465,4842.065,77220
2026-04-01T14:00:00+00:00,4842.065,4859.575,4828.555,4846.915,79996
2026-04-01T14:30:00+00:00,4846.915,4873.675,4839.715,4865.405,63253
2026-04-01T15:00:00+00:00,4865.405,4881.115,4863.045,4877.724999999999,44170
2026-04-01T15:30:00+00:00,4877.724999999999,4892.865,4874.675,4891.365,35518
2026-04-01T16:00:00+00:00,4891.365,4895.605,4879.135,4881.245,32504
2026-04-01T16:30:00+00:00,4881.245,4893.545,4879.955,4891.925,18204
2026-04-01T17:00:00+00:00,4891.925,4897.735,4887.065,4889.915,21549
2026-04-01T17:30:00+00:00,4889.915,4891.005,4878.495,4879.075,20875
2026-04-01T18:00:00+00:00,4879.075,4879.965,4857.875,4858.815,51171
2026-04-01T18:30:00+00:00,4858.815,4870.6449999999995,4846.545,4857.635,53563
2026-04-01T19:00:00+00:00,4857.635,4874.165,4855.715,4869.974999999999,32574
2026-04-01T19:30:00+00:00,4869.974999999999,4883.135,4862.474999999999,4870.875,30623
2026-04-01T20:00:00+00:00,4870.875,4875.945,4865.495,4867.045,10272
2026-04-01T20:30:00+00:00,4867.045,4868.565,4858.485,4862.965,7900
2026-04-01T22:00:00+00:00,4760.19,4777.58,4755.78,4775.21,6476.02566941816
2026-04-01T22:30:00+00:00,4775.21,4785.1900000000005,4772.88,4778.650000000001,11275
2026-04-01T23:00:00+00:00,4778.650000000001,4801.37,4775.67,4797.3,13911
2026-04-01T23:30:00+00:00,4797.3,4803.05,4780.42,4786.1900000000005,12812
2026-04-02T00:00:00+00:00,4786.1900000000005,4801.03,4777.31,4791.84,21387
2026-04-02T00:30:00+00:00,4791.84,4798.7,4785.62,4786.6900000000005,21515
2026-04-02T01:00:00+00:00,4786.6900000000005,4788.04,4689.05,4698.21,105765
2026-04-02T01:30:00+00:00,4698.21,4714.13,4651.33,4697.9400000000005,85784
2026-04-02T02:00:00+00:00,4697.9400000000005,4706.43,4680.88,4691.96,52157
2026-04-02T02:30:00+00:00,4691.96,4693.29,4657.9400000000005,4689.33,51307
2026-04-02T03:00:00+00:00,4689.33,4701.820000000001,4680.14,4694.18,26889
2026-04-02T03:30:00+00:00,4694.18,4695.27,4677.88,4678.93,17027
2026-04-02T04:00:00+00:00,4678.93,4684.25,4664.9800000000005,4668.62,20729
2026-04-02T04:30:00+00:00,4668.62,4675.47,4659.27,4674.7,17005
2026-04-02T05:00:00+00:00,4674.7,4682.97,4668.46,4679.650000000001,15453
2026-04-02T05:30:00+00:00,4679.650000000001,4681.66,4587.92,4596.4800000000005,70161
2026-04-02T06:00:00+00:00,4596.4800000000005,4601.24,4555.91,4593.43,66135
2026-04-02T06:30:00+00:00,4593.43,4611.27,4583.7300000000005,4601.06,43900
2026-04-02T07:00:00+00:00,4601.06,4629.96,4599.35,4623.18,33784
2026-04-02T07:30:00+00:00,4623.18,4653.84,4621.58,4644.87,28929
2026-04-02T08:00:00+00:00,4644.87,4651.09,4631.04,4636.64,35010
2026-04-02T08:30:00+00:00,4636.64,4646.41,4618.87,4623.38,29164
2026-04-02T09:00:00+00:00,4623.38,4634.56,4615.320000000001,4623.58,26062
2026-04-02T09:30:00+00:00,4623.58,4630.91,4617.7300000000005,4623.860000000001,19457
2026-04-02T10:00:00+00:00,4623.860000000001,4637.570000000001,4605.9800000000005,4620.8,21761
2026-04-02T10:30:00+00:00,4620.8,4634.17,4615.68,4622.74,22006
2026-04-02T11:00:00+00:00,4622.74,4633.2,4616.4400000000005,4617.26,31082
2026-04-02T11:30:00+00:00,4617.26,4620.24,4594.81,4602.45,40506
2026-04-02T12:00:00+00:00,4602.45,4632.59,4596.71,4627.900000000001,44899
2026-04-02T12:30:00+00:00,4627.900000000001,4629.14,4602.51,4604.4400000000005,40293
2026-04-02T13:00:00+00:00,4604.4400000000005,4616.35,4582.88,4599.85,87684
2026-04-02T13:30:00+00:00,4599.85,4653.92,4588.110000000001,4648.7300000000005,119666
2026-04-02T14:00:00+00:00,4648.7300000000005,4678.47,4633.8,4667.320000000001,98907
2026-04-02T14:30:00+00:00,4667.320000000001,4702.18,4661.45,4683.77,134419
2026-04-02T15:00:00+00:00,4683.77,4686.610000000001,4660.32,4674.92,98498.74780979952
2026-04-02T15:30:00+00:00,4674.92,4678.36,4654.91,4663.26,71545
2026-04-02T16:00:00+00:00,4663.26,4671.11,4645.11,4653.08,58061
2026-04-02T16:30:00+00:00,4653.08,4673.23,4652.58,4661.69,54191
2026-04-02T17:00:00+00:00,4661.69,4671,4653.55,4654.65,44309
2026-04-02T17:30:00+00:00,4654.65,4661.15,4648.24,4651.3,44326
2026-04-02T18:00:00+00:00,4651.3,4661.4,4649.92,4654.12,36747
2026-04-02T18:30:00+00:00,4654.12,4674.68,4654,4671.04,29016
2026-04-02T19:00:00+00:00,4671.04,4684.38,4666.44,4667.45,36051
2026-04-02T19:30:00+00:00,4667.45,4679.2,4663.8,4674.66,27410
2026-04-02T20:00:00+00:00,4674.66,4679.42,4666.72,4670.3,10072
2026-04-02T20:30:00+00:00,4670.3,4680.2,4668.93,4678.87,8420
2026-04-03T14:30:00+00:00,4676.33,4676.33,4672.02,4672.02,3
2026-04-03T15:00:00+00:00,4672.02,4673.62,4671.99,4672.12,50
2026-04-05T22:00:00+00:00,4672.12,4673.48,4595.4400000000005,4618.150000000001,29745.345502151864
2026-04-05T22:30:00+00:00,4618.150000000001,4636.22,4589.8,4627.8,32892
2026-04-05T23:00:00+00:00,4627.8,4633.2300000000005,4591.01,4591.4800000000005,23674
2026-04-05T23:30:00+00:00,4591.4800000000005,4601.97,4586.89,4592.42,20641
2026-04-06T00:00:00+00:00,4592.42,4611.27,4582.410000000001,4585.34,42158
2026-04-06T00:30:00+00:00,4585.34,4608.26,4584.88,4604.410000000001,25631
2026-04-06T01:00:00+00:00,4604.410000000001,4625.030000000001,4602.540000000001,4623.040000000001,23959
2026-04-06T01:30:00+00:00,4623.040000000001,4623.27,4603.4800000000005,4607.77,20248
2026-04-06T02:00:00+00:00,4607.77,4653.71,4605.64,4643.14,30841
2026-04-06T02:30:00+00:00,4643.14,4648.290000000001,4626.290000000001,4629.860000000001,21010
2026-04-06T03:00:00+00:00,4629.860000000001,4630.080000000001,4607.26,4612.39,22467
2026-04-06T03:30:00+00:00,4612.39,4623.860000000001,4607.4400000000005,4622.5,13887
2026-04-06T04:00:00+00:00,4622.5,4630.620000000001,4621.780000000001,4628.76,9785
2026-04-06T04:30:00+00:00,4628.76,4642.26,4624.85,4640.790000000001,7897
2026-04-06T05:00:00+00:00,4640.790000000001,4660.88,4639.76,4649.290000000001,12383
2026-04-06T05:30:00+00:00,4649.290000000001,4651,4633.4800000000005,4634.910000000001,10409
2026-04-06T06:00:00+00:00,4634.910000000001,4644.160000000001,4625.410000000001,4639.120000000001,13267
2026-04-06T06:30:00+00:00,4639.120000000001,4649.76,4633.8,4647.950000000001,16118
2026-04-06T07:00:00+00:00,4647.950000000001,4648.9400000000005,4626.790000000001,4632.860000000001,16868
2026-04-06T07:30:00+00:00,4632.860000000001,4670.8,4632.17,4666.68,19251
2026-04-06T08:00:00+00:00,4666.68,4677.790000000001,4662.4400000000005,4672.97,21194
2026-04-06T08:30:00+00:00,4672.97,4680.450000000001,4671.650000000001,4677.97,14025
2026-04-06T09:00:00+00:00,4677.97,4685.97,4677.97,4684.84,19710
2026-04-06T09:30:00+00:00,4684.84,4688.9800000000005,4672.8,4675.910000000001,21239
2026-04-06T10:00:00+00:00,4675.910000000001,4679.92,4667.92,4672.110000000001,19430
2026-04-06T10:30:00+00:00,4672.110000000001,4679.040000000001,4665.96,4671.85,22379
2026-04-06T11:00:00+00:00,4671.85,4679.02,4667.64,4670.64,19408
2026-04-06T11:30:00+00:00,4670.64,4676.72,4659.21,4659.93,16355
2026-04-06T12:00:00+00:00,4659.93,4669.05,4641.910000000001,4648.290000000001,24992
2026-04-06T12:30:00+00:00,4648.290000000001,4663.450000000001,4647.85,4658.280000000001,21489
2026-04-06T13:00:00+00:00,4658.280000000001,4659.84,4641.6900000000005,4650.900000000001,29006
2026-04-06T13:30:00+00:00,4650.900000000001,4663.68,4642.92,4661.67,67786
2026-04-06T14:00:00+00:00,4661.67,4672.780000000001,4641.990000000001,4668.01,54860
2026-04-06T14:30:00+00:00,4668.01,4679.93,4657.18,4664.75,57209
2026-04-06T15:00:00+00:00,4664.75,4666.2300000000005,4637.290000000001,4649.68,37756
2026-04-06T15:30:00+00:00,4649.68,4653.320000000001,4633.85,4650.110000000001,23671
2026-04-06T16:00:00+00:00,4650.110000000001,4654.81,4644.31,4647.55,16076
2026-04-06T16:30:00+00:00,4647.55,4653.400000000001,4639.950000000001,4642.63,17824
2026-04-06T17:00:00+00:00,4642.63,4643.280000000001,4627.660000000001,4638.13,32320
2026-04-06T17:30:00+00:00,4638.13,4642.81,4633.6900000000005,4635.64,16542
2026-04-06T18:00:00+00:00,4635.64,4648.660000000001,4632.820000000001,4642.110000000001,24928
2026-04-06T18:30:00+00:00,4642.110000000001,4645.59,4631.13,4640.52,16915
2026-04-06T19:00:00+00:00,4640.52,4641.85,4627.68,4632.450000000001,10806
2026-04-06T19:30:00+00:00,4632.450000000001,4640.55,4630.7300000000005,4637.89,9230
2026-04-06T20:00:00+00:00,4637.89,4640.070000000001,4634.09,4638.2300000000005,4320
2026-04-06T20:30:00+00:00,4638.2300000000005,4640.52,4630.280000000001,4631.35,5439
2026-04-06T22:00:00+00:00,4631.35,4657.3,4629.92,4651.76,11870.166464343827
2026-04-06T22:30:00+00:00,4651.76,4652.53,4646.03,4647.83,4217
2026-04-06T23:00:00+00:00,4647.83,4651.09,4642.4800000000005,4643.76,4226
2026-04-06T23:30:00+00:00,4643.76,4649.83,4640.83,4648.25,4869
2026-04-07T00:00:00+00:00,4648.25,4650.84,4638.56,4648.42,17027
2026-04-07T00:30:00+00:00,4648.42,4651.12,4643.82,4644.21,8541
2026-04-07T01:00:00+00:00,4644.21,4654.15,4616.43,4644.1,56431
2026-04-07T01:30:00+00:00,4644.1,4652.36,4605.41,4616.3,48755
2026-04-07T02:00:00+00:00,4616.3,4624.89,4609.31,4623.72,21355
2026-04-07T02:30:00+00:00,4623.72,4643.34,4622.94,4639.76,16994
2026-04-07T03:00:00+00:00,4639.76,4643.72,4628.97,4632.08,16233
2026-04-07T03:30:00+00:00,4632.08,4640.81,4631.55,4639.3,6000
2026-04-07T04:00:00+00:00,4639.3,4641.09,4634.97,4639.42,6133
2026-04-07T04:30:00+00:00,4639.42,4653.91,4639.05,4649.6,8504
2026-04-07T05:00:00+00:00,4649.6,4651.27,4619.87,4622.03,10531
2026-04-07T05:30:00+00:00,4622.03,4636.33,4612.4800000000005,4632.64,31792
2026-04-07T06:00:00+00:00,4632.64,4638.88,4627.2,4630.2300000000005,24165
2026-04-07T06:30:00+00:00,4630.2300000000005,4646.32,4630.2,4642.67,15179
2026-04-07T07:00:00+00:00,4642.67,4646.63,4628.25,4629.49,19215
2026-04-07T07:30:00+00:00,4629.49,4636.83,4626.08,4635.4,17594
2026-04-07T08:00:00+00:00,4635.4,4680.68,4633.75,4668.09,53224
2026-04-07T08:30:00+00:00,4668.09,4677.47,4666.26,4672.56,32141
2026-04-07T09:00:00+00:00,4672.56,4684.22,4670.43,4676.01,25188
2026-04-07T09:30:00+00:00,4676.01,4676.55,4648.21,4660.17,27654
2026-04-07T10:00:00+00:00,4660.17,4670.14,4647.27,4657.46,39047
2026-04-07T10:30:00+00:00,4657.46,4661.4,4638.7300000000005,4641.5,32535
2026-04-07T11:00:00+00:00,4641.5,4646.06,4618.14,4637.34,27391
2026-04-07T11:30:00+00:00,4637.34,4653.5,4636.39,4649.38,18135
2026-04-07T12:00:00+00:00,4649.38,4660.5,4640.59,4655.39,31885
2026-04-07T12:30:00+00:00,4655.39,4656.89,4636.3,4640.75,24915
2026-04-07T13:00:00+00:00,4640.75,4652.7,4637.6,4647.71,38885
2026-04-07T13:30:00+00:00,4647.71,4652.81,4625.11,4633.79,79610
2026-04-07T14:00:00+00:00,4633.79,4639.11,4596.81,4635.16,83870
2026-04-07T14:30:00+00:00,4635.16,4651.4,4619.43,4622.89,53829
2026-04-07T15:00:00+00:00,4622.89,4643.05,4614.42,4642.75,55044
2026-04-07T15:30:00+00:00,4642.75,4649.02,4629.89,4645.27,36297
2026-04-07T16:00:00+00:00,4645.27,4658.22,4642.05,4652.45,49247
2026-04-07T16:30:00+00:00,4652.45,4654,4645.56,4646.7,25848
2026-04-07T17:00:00+00:00,4646.7,4663.03,4643.42,4649.68,25386
2026-04-07T17:30:00+00:00,4649.68,4676.44,4649.67,4665.53,29215
2026-04-07T18:00:00+00:00,4665.53,4675.7,4665.33,4670.05,21861
2026-04-07T18:30:00+00:00,4670.05,4675.89,4647.07,4651.91,26305
2026-04-07T19:00:00+00:00,4651.91,4692.45,4650,4677.04,129533
2026-04-07T19:30:00+00:00,4677.04,4708.22,4671.06,4690.49,66423
2026-04-07T20:00:00+00:00,4690.49,4702.64,4686.61,4701.06,25942
2026-04-07T20:30:00+00:00,4701.06,4706.47,4692.81,4695.95,21843
2026-04-07T22:00:00+00:00,4695.95,4767.41,4695.17,4751.29,27881.82109814248
2026-04-07T22:30:00+00:00,4751.29,4835.46,4727.81,4833.84,70012
2026-04-07T23:00:00+00:00,4833.84,4844.6900000000005,4816.96,4830.96,54857
2026-04-07T23:30:00+00:00,4830.96,4852.34,4820.070000000001,4848.75,34144
2026-04-08T00:00:00+00:00,4848.75,4874.34,4834.46,4838.5,61978
2026-04-08T00:30:00+00:00,4838.5,4842.820000000001,4824.59,4833.26,30190
2026-04-08T01:00:00+00:00,4833.26,4840.71,4807.610000000001,4809.35,61616
2026-04-08T01:30:00+00:00,4809.35,4830.26,4803.740000000001,4826.030000000001,34362
2026-04-08T02:00:00+00:00,4826.030000000001,4841.1,4823.820000000001,4827.3,16232
2026-04-08T02:30:00+00:00,4827.3,4836.77,4814.25,4819.58,19888
2026-04-08T03:00:00+00:00,4819.58,4821.97,4812.31,4818.8,18068
2026-04-08T03:30:00+00:00,4818.8,4821.04,4810.63,4813.650000000001,12087
2026-04-08T04:00:00+00:00,4813.650000000001,4820.1900000000005,4806.3,4818.31,14838
2026-04-08T04:30:00+00:00,4818.31,4822.780000000001,4813.46,4819.54,10284
2026-04-08T05:00:00+00:00,4819.54,4832.4400000000005,4816.33,4831.77,12488
2026-04-08T05:30:00+00:00,4831.77,4860.13,4829.320000000001,4843.54,24424
2026-04-08T06:00:00+00:00,4843.54,4852.67,4836.91,4852.47,25469
2026-04-08T06:30:00+00:00,4852.47,4855.96,4835.67,4835.79,24626
2026-04-08T07:00:00+00:00,4835.79,4837.29,4824.91,4834.34,23711
2026-04-08T07:30:00+00:00,4834.34,4836.29,4820.76,4828.990000000001,15599
2026-04-08T08:00:00+00:00,4828.990000000001,4835.76,4814.150000000001,4824.25,17894
2026-04-08T08:30:00+00:00,4824.25,4824.6,4805.860000000001,4809.81,21639
2026-04-08T09:00:00+00:00,4809.81,4822.83,4808.88,4814.41,14594
2026-04-08T09:30:00+00:00,4814.41,4819.570000000001,4791.88,4799.21,26829
2026-04-08T10:00:00+00:00,4799.21,4806.110000000001,4786.72,4798.79,19931
2026-04-08T10:30:00+00:00,4798.79,4812.200000000001,4795.9800000000005,4798.5,15813
2026-04-08T11:00:00+00:00,4798.5,4812.990000000001,4795.33,4805.54,22919
2026-04-08T11:30:00+00:00,4805.54,4818.77,4793.490000000001,4814.22,27183
2026-04-08T12:00:00+00:00,4814.22,4823.13,4783.6900000000005,4800.01,52140
2026-04-08T12:30:00+00:00,4800.01,4818.56,4799.42,4815.33,34183
2026-04-08T13:00:00+00:00,4815.33,4822.58,4804.780000000001,4806.5,34290
2026-04-08T13:30:00+00:00,4806.5,4810.83,4783.6900000000005,4793.150000000001,78174
2026-04-08T14:00:00+00:00,4793.150000000001,4807.88,4776.570000000001,4783.56,73938
2026-04-08T14:30:00+00:00,4783.56,4786.110000000001,4747.950000000001,4752.1900000000005,76585
2026-04-08T15:00:00+00:00,4752.1900000000005,4773.66,4749.77,4766.85,52107
2026-04-08T15:30:00+00:00,4766.85,4779.16,4766.33,4772.38,28137
2026-04-08T16:00:00+00:00,4772.38,4778.6,4761.1900000000005,4766.1,28503
2026-04-08T16:30:00+00:00,4766.1,4781.55,4763.83,4776.38,20631
2026-04-08T17:00:00+00:00,4776.38,4780.360000000001,4761.39,4767.01,24990
2026-04-08T17:30:00+00:00,4767.01,4770.46,4747.02,4749.59,29052
2026-04-08T18:00:00+00:00,4749.59,4760.490000000001,4732.21,4738.34,54659
2026-04-08T18:30:00+00:00,4738.34,4741.06,4719.22,4720.92,43775
2026-04-08T19:00:00+00:00,4720.92,4734.6,4714.41,4724.34,38803
2026-04-08T19:30:00+00:00,4724.34,4747.85,4723.75,4746.490000000001,25571
2026-04-08T20:00:00+00:00,4746.490000000001,4748.27,4737.46,4739.06,10044
2026-04-08T20:30:00+00:00,4739.06,4740.200000000001,4732.66,4736.42,6865
2026-04-08T22:00:00+00:00,4736.42,4753.1,4724.150000000001,4733.610000000001,14658.324377469795
2026-04-08T22:30:00+00:00,4733.610000000001,4740.25,4725.490000000001,4737.33,9507
2026-04-08T23:00:00+00:00,4737.33,4737.660000000001,4725.1849999999995,4730.025,11082.082532239156
2026-04-08T23:30:00+00:00,4730.025,4740.045,4726.955,4735.4349999999995,7655
2026-04-09T00:00:00+00:00,4735.4349999999995,4735.8949999999995,4718.585,4726.405,20414
2026-04-09T00:30:00+00:00,4726.405,4739.075,4725.405,4726.835,15726
2026-04-09T01:00:00+00:00,4726.835,4743.835,4719.514999999999,4724.905,37307
2026-04-09T01:30:00+00:00,4724.905,4748.525,4723.755,4747.304999999999,19102
2026-04-09T02:00:00+00:00,4747.304999999999,4749.1849999999995,4740.825,4745.865,12530
2026-04-09T02:30:00+00:00,4745.865,4753.205,4737.304999999999,4739.255,12902
2026-04-09T03:00:00+00:00,4739.255,4740.474999999999,4725.065,4732.804999999999,14951
2026-04-09T03:30:00+00:00,4732.804999999999,4735.214999999999,4726.325,4731.815,9056
2026-04-09T04:00:00+00:00,4731.815,4743.405,4729.625,4737.105,7007
2026-04-09T04:30:00+00:00,4737.105,4745.705,4734.275,4740.655,6922
2026-04-09T05:00:00+00:00,4740.655,4746.815,4730.634999999999,4746.344999999999,10090
2026-04-09T05:30:00+00:00,4746.344999999999,4746.9349999999995,4725.545,4733.625,18306
2026-04-09T06:00:00+00:00,4733.625,4745.295,4731.455,4738.835,18441
2026-04-09T06:30:00+00:00,4738.835,4742.955,4723.285,4732.924999999999,18806
2026-04-09T07:00:00+00:00,4732.924999999999,4750.575,4725.745,4728.775,28846
2026-04-09T07:30:00+00:00,4728.775,4751.714999999999,4728.775,4744.464999999999,33665
2026-04-09T08:00:00+00:00,4744.464999999999,4748.065,4740.035,4741.424999999999,18511
2026-04-09T08:30:00+00:00,4741.424999999999,4753.865,4740.245,4746.464999999999,15038
2026-04-09T09:00:00+00:00,4746.464999999999,4753.605,4742.795,4750.045,15884
2026-04-09T09:30:00+00:00,4750.045,4752.835,4743.8949999999995,4749.4349999999995,16023
2026-04-09T10:00:00+00:00,4749.4349999999995,4760.085,4743.795,4758.035,16164
2026-04-09T10:30:00+00:00,4758.035,4766.985,4756.365,4761.245,15329
2026-04-09T11:00:00+00:00,4761.245,4767.724999999999,4758.424999999999,4765.9349999999995,13493
2026-04-09T11:30:00+00:00,4765.9349999999995,4777.995,4762.985,4776.735,16875
2026-04-09T12:00:00+00:00,4776.735,4779.825,4754.835,4757.554999999999,22478
2026-04-09T12:30:00+00:00,4757.554999999999,4768.4349999999995,4755.075,4766.174999999999,25875
2026-04-09T13:00:00+00:00,4766.174999999999,4778.8949999999995,4758.634999999999,4772.915,37286
2026-04-09T13:30:00+00:00,4772.915,4797.424999999999,4770.505,4784.525,65538
2026-04-09T14:00:00+00:00,4784.525,4796.455,4779.985,4785.804999999999,57912
2026-04-09T14:30:00+00:00,4785.804999999999,4789.195,4767.174999999999,4788.735,51172
2026-04-09T15:00:00+00:00,4788.735,4806.825,4781.304999999999,4799.1449999999995,49084
2026-04-09T15:30:00+00:00,4799.1449999999995,4818.335,4798.445,4813.115,61000
2026-04-09T16:00:00+00:00,4813.115,4821.224999999999,4807.665,4813.075,38677
2026-04-09T16:30:00+00:00,4813.075,4815.594999999999,4804.474999999999,4809.025,28128
2026-04-09T17:00:00+00:00,4809.025,4818.554999999999,4806.785,4813.165,25975
2026-04-09T17:30:00+00:00,4813.165,4821.585,4807.785,4817.915,25500
2026-04-09T18:00:00+00:00,4817.915,4818.205,4797.9349999999995,4802.275,44024
2026-04-09T18:30:00+00:00,4802.275,4802.554999999999,4787.785,4792.384999999999,34132
2026-04-09T19:00:00+00:00,4792.384999999999,4802.915,4789.195,4793.9349999999995,28817
2026-04-09T19:30:00+00:00,4793.9349999999995,4798.365,4786.525,4789.045,34313
2026-04-09T20:00:00+00:00,4789.045,4793.585,4786.165,4789.974999999999,7321
2026-04-09T20:30:00+00:00,4789.974999999999,4791.6849999999995,4780.835,4786.085,7677
2026-04-09T22:00:00+00:00,4786.085,4806.655,4786.025,4792.875,9402.51240846929
2026-04-09T22:30:00+00:00,4792.875,4796.095,4786.915,4792.875,6676
2026-04-09T23:00:00+00:00,4792.875,4792.925,4785.1849999999995,4786.805,5098
2026-04-09T23:30:00+00:00,4786.805,4792.885,4786.525,4792.195,5102
2026-04-10T00:00:00+00:00,4792.195,4792.4349999999995,4778.715,4782.255,15053
2026-04-10T00:30:00+00:00,4782.255,4791.585,4781.945,4791.045,8683
2026-04-10T01:00:00+00:00,4791.045,4795.835,4786.305,4791.165,19266
2026-04-10T01:30:00+00:00,4791.165,4805.625,4788.665,4792.595,17968
2026-04-10T02:00:00+00:00,4792.595,4793.925,4770.335,4773.1449999999995,18340
2026-04-10T02:30:00+00:00,4773.1449999999995,4782.125,4766.125,4781.575,17803
2026-04-10T03:00:00+00:00,4781.575,4790.4349999999995,4781.205,4784.465,12768
2026-04-10T03:30:00+00:00,4784.465,4797.885,4783.965,4794.885,8735
2026-04-10T04:00:00+00:00,4794.885,4799.295,4792.825,4793.865,5388
2026-04-10T04:30:00+00:00,4793.865,4794.224999999999,4786.215,4786.715,6359
2026-04-10T05:00:00+00:00,4786.715,4792.525,4785.474999999999,4788.535,7474
2026-04-10T05:30:00+00:00,4788.535,4797.755,4787.445,4793.965,13937
2026-04-10T06:00:00+00:00,4793.965,4794.015,4779.795,4783.875,15635
2026-04-10T06:30:00+00:00,4783.875,4787.165,4770.945,4774.245,16583
2026-04-10T07:00:00+00:00,4774.245,4784.6449999999995,4769.3949999999995,4782.115,15842
2026-04-10T07:30:00+00:00,4782.115,4786.095,4776.675,4778.1849999999995,11913
2026-04-10T08:00:00+00:00,4778.1849999999995,4781.835,4770.775,4775.245,17726
2026-04-10T08:30:00+00:00,4775.245,4780.665,4758.945,4769.305,22410
2026-04-10T09:00:00+00:00,4769.305,4789.275,4768.925,4777.095,30605
2026-04-10T09:30:00+00:00,4777.095,4781.795,4774.724999999999,4780.045,17153
2026-04-10T10:00:00+00:00,4780.045,4789.125,4770.535,4786.595,17205
2026-04-10T10:30:00+00:00,4786.595,4788.215,4782.224999999999,4785.605,11944
2026-04-10T11:00:00+00:00,4785.605,4790.915,4781.695,4789.974999999999,12811
2026-04-10T11:30:00+00:00,4789.974999999999,4797.235,4787.025,4796.615,14033
2026-04-10T12:00:00+00:00,4796.615,4799.885,4788.165,4790.595,24579
2026-04-10T12:30:00+00:00,4790.595,4810.965,4789.474999999999,4800.195,43310
2026-04-10T13:00:00+00:00,4800.195,4808.795,4794.595,4804.375,34490
2026-04-10T13:30:00+00:00,4804.375,4807.215,4793.455,4803.165,56310
2026-04-10T14:00:00+00:00,4803.165,4820.945,4795.724999999999,4819.005,50499
2026-04-10T14:30:00+00:00,4819.005,4823.665,4799.115,4803.285,49209
2026-04-10T15:00:00+00:00,4803.285,4815.775,4797.885,4804.545,35084
2026-04-10T15:30:00+00:00,4804.545,4806.865,4783.545,4790.525,50598
2026-04-10T16:00:00+00:00,4790.525,4793.675,4775.465,4786.795,31021
2026-04-10T16:30:00+00:00,4786.795,4794.6849999999995,4784.505,4792.255,22101
2026-04-10T17:00:00+00:00,4792.255,4797.305,4786.675,4791.474999999999,18337
2026-04-10T17:30:00+00:00,4791.474999999999,4794.155,4786.765,4788.775,16605.28575145526
2026-04-10T18:00:00+00:00,4788.775,4798.015,4779.485,4794.525,22797
2026-04-10T18:30:00+00:00,4794.525,4801.765,4791.735,4793.845,15705
2026-04-10T19:00:00+00:00,4793.845,4799.165,4791.545,4792.075,13539
2026-04-10T19:30:00+00:00,4792.075,4794.075,4786.685,4788.135,19359
2026-04-10T20:00:00+00:00,4788.135,4788.425,4769.275,4773.955,8885
2026-04-10T20:30:00+00:00,4773.955,4780.525,4773.435,4779.365,1987
2026-04-12T22:00:00+00:00,4779.365,4818.945,4711.445,4715.375,30952.562952243126
2026-04-12T22:30:00+00:00,4715.375,4728.275,4713.195,4726.865,17755
2026-04-12T23:00:00+00:00,4726.865,4728.805,4711.775,4721.355,15776
2026-04-12T23:30:00+00:00,4721.355,4740.045,4717.745,4739.075,12982
2026-04-13T00:00:00+00:00,4739.075,4744.165,4732.315,4740.605,18583
2026-04-13T00:30:00+00:00,4740.605,4766.415,4738.655,4763.435,14609
2026-04-13T01:00:00+00:00,4763.435,4789.765,4761.425,4785.415,34330
2026-04-13T01:30:00+00:00,4785.415,4796.375,4777.665,4789.245,24998
2026-04-13T02:00:00+00:00,4789.245,4793.955,4786.695,4787.795,14136
2026-04-13T02:30:00+00:00,4787.795,4796.025,4778.905,4788.235,15907
2026-04-13T03:00:00+00:00,4788.235,4789.735,4779.8949999999995,4786.585,11107
2026-04-13T03:30:00+00:00,4786.585,4792.055,4785.065,4785.795,6520
2026-04-13T04:00:00+00:00,4785.795,4786.335,4776.425,4780.355,7038
2026-04-13T04:30:00+00:00,4780.355,4793.005,4776.885,4791.305,8151
2026-04-13T05:00:00+00:00,4791.305,4794.495,4784.015,4788.515,8093
2026-04-13T05:30:00+00:00,4788.515,4799.035,4785.695,4797.095,14359
2026-04-13T06:00:00+00:00,4797.095,4799.915,4791.015,4799.365,15683
2026-04-13T06:30:00+00:00,4799.365,4800.795,4788.585,4793.335,11547
2026-04-13T07:00:00+00:00,4793.335,4806.735,4792.495,4799.035,16517
2026-04-13T07:30:00+00:00,4799.035,4808.1449999999995,4795.225,4801.765,15431
2026-04-13T08:00:00+00:00,4801.765,4806.765,4798.065,4800.185,14535
2026-04-13T08:30:00+00:00,4800.185,4804.305,4788.255,4791.475,14413
2026-04-13T09:00:00+00:00,4791.475,4796.865,4782.295,4783.245,15488
2026-04-13T09:30:00+00:00,4783.245,4788.255,4778.575,4782.835,12879
2026-04-13T10:00:00+00:00,4782.835,4787.135,4776.495,4780.285,11080
2026-04-13T10:30:00+00:00,4780.285,4792.025,4779.765,4790.155,10490
2026-04-13T11:00:00+00:00,4790.155,4797.385,4786.6449999999995,4789.125,17052
2026-04-13T11:30:00+00:00,4789.125,4790.595,4771.125,4775.005,21902
2026-04-13T12:00:00+00:00,4775.005,4788.535,4771.545,4778.6449999999995,23072
2026-04-13T12:30:00+00:00,4778.6449999999995,4793.265,4776.695,4791.735,24760
2026-04-13T13:00:00+00:00,4791.735,4805.705,4790.245,4801.405,29479
2026-04-13T13:30:00+00:00,4801.405,4812.365,4788.885,4798.535,66478
2026-04-13T14:00:00+00:00,4798.535,4798.825,4777.205,4783.115,53955
2026-04-13T14:30:00+00:00,4783.115,4791.695,4776.705,4786.825,32757
2026-04-13T15:00:00+00:00,4786.825,4787.945,4768.155,4771.905,37685
2026-04-13T15:30:00+00:00,4771.905,4786.365,4770.485,4782.445,25764
2026-04-13T16:00:00+00:00,4782.445,4802.195,4777.515,4798.555,32311
2026-04-13T16:30:00+00:00,4798.555,4814.105,4796.775,4801.325,40945
2026-04-13T17:00:00+00:00,4801.325,4818.215,4793.795,4811.235,23552
2026-04-13T17:30:00+00:00,4811.235,4815.675,4795.545,4797.965,15478
2026-04-13T18:00:00+00:00,4797.965,4801.165,4791.485,4795.615,12262
2026-04-13T18:30:00+00:00,4795.615,4808.935,4794.775,4806.415,18768
2026-04-13T19:00:00+00:00,4806.415,4812.095,4798.735,4811.195,15395
2026-04-13T19:30:00+00:00,4811.195,4815.595,4807.085,4809.135,24887
2026-04-13T20:00:00+00:00,4809.135,4812.075,4806.565,4807.655,4665
2026-04-13T20:30:00+00:00,4807.655,4810.405,4806.115,4810.125,3380
2026-04-13T22:00:00+00:00,4810.125,4827.415000000001,4809.305,4823.1050000000005,12141.019285384858
2026-04-13T22:30:00+00:00,4823.1050000000005,4834.085000000001,4820.645,4832.345,6006
2026-04-13T23:00:00+00:00,4832.345,4840.385,4829.555,4829.675,6975
2026-04-13T23:30:00+00:00,4829.675,4836.405000000001,4828.895,4832.135,5891
2026-04-14T00:00:00+00:00,4832.135,4842.345,4825.925,4836.915000000001,14491
2026-04-14T00:30:00+00:00,4836.915000000001,4850.695000000001,4835.835000000001,4844.465,11895
2026-04-14T01:00:00+00:00,4844.465,4851.965,4836.965,4844.915000000001,25355
2026-04-14T01:30:00+00:00,4844.915000000001,4848.5650000000005,4836.255,4839.8150000000005,16414
2026-04-14T02:00:00+00:00,4839.8150000000005,4847.395,4837.275000000001,4843.485000000001,10796
2026-04-14T02:30:00+00:00,4843.485000000001,4852.035000000001,4836.395,4849.755,12299
2026-04-14T03:00:00+00:00,4849.755,4850.205000000001,4840.595,4843.325000000001,9841
2026-04-14T03:30:00+00:00,4843.325000000001,4846.695000000001,4839.995000000001,4842.945000000001,5061
2026-04-14T04:00:00+00:00,4842.945000000001,4851.545000000001,4841.665000000001,4850.715,4378
2026-04-14T04:30:00+00:00,4850.715,4851.255,4846.005,4848.935,4036
2026-04-14T05:00:00+00:00,4848.935,4849.025000000001,4836.295000000001,4839.465,7242
2026-04-14T05:30:00+00:00,4839.465,4842.005,4832.825000000001,4834.8550000000005,17111
2026-04-14T06:00:00+00:00,4834.8550000000005,4844.6050000000005,4834.825000000001,4842.175,13076
2026-04-14T06:30:00+00:00,4842.175,4857.795000000001,4838.945000000001,4856.665000000001,13903
2026-04-14T07:00:00+00:00,4856.665000000001,4871.305,4842.325000000001,4847.435,28696
2026-04-14T07:30:00+00:00,4847.435,4855.475,4846.485000000001,4851.895,17548
2026-04-14T08:00:00+00:00,4851.895,4861.415000000001,4848.8150000000005,4860.755,17243
2026-04-14T08:30:00+00:00,4860.755,4864.735000000001,4855.935,4861.655000000001,13632
2026-04-14T09:00:00+00:00,4861.655000000001,4864.085000000001,4853.325000000001,4853.6050000000005,10827
2026-04-14T09:30:00+00:00,4853.6050000000005,4857.225,4846.415000000001,4852.785000000001,14438
2026-04-14T10:00:00+00:00,4852.785000000001,4862.795000000001,4852.745000000001,4858.365000000001,10806
2026-04-14T10:30:00+00:00,4858.365000000001,4859.385,4826.045000000001,4843.145,20625
2026-04-14T11:00:00+00:00,4843.145,4857.885,4841.295000000001,4852.895,13513
2026-04-14T11:30:00+00:00,4852.895,4857.525000000001,4845.345,4849.6050000000005,17315
2026-04-14T12:00:00+00:00,4849.6050000000005,4852.345,4837.205000000001,4842.915000000001,22788
2026-04-14T12:30:00+00:00,4842.915000000001,4851.115000000001,4836.8150000000005,4846.045000000001,26444
2026-04-14T13:00:00+00:00,4846.045000000001,4867.305,4845.705000000001,4857.805,31062
2026-04-14T13:30:00+00:00,4857.805,4878.395,4854.955000000001,4869.465,57653
2026-04-14T14:00:00+00:00,4869.465,4885.475,4867.615000000001,4884.125000000001,53227
2026-04-14T14:30:00+00:00,4884.125000000001,4892.825000000001,4869.825000000001,4878.595,44212
2026-04-14T15:00:00+00:00,4878.595,4880.6050000000005,4865.645,4877.295000000001,43610
2026-04-14T15:30:00+00:00,4877.295000000001,4891.045000000001,4877.255,4882.905000000001,29516
2026-04-14T16:00:00+00:00,4882.905000000001,4894.095,4879.835000000001,4890.945000000001,27281
2026-04-14T16:30:00+00:00,4890.945000000001,4895.185,4883.785000000001,4884.805,19785
2026-04-14T17:00:00+00:00,4884.805,4908.475,4884.115000000001,4900.345,30337
2026-04-14T17:30:00+00:00,4900.345,4916.155000000001,4899.825000000001,4909.755,22279
2026-04-14T18:00:00+00:00,4909.755,4918.255,4907.945000000001,4912.475,25786
2026-04-14T18:30:00+00:00,4912.475,4913.975,4905.715,4910.345,18146
2026-04-14T19:00:00+00:00,4910.345,4917.365000000001,4910.345,4915.635,13910
2026-04-14T19:30:00+00:00,4915.635,4921.115000000001,4913.445000000001,4919.755,23501
2026-04-14T20:00:00+00:00,4919.755,4920.8550000000005,4914.245000000001,4915.275000000001,4725
2026-04-14T20:30:00+00:00,4915.275000000001,4917.705000000001,4914.575000000001,4915.505,3748
2026-04-14T22:00:00+00:00,4915.505,4925.645,4910.735,4914.645,13789.823311318123
2026-04-14T22:30:00+00:00,4914.645,4918.055,4907.905,4909.625,8452
2026-04-14T23:00:00+00:00,4909.625,4919.015,4908.445,4910.595,9787
2026-04-14T23:30:00+00:00,4910.595,4919.205,4909.905,4912.105,12786
2026-04-15T00:00:00+00:00,4912.105,4914.995,4903.235,4908.615,15464
2026-04-15T00:30:00+00:00,4908.615,4912.325,4901.975,4910.075,9951
2026-04-15T01:00:00+00:00,4910.075,4945.755,4902.865,4925.925,37817
2026-04-15T01:30:00+00:00,4925.925,4926.255,4914.245,4921.655,23234
2026-04-15T02:00:00+00:00,4921.655,4928.205,4906.865,4909.415,17969
2026-04-15T02:30:00+00:00,4909.415,4910.385,4895.335,4898.705,28141
2026-04-15T03:00:00+00:00,4898.705,4902.885,4891.655,4901.465,16973
2026-04-15T03:30:00+00:00,4901.465,4904.495,4898.305,4898.655,6998
2026-04-15T04:00:00+00:00,4898.655,4901.605,4894.895,4899.555,8153
2026-04-15T04:30:00+00:00,4899.555,4902.665,4896.205,4899.835,5819
2026-04-15T05:00:00+00:00,4899.835,4905.215,4897.605,4901.175,13011
2026-04-15T05:30:00+00:00,4901.175,4902.825,4887.175,4894.365,23982
2026-04-15T06:00:00+00:00,4894.365,4899.835,4888.335,4889.545,17957
2026-04-15T06:30:00+00:00,4889.545,4897.025,4885.775,4886.365,19364
2026-04-15T07:00:00+00:00,4886.365,4891.715,4878.535,4887.715,21949
2026-04-15T07:30:00+00:00,4887.715,4890.735,4880.595,4885.975,18387
2026-04-15T08:00:00+00:00,4885.975,4889.095,4879.305,4884.585,18248
2026-04-15T08:30:00+00:00,4884.585,4895.855,4880.155,4893.355,15814
2026-04-15T09:00:00+00:00,4893.355,4894.365,4867.245,4871.925,30400
2026-04-15T09:30:00+00:00,4871.925,4878.695,4860.715,4872.995,22077
2026-04-15T10:00:00+00:00,4872.995,4878.095,4864.705,4869.985,26272
2026-04-15T10:30:00+00:00,4869.985,4880.145,4867.975,4874.815,19905
2026-04-15T11:00:00+00:00,4874.815,4882.035,4870.405,4879.795,13875
2026-04-15T11:30:00+00:00,4879.795,4889.745,4877.555,4887.475,19886
2026-04-15T12:00:00+00:00,4887.475,4891.135,4881.605,4887.665,20232
2026-04-15T12:30:00+00:00,4887.665,4890.885,4883.145,4886.455,14325
2026-04-15T13:00:00+00:00,4886.455,4896.885,4883.015,4896.595,30536
2026-04-15T13:30:00+00:00,4896.595,4905.035,4890.435,4903.625,52720
2026-04-15T14:00:00+00:00,4903.625,4905.395,4894.955,4900.085,37821
2026-04-15T14:30:00+00:00,4900.085,4900.565,4887.905,4890.385,34798
2026-04-15T15:00:00+00:00,4890.385,4890.985,4872.185,4873.045,39813
2026-04-15T15:30:00+00:00,4873.045,4882.475,4861.555,4876.235,35030
2026-04-15T16:00:00+00:00,4876.235,4887.595,4874.985,4885.975,22008
2026-04-15T16:30:00+00:00,4885.975,4886.735,4874.695,4878.585,26806
2026-04-15T17:00:00+00:00,4878.585,4883.575,4872.805,4876.655,19492
2026-04-15T17:30:00+00:00,4876.655,4877.645,4865.405,4867.005,18941
2026-04-15T18:00:00+00:00,4867.005,4875.795,4864.635,4869.495,27301
2026-04-15T18:30:00+00:00,4869.495,4876.915,4869.465,4874.435,17022
2026-04-15T19:00:00+00:00,4874.435,4878.285,4872.565,4877.755,15047
2026-04-15T19:30:00+00:00,4877.755,4877.795,4869.255,4870.845,21847
2026-04-15T20:00:00+00:00,4870.845,4871.525,4867.395,4868.395,5084
2026-04-15T20:30:00+00:00,4868.395,4868.705,4862.235,4865.565,5133
2026-04-15T22:00:00+00:00,4865.565,4881.224999999999,4865.565,4880.025,8590.144192783777
2026-04-15T22:30:00+00:00,4880.025,4890.625,4877.785,4886.155,5261
2026-04-15T23:00:00+00:00,4886.155,4894.685,4886.095,4893.725,4926.115710158394
2026-04-15T23:30:00+00:00,4893.725,4905.525000000001,4893.335000000001,4902.175,8097
2026-04-16T00:00:00+00:00,4902.175,4910.255,4901.265,4903.545000000001,11233
2026-04-16T00:30:00+00:00,4903.545000000001,4916.415000000001,4899.015,4911.865000000001,10425
2026-04-16T01:00:00+00:00,4911.865000000001,4914.915000000001,4901.255,4902.285000000001,16903
2026-04-16T01:30:00+00:00,4902.285000000001,4904.285000000001,4889.915000000001,4896.665000000001,15987
2026-04-16T02:00:00+00:00,4896.665000000001,4903.925,4896.025000000001,4897.945000000001,10576
2026-04-16T02:30:00+00:00,4897.945000000001,4900.325000000001,4891.035000000001,4898.3550000000005,13537
2026-04-16T03:00:00+00:00,4898.3550000000005,4905.8150000000005,4897.755,4902.575000000001,9157
2026-04-16T03:30:00+00:00,4902.575000000001,4905.685,4897.785000000001,4902.715,6267
2026-04-16T04:00:00+00:00,4902.715,4909.085000000001,4901.485000000001,4905.145,5802
2026-04-16T04:30:00+00:00,4905.145,4912.475,4903.475,4912.055,4684
2026-04-16T05:00:00+00:00,4912.055,4917.475,4910.395,4912.415000000001,8003
2026-04-16T05:30:00+00:00,4912.415000000001,4912.775000000001,4899.775000000001,4899.945000000001,17232
2026-04-16T06:00:00+00:00,4899.945000000001,4906.995000000001,4893.035000000001,4895.1050000000005,16546
2026-04-16T06:30:00+00:00,4895.1050000000005,4909.685,4893.635,4904.785000000001,19836
2026-04-16T07:00:00+00:00,4904.785000000001,4909.935,4895.905000000001,4906.835000000001,22595
2026-04-16T07:30:00+00:00,4906.835000000001,4909.205000000001,4898.045000000001,4900.0650000000005,14213
2026-04-16T08:00:00+00:00,4900.0650000000005,4900.905000000001,4885.745000000001,4890.405000000001,21235
2026-04-16T08:30:00+00:00,4890.405000000001,4893.755,4885.185,4892.415000000001,14342
2026-04-16T09:00:00+00:00,4892.415000000001,4897.0650000000005,4890.135,4892.175,10728
2026-04-16T09:30:00+00:00,4892.175,4894.385,4885.585000000001,4891.875000000001,17839
2026-04-16T10:00:00+00:00,4891.875000000001,4894.515,4884.025000000001,4885.865000000001,12484
2026-04-16T10:30:00+00:00,4885.865000000001,4896.275000000001,4884.005,4896.245000000001,12368
2026-04-16T11:00:00+00:00,4896.245000000001,4899.625000000001,4894.175,4895.135,10869
2026-04-16T11:30:00+00:00,4895.135,4901.535000000001,4894.655000000001,4901.185,11968
2026-04-16T12:00:00+00:00,4901.185,4902.045000000001,4890.695000000001,4893.805,15762
2026-04-16T12:30:00+00:00,4893.805,4899.715,4890.525000000001,4895.225,16974
2026-04-16T13:00:00+00:00,4895.225,4902.045000000001,4892.8550000000005,4894.615000000001,21922
2026-04-16T13:30:00+00:00,4894.615000000001,4902.945000000001,4863.135,4873.895,65543
2026-04-16T14:00:00+00:00,4873.895,4884.465,4863.845,4878.155000000001,58935
2026-04-16T14:30:00+00:00,4878.155000000001,4879.825000000001,4851.005,4867.685,49888
2026-04-16T15:00:00+00:00,4867.685,4891.825000000001,4867.185,4880.545000000001,35153
2026-04-16T15:30:00+00:00,4880.545000000001,4890.015,4876.995000000001,4885.885,35959
2026-04-16T16:00:00+00:00,4885.885,4889.165000000001,4875.705000000001,4878.295000000001,21211
2026-04-16T16:30:00+00:00,4878.295000000001,4878.935,4864.145,4871.055,43178
2026-04-16T17:00:00+00:00,4871.055,4874.445000000001,4863.635,4864.125000000001,34433
2026-04-16T17:30:00+00:00,4864.125000000001,4869.8550000000005,4860.345,4868.155000000001,31420
2026-04-16T18:00:00+00:00,4868.155000000001,4873.375000000001,4864.655000000001,4866.055,41062
2026-04-16T18:30:00+00:00,4866.055,4871.675,4865.665000000001,4868.625000000001,20215
2026-04-16T19:00:00+00:00,4868.625000000001,4874.1050000000005,4868.465,4869.735000000001,15771
2026-04-16T19:30:00+00:00,4869.735000000001,4877.5650000000005,4869.5650000000005,4872.325000000001,17104
2026-04-16T20:00:00+00:00,4872.325000000001,4873.0650000000005,4867.145,4868.055,5147
2026-04-16T20:30:00+00:00,4868.055,4869.865000000001,4865.3150000000005,4868.825000000001,3801
2026-04-16T22:00:00+00:00,4868.825000000001,4879.395,4868.325000000001,4875.295,10204.402368569296
2026-04-16T22:30:00+00:00,4875.295,4878.685,4871.985000000001,4876.8550000000005,5585
2026-04-16T23:00:00+00:00,4876.8550000000005,4879.265,4873.515,4875.685,4979
2026-04-16T23:30:00+00:00,4875.685,4878.125,4872.975,4873.045,5112
2026-04-17T00:00:00+00:00,4873.045,4874.625,4867.325,4874.585,11833
2026-04-17T00:30:00+00:00,4874.585,4882.785,4874.215,4876.385,9112
2026-04-17T01:00:00+00:00,4876.385,4877.275000000001,4849.335,4850.275000000001,27161
2026-04-17T01:30:00+00:00,4850.275000000001,4873.205,4848.915,4871.005,20537
2026-04-17T02:00:00+00:00,4871.005,4876.205,4869.285,4870.685,9839
2026-04-17T02:30:00+00:00,4870.685,4876.3150000000005,4865.785,4866.415,10329
2026-04-17T03:00:00+00:00,4866.415,4879.725,4866.385,4875.705,12897
2026-04-17T03:30:00+00:00,4875.705,4878.365,4873.635,4874.835,4700
2026-04-17T04:00:00+00:00,4874.835,4877.795,4874.225,4877.495,4700
2026-04-17T04:30:00+00:00,4877.495,4886.255,4876.675,4884.475,5611
2026-04-17T05:00:00+00:00,4884.475,4887.755,4881.385,4885.075,8248
2026-04-17T05:30:00+00:00,4885.075,4887.005,4875.445000000001,4875.735000000001,15050
2026-04-17T06:00:00+00:00,4875.735000000001,4877.025000000001,4864.935,4865.325,15866
2026-04-17T06:30:00+00:00,4865.325,4868.915,4860.935,4866.5650000000005,13147
2026-04-17T07:00:00+00:00,4866.5650000000005,4874.645,4865.895,4873.245,10481
2026-04-17T07:30:00+00:00,4873.245,4876.425,4860.325,4866.125,14411
2026-04-17T08:00:00+00:00,4866.125,4872.805,4862.625,4866.195000000001,12076
2026-04-17T08:30:00+00:00,4866.195000000001,4878.705,4866.005,4877.505,11033
2026-04-17T09:00:00+00:00,4877.505,4882.5650000000005,4873.745,4877.415,11458
2026-04-17T09:30:00+00:00,4877.415,4880.825,4871.715,4872.1050000000005,10015
2026-04-17T10:00:00+00:00,4872.1050000000005,4875.655,4868.645,4871.3150000000005,9883
2026-04-17T10:30:00+00:00,4871.3150000000005,4871.6050000000005,4863.885,4869.095,9876
2026-04-17T11:00:00+00:00,4869.095,4875.015,4865.095,4874.535,10531
2026-04-17T11:30:00+00:00,4874.535,4893.345,4871.295,4880.8150000000005,20256
2026-04-17T12:00:00+00:00,4880.8150000000005,4901.205,4879.435,4898.535,25486
2026-04-17T12:30:00+00:00,4898.535,4929.375,4896.995,4927.985000000001,61171
2026-04-17T13:00:00+00:00,4927.985000000001,4972.345,4916.535,4933.295,79198
2026-04-17T13:30:00+00:00,4933.295,4963.635,4929.955,4961.845,90998
2026-04-17T14:00:00+00:00,4961.845,4967.085,4942.445000000001,4953.305,61109
2026-04-17T14:30:00+00:00,4953.305,4964.325,4950.885,4954.805,45766
2026-04-17T15:00:00+00:00,4954.805,4962.3150000000005,4943.8550000000005,4947.665,56713
2026-04-17T15:30:00+00:00,4947.665,4955.635,4936.145,4949.095,41053
2026-04-17T16:00:00+00:00,4949.095,4955.225,4945.345,4949.3550000000005,28126
2026-04-17T16:30:00+00:00,4949.3550000000005,4954.725,4946.235000000001,4948.755,20068
2026-04-17T17:00:00+00:00,4948.755,4951.295,4935.165,4940.155,38814
2026-04-17T17:30:00+00:00,4940.155,4944.925,4935.625,4943.86,24690.763773174538
2026-04-17T18:00:00+00:00,4943.86,4949.32,4940.24,4942.23,27173
2026-04-17T18:30:00+00:00,4942.23,4948.15,4937.17,4939.17,22051
2026-04-17T19:00:00+00:00,4939.17,4940.33,4935.139999999999,4938.34,15609
2026-04-17T19:30:00+00:00,4938.34,4942.8099999999995,4934.0199999999995,4936,26988
2026-04-17T20:00:00+00:00,4936,4936.3,4925.69,4926.82,11671
2026-04-17T20:30:00+00:00,4926.82,4928.26,4915.48,4916.7699999999995,4715
2026-04-19T22:00:00+00:00,4916.7699999999995,4919.48,4834.11,4856.749999999999,35091.966724337406
2026-04-19T22:30:00+00:00,4856.749999999999,4862.57,4849.24,4851.19,12952
2026-04-19T23:00:00+00:00,4851.19,4851.419999999999,4839.949999999999,4841.49,12906
2026-04-19T23:30:00+00:00,4841.49,4845.49,4808.589999999999,4826.909999999999,26885
2026-04-20T00:00:00+00:00,4826.909999999999,4838.049999999999,4816.329999999999,4837.389999999999,29675
2026-04-20T00:30:00+00:00,4837.389999999999,4846.65,4831.4,4844.449999999999,16337
2026-04-20T01:00:00+00:00,4844.449999999999,4875.919999999999,4843.249999999999,4874.909999999999,36720
2026-04-20T01:30:00+00:00,4874.909999999999,4886.44,4873.259999999999,4879.549999999999,22629
2026-04-20T02:00:00+00:00,4879.549999999999,4881.499999999999,4870.199999999999,4872.589999999999,15014
2026-04-20T02:30:00+00:00,4872.589999999999,4874.219999999999,4865.179999999999,4869.429999999999,16395
2026-04-20T03:00:00+00:00,4869.429999999999,4870.5599999999995,4860.9,4867.369999999999,13732
2026-04-20T03:30:00+00:00,4867.369999999999,4869.03,4861.219999999999,4863.129999999999,8052
2026-04-20T04:00:00+00:00,4863.129999999999,4868.03,4862.9,4866.8099999999995,6614
2026-04-20T04:30:00+00:00,4866.8099999999995,4866.929999999999,4859.0199999999995,4861.07,7997
2026-04-20T05:00:00+00:00,4861.07,4865.429999999999,4856.499999999999,4860.24,9221
2026-04-20T05:30:00+00:00,4860.24,4868.32,4851.009999999999,4863.129999999999,24349
2026-04-20T06:00:00+00:00,4863.129999999999,4866.3099999999995,4856.0199999999995,4858.139999999999,20251
2026-04-20T06:30:00+00:00,4858.139999999999,4867.5199999999995,4857.53,4867.499999999999,21418
2026-04-20T07:00:00+00:00,4867.499999999999,4877.969999999999,4865.98,4870.049999999999,22961
2026-04-20T07:30:00+00:00,4870.049999999999,4871.039999999999,4858.909999999999,4861.889999999999,22435
2026-04-20T08:00:00+00:00,4861.889999999999,4864.709999999999,4858.169999999999,4864.199999999999,18715
2026-04-20T08:30:00+00:00,4864.199999999999,4868.4,4860.839999999999,4868.28,14493
2026-04-20T09:00:00+00:00,4868.28,4870.11,4863.8099999999995,4864.449999999999,15108
2026-04-20T09:30:00+00:00,4864.449999999999,4869.379999999999,4855.659999999999,4863.74,18489
2026-04-20T10:00:00+00:00,4863.74,4873.199999999999,4861.999999999999,4870.429999999999,16293
2026-04-20T10:30:00+00:00,4870.429999999999,4872.349999999999,4866.69,4868.03,9766
2026-04-20T11:00:00+00:00,4868.03,4868.599999999999,4858.749999999999,4860.579999999999,16683
2026-04-20T11:30:00+00:00,4860.579999999999,4882.999999999999,4859.9,4882.61,22509
2026-04-20T12:00:00+00:00,4882.61,4894.259999999999,4875.289999999999,4877.98,29249
2026-04-20T12:30:00+00:00,4877.98,4881.869999999999,4871.219999999999,4875.61,19225
2026-04-20T13:00:00+00:00,4875.61,4898.15,4871.7699999999995,4896.329999999999,39447
2026-04-20T13:30:00+00:00,4896.329999999999,4898.53,4888.259999999999,4890.129999999999,57348
2026-04-20T14:00:00+00:00,4890.129999999999,4899.0599999999995,4878.909999999999,4895.65,48282
2026-04-20T14:30:00+00:00,4895.65,4899.909999999999,4864.209999999999,4877.329999999999,58113
2026-04-20T15:00:00+00:00,4877.329999999999,4881.599999999999,4864.949999999999,4880.49,51479
2026-04-20T15:30:00+00:00,4880.49,4881.469999999999,4867.299999999999,4871.909999999999,31517
2026-04-20T16:00:00+00:00,4871.909999999999,4874.089999999999,4864.909999999999,4873.349999999999,20850
2026-04-20T16:30:00+00:00,4873.349999999999,4878.449999999999,4871.039999999999,4877.699999999999,18276
2026-04-20T17:00:00+00:00,4877.699999999999,4883.539999999999,4875.879999999999,4882.19,18581
2026-04-20T17:30:00+00:00,4882.19,4884.3099999999995,4877.139999999999,4878.86,16324
2026-04-20T18:00:00+00:00,4878.86,4887.959999999999,4878.86,4885.639999999999,20867
2026-04-20T18:30:00+00:00,4885.639999999999,4888.73,4883.139999999999,4886.129999999999,13646
2026-04-20T19:00:00+00:00,4886.129999999999,4893.61,4885.98,4889.28,12329
2026-04-20T19:30:00+00:00,4889.28,4889.579999999999,4882.249999999999,4886.449999999999,15115
2026-04-20T20:00:00+00:00,4886.449999999999,4889.28,4884.259999999999,4888.119999999999,4046
2026-04-20T20:30:00+00:00,4888.119999999999,4894.159999999999,4885.119999999999,4892.44,5812
2026-04-20T22:00:00+00:00,4892.44,4905.53,4889.91,4900.79,14753.305800558926
2026-04-20T22:30:00+00:00,4900.79,4903.75,4896.84,4900.009999999999,10856
2026-04-20T23:00:00+00:00,4900.009999999999,4903.92,4895.74,4897.86,5083
2026-04-20T23:30:00+00:00,4897.86,4897.86,4891.75,4894.049999999999,4557
2026-04-21T00:00:00+00:00,4894.049999999999,4902.63,4891.349999999999,4891.88,14600
2026-04-21T00:30:00+00:00,4891.88,4898.04,4888.82,4895.86,13091
2026-04-21T01:00:00+00:00,4895.86,4896.74,4885.049999999999,4890.57,19413
2026-04-21T01:30:00+00:00,4890.57,4891.04,4877.639999999999,4882.2,15255
2026-04-21T02:00:00+00:00,4882.2,4882.59,4875.65,4879.59,9968
2026-04-21T02:30:00+00:00,4879.59,4880.139999999999,4874.2,4879.03,11539
2026-04-21T03:00:00+00:00,4879.03,4879.82,4865.5599999999995,4870.88,13453
2026-04-21T03:30:00+00:00,4870.88,4872.08,4864.46,4868.96,8101
2026-04-21T04:00:00+00:00,4868.96,4870.03,4862.63,4864.07,7940
2026-04-21T04:30:00+00:00,4864.07,4866.259999999999,4860.54,4861.299999999999,6554
2026-04-21T05:00:00+00:00,4861.299999999999,4865.34,4857.71,4859.46,10257
2026-04-21T05:30:00+00:00,4859.46,4869.07,4854.83,4856.16,17802
2026-04-21T06:00:00+00:00,4856.16,4862.679999999999,4847.04,4850.969999999999,22332
2026-04-21T06:30:00+00:00,4850.969999999999,4855.65,4846.639999999999,4850.36,15898
2026-04-21T07:00:00+00:00,4850.36,4859.65,4844.599999999999,4855.41,19812
2026-04-21T07:30:00+00:00,4855.41,4864.679999999999,4852.92,4858.23,16951
2026-04-21T08:00:00+00:00,4858.23,4861.29,4846.7,4859.19,19400
2026-04-21T08:30:00+00:00,4859.19,4865.21,4856.7699999999995,4857.99,11742
2026-04-21T09:00:00+00:00,4857.99,4860.009999999999,4853.03,4854.049999999999,11880
2026-04-21T09:30:00+00:00,4854.049999999999,4861.61,4853.9,4855.78,12005
2026-04-21T10:00:00+00:00,4855.78,4858.0199999999995,4852.71,4854.99,9638
2026-04-21T10:30:00+00:00,4854.99,4862.48,4854.67,4861.75,7270
2026-04-21T11:00:00+00:00,4861.75,4862.21,4847.03,4855.57,18303
2026-04-21T11:30:00+00:00,4855.57,4870.09,4855.17,4866.69,13993
2026-04-21T12:00:00+00:00,4866.69,4869.099999999999,4850.99,4852.07,19902
2026-04-21T12:30:00+00:00,4852.07,4862.58,4838.3099999999995,4850.79,35860
2026-04-21T13:00:00+00:00,4850.79,4855.849999999999,4832.969999999999,4846.929999999999,39145
2026-04-21T13:30:00+00:00,4846.929999999999,4866.2,4841.98,4851.219999999999,60330
2026-04-21T14:00:00+00:00,4851.219999999999,4854.61,4841.639999999999,4846.219999999999,41165
2026-04-21T14:30:00+00:00,4846.219999999999,4847.11,4795.21,4810.96,89544
2026-04-21T15:00:00+00:00,4810.96,4829.469999999999,4799.799999999999,4814.66,71802
2026-04-21T15:30:00+00:00,4814.66,4822.2699999999995,4808.73,4813.61,43850
2026-04-21T16:00:00+00:00,4813.61,4818.95,4791.62,4792.88,37490
2026-04-21T16:30:00+00:00,4792.88,4799.7,4779.98,4782.929999999999,34759
2026-04-21T17:00:00+00:00,4782.929999999999,4790.65,4769.32,4772.07,49960
2026-04-21T17:30:00+00:00,4772.07,4794.28,4769,4783.15,45144
2026-04-21T18:00:00+00:00,4783.15,4786.799999999999,4764.38,4768.509999999999,39202
2026-04-21T18:30:00+00:00,4768.509999999999,4785.87,4768.509999999999,4781.28,39934
2026-04-21T19:00:00+00:00,4781.28,4787.19,4775.7699999999995,4785.94,39552
2026-04-21T19:30:00+00:00,4785.94,4786.7699999999995,4739.95,4751.33,74434
2026-04-21T20:00:00+00:00,4751.33,4783.54,4740.8099999999995,4777.62,46519
2026-04-21T20:30:00+00:00,4777.62,4792.65,4777.15,4791.87,15234
2026-04-21T22:00:00+00:00,4791.87,4801.02,4786.72,4790.95,17351.44143311775
2026-04-21T22:30:00+00:00,4790.95,4792.11,4787.01,4791.150000000001,5795
2026-04-21T23:00:00+00:00,4791.150000000001,4804.97,4789.67,4801.6,7654
2026-04-21T23:30:00+00:00,4801.6,4812.35,4800.49,4809.6,8962
2026-04-22T00:00:00+00:00,4809.6,4819.45,4809.6,4814.38,13184
2026-04-22T00:30:00+00:00,4814.38,4819.14,4810.34,4811.650000000001,10476
2026-04-22T01:00:00+00:00,4811.650000000001,4821.05,4807.83,4818.37,19629
2026-04-22T01:30:00+00:00,4818.37,4826.62,4818.2300000000005,4823.86,15817
2026-04-22T02:00:00+00:00,4823.86,4829.97,4821.59,4827.33,9326
2026-04-22T02:30:00+00:00,4827.33,4830.74,4822.86,4827.51,9147
2026-04-22T03:00:00+00:00,4827.51,4835.07,4824.75,4834.96,9739
2026-04-22T03:30:00+00:00,4834.96,4837.01,4828.67,4829.76,6089
2026-04-22T04:00:00+00:00,4829.76,4831.53,4826.12,4827.75,6585
2026-04-22T04:30:00+00:00,4827.75,4831.39,4823.87,4826.51,6584
2026-04-22T05:00:00+00:00,4826.51,4843.55,4823.91,4838.150000000001,15633
2026-04-22T05:30:00+00:00,4838.150000000001,4843.79,4835.56,4839.46,14190
2026-04-22T06:00:00+00:00,4839.46,4839.7300000000005,4830.53,4839.07,11939
2026-04-22T06:30:00+00:00,4839.07,4839.76,4835.22,4839.7,9874
2026-04-22T07:00:00+00:00,4839.7,4844.18,4834.3,4837.86,12501
2026-04-22T07:30:00+00:00,4837.86,4838.5,4831.34,4832.400000000001,10385
2026-04-22T08:00:00+00:00,4832.400000000001,4834.1900000000005,4825.89,4826.01,13218
2026-04-22T08:30:00+00:00,4826.01,4830.45,4823.62,4829.11,10738
2026-04-22T09:00:00+00:00,4829.11,4833.77,4828.05,4828.150000000001,11321
2026-04-22T09:30:00+00:00,4828.150000000001,4834.35,4824.18,4827.05,11084
2026-04-22T10:00:00+00:00,4827.05,4829.61,4817.49,4826.53,13820
2026-04-22T10:30:00+00:00,4826.53,4832.08,4825.52,4831.150000000001,9011
2026-04-22T11:00:00+00:00,4831.150000000001,4832.6900000000005,4828.17,4829.24,9953
2026-04-22T11:30:00+00:00,4829.24,4831.88,4819.59,4822.150000000001,13335
2026-04-22T12:00:00+00:00,4822.150000000001,4832.08,4819.11,4825.1,15896
2026-04-22T12:30:00+00:00,4825.1,4826.09,4814.47,4816.14,21475
2026-04-22T13:00:00+00:00,4816.14,4822.72,4808.14,4822.02,39166
2026-04-22T13:30:00+00:00,4822.02,4832.74,4813.95,4824.77,56964
2026-04-22T14:00:00+00:00,4824.77,4829.400000000001,4814.16,4815.75,39973
2026-04-22T14:30:00+00:00,4815.75,4816.52,4801.63,4807.79,46975
2026-04-22T15:00:00+00:00,4807.79,4812.11,4801.54,4806.92,36152
2026-04-22T15:30:00+00:00,4806.92,4807.32,4796.62,4799.31,29204
2026-04-22T16:00:00+00:00,4799.31,4806.89,4795.96,4798.85,20900
2026-04-22T16:30:00+00:00,4798.85,4803.92,4795.67,4800.36,20773
2026-04-22T17:00:00+00:00,4800.36,4811.45,4800.27,4806.96,21551
2026-04-22T17:30:00+00:00,4806.96,4810.27,4805.2300000000005,4809.08,15724
2026-04-22T18:00:00+00:00,4809.08,4810.46,4801.650000000001,4801.9800000000005,13048
2026-04-22T18:30:00+00:00,4801.9800000000005,4821.82,4801.9400000000005,4813.63,15030
2026-04-22T19:00:00+00:00,4813.63,4817.37,4808.72,4816.13,17129
2026-04-22T19:30:00+00:00,4816.13,4816.45,4808.67,4811.85,16581
2026-04-22T20:00:00+00:00,4811.85,4812.2,4806.34,4808.81,7587
2026-04-22T20:30:00+00:00,4808.81,4812.650000000001,4808.06,4809.78,5360
2026-04-22T22:00:00+00:00,4809.78,4820.86,4806.95,4807.41,10242.13683381465
2026-04-22T22:30:00+00:00,4807.41,4809.8099999999995,4799.99,4800.509999999999,8525
2026-04-22T23:00:00+00:00,4800.509999999999,4804.424999999999,4797.7,4802.605,6179.196014695639
2026-04-22T23:30:00+00:00,4802.605,4803.664999999999,4798.235,4802.134999999999,5158
2026-04-23T00:00:00+00:00,4802.134999999999,4816.884999999999,4768.364999999999,4815.985,51014
2026-04-23T00:30:00+00:00,4815.985,4827.804999999999,4815.3949999999995,4822.254999999999,31845
2026-04-23T01:00:00+00:00,4822.254999999999,4824.384999999999,4801.454999999999,4802.334999999999,26203
2026-04-23T01:30:00+00:00,4802.334999999999,4811.284999999999,4796.794999999999,4797.634999999999,24052
2026-04-23T02:00:00+00:00,4797.634999999999,4799.275,4779.275,4788.235,27799
2026-04-23T02:30:00+00:00,4788.235,4790.154999999999,4772.355,4773.1849999999995,34685
2026-04-23T03:00:00+00:00,4773.1849999999995,4783.074999999999,4772.384999999999,4777.624999999999,30030
2026-04-23T03:30:00+00:00,4777.624999999999,4781.884999999999,4775.334999999999,4778.424999999999,14783
2026-04-23T04:00:00+00:00,4778.424999999999,4781.514999999999,4775.275,4780.004999999999,9682
2026-04-23T04:30:00+00:00,4780.004999999999,4781.554999999999,4772.945,4778.775,8191
2026-04-23T05:00:00+00:00,4778.775,4784.6849999999995,4777.664999999999,4780.364999999999,12304
2026-04-23T05:30:00+00:00,4780.364999999999,4789.6849999999995,4766.224999999999,4787.994999999999,26402
2026-04-23T06:00:00+00:00,4787.994999999999,4792.525,4782.884999999999,4786.504999999999,17859
2026-04-23T06:30:00+00:00,4786.504999999999,4796.105,4783.494999999999,4787.445,19068
2026-04-23T07:00:00+00:00,4787.445,4790.8949999999995,4777.504999999999,4780.154999999999,27535
2026-04-23T07:30:00+00:00,4780.154999999999,4794.985,4777.534999999999,4793.624999999999,17400
2026-04-23T08:00:00+00:00,4793.624999999999,4799.424999999999,4789.174999999999,4789.815,16403
2026-04-23T08:30:00+00:00,4789.815,4790.554999999999,4775.974999999999,4777.654999999999,20791
2026-04-23T09:00:00+00:00,4777.654999999999,4778.164999999999,4769.154999999999,4775.174999999999,21128
2026-04-23T09:30:00+00:00,4775.174999999999,4777.474999999999,4769.025,4771.994999999999,15686
2026-04-23T10:00:00+00:00,4771.994999999999,4776.044999999999,4758.544999999999,4761.114999999999,22237
2026-04-23T10:30:00+00:00,4761.114999999999,4771.674999999999,4758.574999999999,4770.904999999999,18031
2026-04-23T11:00:00+00:00,4770.904999999999,4777.794999999999,4769.554999999999,4773.544999999999,15280
2026-04-23T11:30:00+00:00,4773.544999999999,4795.374999999999,4770.824999999999,4795.034999999999,25092
2026-04-23T12:00:00+00:00,4795.034999999999,4813.084999999999,4793.964999999999,4807.214999999999,37824
2026-04-23T12:30:00+00:00,4807.214999999999,4817.594999999999,4805.574999999999,4814.4349999999995,37009
2026-04-23T13:00:00+00:00,4814.4349999999995,4815.264999999999,4797.985,4801.775,30975
2026-04-23T13:30:00+00:00,4801.775,4815.6449999999995,4798.485,4798.704999999999,47596
2026-04-23T14:00:00+00:00,4798.704999999999,4810.364999999999,4791.554999999999,4805.754999999999,56187
2026-04-23T14:30:00+00:00,4805.754999999999,4810.994999999999,4800.164999999999,4807.844999999999,38594
2026-04-23T15:00:00+00:00,4807.844999999999,4815.445,4801.004999999999,4808.054999999999,31906
2026-04-23T15:30:00+00:00,4808.054999999999,4809.235,4790.605,4794.874999999999,35758
2026-04-23T16:00:00+00:00,4794.874999999999,4799.494999999999,4789.884999999999,4797.584999999999,25655
2026-04-23T16:30:00+00:00,4797.584999999999,4811.504999999999,4796.974999999999,4807.404999999999,19815
2026-04-23T17:00:00+00:00,4807.404999999999,4809.004999999999,4778.914999999999,4780.754999999999,83042
2026-04-23T17:30:00+00:00,4780.754999999999,4788.334999999999,4738.284999999999,4783.704999999999,108921
2026-04-23T18:00:00+00:00,4783.704999999999,4796.704999999999,4782.004999999999,4791.074999999999,73360
2026-04-23T18:30:00+00:00,4791.074999999999,4794.874999999999,4773.364999999999,4775.264999999999,35513
2026-04-23T19:00:00+00:00,4775.264999999999,4778.985,4767.065,4774.424999999999,35963
2026-04-23T19:30:00+00:00,4774.424999999999,4775.634999999999,4763.754999999999,4770.374999999999,42993
2026-04-23T20:00:00+00:00,4770.374999999999,4772.664999999999,4760.8949999999995,4763.654999999999,15567
2026-04-23T20:30:00+00:00,4763.654999999999,4768.784999999999,4762.525,4766.864999999999,6724
2026-04-23T22:00:00+00:00,4766.864999999999,4771.695,4763.084999999999,4764.665,9544.16875191326
2026-04-23T22:30:00+00:00,4764.665,4768.795,4761.955,4765.195,7363
2026-04-23T23:00:00+00:00,4765.195,4767.665,4758.6449999999995,4766.135,9353
2026-04-23T23:30:00+00:00,4766.135,4772.6849999999995,4764.025,4767.125,10396
2026-04-24T00:00:00+00:00,4767.125,4777.8949999999995,4762.865,4777.755,25380
2026-04-24T00:30:00+00:00,4777.755,4779.675,4769.215,4776.815,21887
2026-04-24T01:00:00+00:00,4776.815,4783.345,4768.025,4770.425,29450
2026-04-24T01:30:00+00:00,4770.425,4774.455,4762.245,4771.725,27240
2026-04-24T02:00:00+00:00,4771.725,4772.6849999999995,4753.945,4755.695,25767
2026-04-24T02:30:00+00:00,4755.695,4763.195,4744.885,4748.725,24192
2026-04-24T03:00:00+00:00,4748.725,4750.545,4740.695,4746.665,20793
2026-04-24T03:30:00+00:00,4746.665,4750.455,4743.495,4744.155,12936
2026-04-24T04:00:00+00:00,4744.155,4746.735,4730.115,4731.595,15034
2026-04-24T04:30:00+00:00,4731.595,4749.195,4729.8949999999995,4746.725,14080
2026-04-24T05:00:00+00:00,4746.725,4750.705,4741.695,4748.605,13646
2026-04-24T05:30:00+00:00,4748.605,4759.6849999999995,4748.535,4758.625,21477
2026-04-24T06:00:00+00:00,4758.625,4760.335,4742.275,4743.715,19195
2026-04-24T06:30:00+00:00,4743.715,4748.715,4739.075,4743.9349999999995,22047
2026-04-24T07:00:00+00:00,4743.9349999999995,4757.105,4743.045,4756.505,15954
2026-04-24T07:30:00+00:00,4756.505,4767.295,4754.315,4766.545,14196
2026-04-24T08:00:00+00:00,4766.545,4769.605,4758.475,4760.075,22554
2026-04-24T08:30:00+00:00,4760.075,4765.295,4757.055,4762.965,16132
2026-04-24T09:00:00+00:00,4762.965,4768.925,4754.335,4755.485,19902
2026-04-24T09:30:00+00:00,4755.485,4760.705,4751.335,4754.125,15145
2026-04-24T10:00:00+00:00,4754.125,4758.295,4752.465,4754.355,14504
2026-04-24T10:30:00+00:00,4754.355,4754.525,4746.575,4749.915,14011
2026-04-24T11:00:00+00:00,4749.915,4788.855,4749.915,4787.065,62482
2026-04-24T11:30:00+00:00,4787.065,4789.615,4775.115,4779.095,28162
2026-04-24T12:00:00+00:00,4779.095,4783.985,4773.385,4782.485,31310
2026-04-24T12:30:00+00:00,4782.485,4783.815,4762.455,4772.795,29118
2026-04-24T13:00:00+00:00,4772.795,4777.795,4765.695,4769.305,37390
2026-04-24T13:30:00+00:00,4769.305,4789.655,4761.805,4783.665,65297
2026-04-24T14:00:00+00:00,4783.665,4812.625,4779.055,4797.655,75163
2026-04-24T14:30:00+00:00,4797.655,4805.135,4795.755,4798.555,49165
2026-04-24T15:00:00+00:00,4798.555,4799.315,4790.615,4793.985,39427
2026-04-24T15:30:00+00:00,4793.985,4805.615,4786.865,4799.255,63018
2026-04-24T16:00:00+00:00,4799.255,4801.885,4791.175,4795.535,34043
2026-04-24T16:30:00+00:00,4795.535,4799.915,4791.415,4798.975,26166
2026-04-24T17:00:00+00:00,4798.975,4802.195,4794.445,4794.975,25490
2026-04-24T17:30:00+00:00,4794.975,4800.21,4791.175,4795.570000000001,21598.83641746462
2026-04-24T18:00:00+00:00,4795.570000000001,4797.160000000001,4789.17,4789.200000000001,19439
2026-04-24T18:30:00+00:00,4789.200000000001,4795.47,4789.080000000001,4795.02,14911
2026-04-24T19:00:00+00:00,4795.02,4798.330000000001,4789.6,4791.27,14584
2026-04-24T19:30:00+00:00,4791.27,4792.81,4785.7300000000005,4788.330000000001,17920
2026-04-24T20:00:00+00:00,4788.330000000001,4789.7300000000005,4777.280000000001,4780.080000000001,6141
2026-04-24T20:30:00+00:00,4780.080000000001,4781.240000000001,4777.530000000001,4779.64,2588
2026-04-26T22:00:00+00:00,4779.64,4783.31,4743.79,4750.56,21789.04130964547
2026-04-26T22:30:00+00:00,4750.56,4750.9800000000005,4745.31,4748.29,8097
2026-04-26T23:00:00+00:00,4748.29,4748.81,4740.900000000001,4741.14,9295
2026-04-26T23:30:00+00:00,4741.14,4746.39,4738.78,4744.08,9751
2026-04-27T00:00:00+00:00,4744.08,4746.42,4735.85,4744.49,19138
2026-04-27T00:30:00+00:00,4744.49,4762.18,4740.650000000001,4761.76,14035
2026-04-27T01:00:00+00:00,4761.76,4773.83,4755.01,4761.99,40383
2026-04-27T01:30:00+00:00,4761.99,4770.610000000001,4759.43,4766.650000000001,25923
2026-04-27T02:00:00+00:00,4766.650000000001,4772.47,4760.25,4769.77,18924
2026-04-27T02:30:00+00:00,4769.77,4787.32,4768.28,4782.1900000000005,21601
2026-04-27T03:00:00+00:00,4782.1900000000005,4786.17,4778.150000000001,4779.56,15828
2026-04-27T03:30:00+00:00,4779.56,4793.62,4779,4788.08,12140
2026-04-27T04:00:00+00:00,4788.08,4792.2,4787.63,4790.88,7047
2026-04-27T04:30:00+00:00,4790.88,4793.92,4786.58,4788.9800000000005,7918
2026-04-27T05:00:00+00:00,4788.9800000000005,4789.59,4780.17,4782.25,9475
2026-04-27T05:30:00+00:00,4782.25,4782.52,4772.6,4774.28,17983
2026-04-27T06:00:00+00:00,4774.28,4779.7300000000005,4773.26,4778.57,17336
2026-04-27T06:30:00+00:00,4778.57,4779.64,4773.4800000000005,4776.75,16562
2026-04-27T07:00:00+00:00,4776.75,4782.34,4774.78,4780.110000000001,20303
2026-04-27T07:30:00+00:00,4780.110000000001,4781.35,4773.860000000001,4777.4400000000005,16877
2026-04-27T08:00:00+00:00,4777.4400000000005,4778.4400000000005,4773.42,4774.78,22058
2026-04-27T08:30:00+00:00,4774.78,4778.6900000000005,4769.5,4770.84,17056
2026-04-27T09:00:00+00:00,4770.84,4772.32,4765.52,4766.25,15042
2026-04-27T09:30:00+00:00,4766.25,4769.42,4763.34,4767.67,12981
2026-04-27T10:00:00+00:00,4767.67,4770.860000000001,4763.58,4769.05,10029
2026-04-27T10:30:00+00:00,4769.05,4775.06,4768.63,4772.79,12997
2026-04-27T11:00:00+00:00,4772.79,4773.1900000000005,4764.32,4769.28,15624
2026-04-27T11:30:00+00:00,4769.28,4772.56,4764.150000000001,4768.91,12929
2026-04-27T12:00:00+00:00,4768.91,4776.54,4765.7,4771.04,24691
2026-04-27T12:30:00+00:00,4771.04,4771.9400000000005,4761.03,4763.33,24969
2026-04-27T13:00:00+00:00,4763.33,4767.64,4757.06,4763.99,33606
2026-04-27T13:30:00+00:00,4763.99,4766.650000000001,4753,4760.1,55556
2026-04-27T14:00:00+00:00,4760.1,4760.75,4750.2300000000005,4753.02,51070
2026-04-27T14:30:00+00:00,4753.02,4760.85,4740.59,4742.2,44555
2026-04-27T15:00:00+00:00,4742.2,4745.29,4731.16,4745.29,43197
2026-04-27T15:30:00+00:00,4745.29,4746.66,4731.32,4733.99,35423
2026-04-27T16:00:00+00:00,4733.99,4741.860000000001,4731.28,4740.47,22235
2026-04-27T16:30:00+00:00,4740.47,4743.72,4738.42,4740.82,16548
2026-04-27T17:00:00+00:00,4740.82,4744.02,4732.4400000000005,4743.67,23021
2026-04-27T17:30:00+00:00,4743.67,4750.27,4743.400000000001,4746.18,20527
2026-04-27T18:00:00+00:00,4746.18,4749.6,4742.900000000001,4748.03,15924
2026-04-27T18:30:00+00:00,4748.03,4749.27,4744.72,4744.72,11760
2026-04-27T19:00:00+00:00,4744.72,4746.78,4742.43,4746.3,9686
2026-04-27T19:30:00+00:00,4746.3,4746.43,4740.64,4744.92,15712
2026-04-27T20:00:00+00:00,4744.92,4745.54,4741.360000000001,4743.88,4340
2026-04-27T20:30:00+00:00,4743.88,4746.38,4742.4400000000005,4746.06,3779
2026-04-27T22:00:00+00:00,4746.06,4754.4,4744.400000000001,4751.98,10660.236637322356
2026-04-27T22:30:00+00:00,4751.98,4752.98,4749.16,4751.24,4863
2026-04-27T23:00:00+00:00,4751.24,4755.08,4750.12,4753.61,5058
2026-04-27T23:30:00+00:00,4753.61,4758.53,4753.51,4754.89,5090
2026-04-28T00:00:00+00:00,4754.89,4764.62,4754.75,4758.23,13208
2026-04-28T00:30:00+00:00,4758.23,4758.56,4753.61,4753.85,10904
2026-04-28T01:00:00+00:00,4753.85,4754.3,4747.6,4750.78,21504
2026-04-28T01:30:00+00:00,4750.78,4754.86,4732.28,4733.5199999999995,21314
2026-04-28T02:00:00+00:00,4733.5199999999995,4743.08,4729.48,4738.87,16312
2026-04-28T02:30:00+00:00,4738.87,4738.98,4729.7,4732.45,15457
2026-04-28T03:00:00+00:00,4732.45,4739.15,4731.29,4738.13,12700
2026-04-28T03:30:00+00:00,4738.13,4738.66,4732.54,4734.35,7033
2026-04-28T04:00:00+00:00,4734.35,4734.67,4729.6,4730.6,7030
2026-04-28T04:30:00+00:00,4730.6,4733.29,4729.93,4730.99,5746
2026-04-28T05:00:00+00:00,4730.99,4731.35,4711.73,4721.51,14948
2026-04-28T05:30:00+00:00,4721.51,4721.85,4686.79,4695.54,42662
2026-04-28T06:00:00+00:00,4695.54,4706.24,4686.44,4694.81,28917
2026-04-28T06:30:00+00:00,4694.81,4698.05,4686.44,4692.28,25609
2026-04-28T07:00:00+00:00,4692.28,4702.53,4690.24,4693.03,25914
2026-04-28T07:30:00+00:00,4693.03,4698.71,4683.85,4696.21,24159
2026-04-28T08:00:00+00:00,4696.21,4696.65,4677.66,4690.23,34029
2026-04-28T08:30:00+00:00,4690.23,4698.68,4688.36,4692.81,22125
2026-04-28T09:00:00+00:00,4692.81,4693.35,4676.2699999999995,4681.5199999999995,24976
2026-04-28T09:30:00+00:00,4681.5199999999995,4682.29,4667.83,4668.13,29889
2026-04-28T10:00:00+00:00,4668.13,4679.73,4667.59,4674.76,20366
2026-04-28T10:30:00+00:00,4674.76,4679.17,4666.42,4666.47,18550
2026-04-28T11:00:00+00:00,4666.47,4672.17,4657.39,4662.55,28386
2026-04-28T11:30:00+00:00,4662.55,4663.05,4618.58,4625.78,53476
2026-04-28T12:00:00+00:00,4625.78,4660.86,4618.11,4643.53,51397
2026-04-28T12:30:00+00:00,4643.53,4663.38,4633.86,4656.63,42258
2026-04-28T13:00:00+00:00,4656.63,4657.59,4634.23,4644.46,57452
2026-04-28T13:30:00+00:00,4644.46,4655.83,4634.08,4643.61,82294
2026-04-28T14:00:00+00:00,4643.61,4643.83,4626.83,4634.72,76039
2026-04-28T14:30:00+00:00,4634.72,4641.4,4620.36,4637.68,73093
2026-04-28T15:00:00+00:00,4637.68,4645.15,4630.16,4640.15,63338
2026-04-28T15:30:00+00:00,4640.15,4649.65,4634.2,4649.53,47502
2026-04-28T16:00:00+00:00,4649.53,4649.99,4640.98,4646,33760
2026-04-28T16:30:00+00:00,4646,4657.98,4643.76,4655.5,30449
2026-04-28T17:00:00+00:00,4655.5,4660.61,4650.34,4657.1,27108
2026-04-28T17:30:00+00:00,4657.1,4664.68,4657.03,4658.04,21498
2026-04-28T18:00:00+00:00,4658.04,4663.89,4655.16,4662.18,23685
2026-04-28T18:30:00+00:00,4662.18,4662.88,4656.28,4657.61,16104
2026-04-28T19:00:00+00:00,4657.61,4661.86,4656.98,4659.5199999999995,13488
2026-04-28T19:30:00+00:00,4659.5199999999995,4663.34,4656.5,4658.68,21902
2026-04-28T20:00:00+00:00,4658.68,4661.94,4654.36,4656.19,9922
2026-04-28T20:30:00+00:00,4656.19,4660.55,4655.68,4658.89,5969
2026-04-28T22:00:00+00:00,4658.89,4664.84,4658.77,4661.38,5708.09490226566
2026-04-28T22:30:00+00:00,4661.38,4662.8099999999995,4657.78,4659.82,4688
2026-04-28T23:00:00+00:00,4659.82,4660.37,4654.55,4657.65,5568
2026-04-28T23:30:00+00:00,4657.65,4661.87,4653.139999999999,4661.34,7262
2026-04-29T00:00:00+00:00,4661.34,4675.99,4660.37,4665.79,19858
2026-04-29T00:30:00+00:00,4665.79,4670.65,4661.71,4666.01,12038
2026-04-29T01:00:00+00:00,4666.01,4666.23,4641.37,4645.82,40252
2026-04-29T01:30:00+00:00,4645.82,4657.26,4644.26,4650.469999999999,28720
2026-04-29T02:00:00+00:00,4650.469999999999,4669.92,4650.23,4664.639999999999,19637
2026-04-29T02:30:00+00:00,4664.639999999999,4667.53,4657.679999999999,4659.41,18690
2026-04-29T03:00:00+00:00,4659.41,4668.82,4658.33,4664.36,15166
2026-04-29T03:30:00+00:00,4664.36,4664.469999999999,4657.7,4661.4,7937
2026-04-29T04:00:00+00:00,4661.4,4669.33,4660.88,4667.349999999999,7304
2026-04-29T04:30:00+00:00,4667.349999999999,4671.46,4667.28,4670.679999999999,7354
2026-04-29T05:00:00+00:00,4670.679999999999,4673.4,4664.389999999999,4666.34,8912
2026-04-29T05:30:00+00:00,4666.34,4668.889999999999,4656.469999999999,4656.87,16466
2026-04-29T06:00:00+00:00,4656.87,4664.38,4646.98,4650.719999999999,23000
2026-04-29T06:30:00+00:00,4650.719999999999,4653.34,4646.48,4650.15,18901
2026-04-29T07:00:00+00:00,4650.15,4654.67,4634.92,4640.88,26101
2026-04-29T07:30:00+00:00,4640.88,4644.42,4632.98,4633.46,25283
2026-04-29T08:00:00+00:00,4633.46,4639.19,4630.099999999999,4631.91,30116
2026-04-29T08:30:00+00:00,4631.91,4642.42,4622.91,4638.849999999999,24365
2026-04-29T09:00:00+00:00,4638.849999999999,4646.53,4631.38,4631.38,19803
2026-04-29T09:30:00+00:00,4631.38,4635.349999999999,4617.16,4621.429999999999,29851
2026-04-29T10:00:00+00:00,4621.429999999999,4638.92,4620.73,4637.55,18716
2026-04-29T10:30:00+00:00,4637.55,4642.29,4629.5199999999995,4635.48,17098
2026-04-29T11:00:00+00:00,4635.48,4637.849999999999,4629.42,4630.33,21549
2026-04-29T11:30:00+00:00,4630.33,4637.54,4624.79,4627.33,21117
2026-04-29T12:00:00+00:00,4627.33,4634.73,4624.75,4624.91,20797
2026-04-29T12:30:00+00:00,4624.91,4625.73,4606.95,4610.599999999999,33024
2026-04-29T13:00:00+00:00,4610.599999999999,4619.0599999999995,4600.219999999999,4603.54,43092
2026-04-29T13:30:00+00:00,4603.54,4605.3099999999995,4575.71,4587.389999999999,75388
2026-04-29T14:00:00+00:00,4587.389999999999,4603.54,4583.16,4599.0199999999995,65172
2026-04-29T14:30:00+00:00,4599.0199999999995,4608.46,4596.4,4605.12,48025
2026-04-29T15:00:00+00:00,4605.12,4612.62,4601.8099999999995,4609.139999999999,44313
2026-04-29T15:30:00+00:00,4609.139999999999,4624.63,4605.469999999999,4613.3,61982
2026-04-29T16:00:00+00:00,4613.3,4630.67,4612.59,4625.92,41956
2026-04-29T16:30:00+00:00,4625.92,4625.92,4608.98,4611.13,35627
2026-04-29T17:00:00+00:00,4611.13,4620.2,4608.55,4612.91,35827
2026-04-29T17:30:00+00:00,4612.91,4614.32,4607.24,4612.34,30641
2026-04-29T18:00:00+00:00,4612.34,4617.375,4589.615,4597.405,61202.52799808822
2026-04-29T18:30:00+00:00,4597.405,4605.915,4582.884999999999,4602.865,69819
2026-04-29T19:00:00+00:00,4602.865,4615.485,4597.974999999999,4607.6449999999995,40940
2026-04-29T19:30:00+00:00,4607.6449999999995,4614.665,4602.224999999999,4611.745,40581
2026-04-29T20:00:00+00:00,4611.745,4618.4349999999995,4605.905,4608.115,36699
2026-04-29T20:30:00+00:00,4608.115,4611.3949999999995,4605.884999999999,4609.065,15771
2026-04-29T22:00:00+00:00,4609.065,4612.645,4601.085,4610.845,11672.653422823314
2026-04-29T22:30:00+00:00,4610.845,4614.685,4609.185,4613.825,7312
2026-04-29T23:00:00+00:00,4613.825,4617.195,4611.425,4613.815,6783
2026-04-29T23:30:00+00:00,4613.815,4624.205,4613.205,4623.655,9183
2026-04-30T00:00:00+00:00,4623.655,4630.925,4618.425,4625.615,34392
2026-04-30T00:30:00+00:00,4625.615,4636.265,4624.285,4631.965,18287
2026-04-30T01:00:00+00:00,4631.965,4643.105,4626.645,4641.805,26227
2026-04-30T01:30:00+00:00,4641.805,4644.515,4633.005,4641.145,26223
2026-04-30T02:00:00+00:00,4641.145,4644.045,4634.045,4635.315,15469
2026-04-30T02:30:00+00:00,4635.315,4636.325,4621.995,4627.055,29055
2026-04-30T03:00:00+00:00,4627.055,4631.205,4624.345,4625.315,16206
2026-04-30T03:30:00+00:00,4625.315,4626.025,4617.615,4617.965,13539
2026-04-30T04:00:00+00:00,4617.965,4619.205,4607.765,4609.295,18405
2026-04-30T04:30:00+00:00,4609.295,4611.505,4602.845,4604.045,17490
2026-04-30T05:00:00+00:00,4604.045,4621.175,4603.835,4617.605,18528
2026-04-30T05:30:00+00:00,4617.605,4631.825,4615.875,4624.715,21268
2026-04-30T06:00:00+00:00,4624.715,4633.015,4622.155,4631.495,27646
2026-04-30T06:30:00+00:00,4631.495,4653.635,4631.495,4651.535,26690
2026-04-30T07:00:00+00:00,4651.535,4657.795,4646.775,4653.465,27118
2026-04-30T07:30:00+00:00,4653.465,4667.595,4650.015,4660.575,20589
2026-04-30T08:00:00+00:00,4660.575,4691.715,4659.385,4679.465,41346
2026-04-30T08:30:00+00:00,4679.465,4682.995,4675.815,4678.385,24870
2026-04-30T09:00:00+00:00,4678.385,4688.945,4676.325,4687.585,25700
2026-04-30T09:30:00+00:00,4687.585,4693.995,4680.095,4687.275,30983
2026-04-30T10:00:00+00:00,4687.275,4706.295,4685.655,4706.015,23240
2026-04-30T10:30:00+00:00,4706.015,4708.975,4695.915,4701.695,37942
2026-04-30T11:00:00+00:00,4701.695,4707.835,4692.335,4699.775,34866
2026-04-30T11:30:00+00:00,4699.775,4700.055,4688.875,4692.255,31323
2026-04-30T12:00:00+00:00,4692.255,4699.875,4690.495,4691.695,26124
2026-04-30T12:30:00+00:00,4691.695,4702.175,4686.195,4701.645,30050
2026-04-30T13:00:00+00:00,4701.645,4708.115,4694.895,4695.565,37408
2026-04-30T13:30:00+00:00,4695.565,4696.695,4672.565,4672.825,74324
2026-04-30T14:00:00+00:00,4672.825,4688.065,4671.155,4684.935,85535
2026-04-30T14:30:00+00:00,4684.935,4686.085,4672.865,4681.815,72144
2026-04-30T15:00:00+00:00,4681.815,4686.705,4676.945,4685.175,49009
2026-04-30T15:30:00+00:00,4685.175,4687.625,4673.405,4677.485,33993
2026-04-30T16:00:00+00:00,4677.485,4679.575,4667.595,4670.185,23797
2026-04-30T16:30:00+00:00,4670.185,4679.845,4667.395,4669.715,22015
2026-04-30T17:00:00+00:00,4669.715,4682.865,4669.525,4679.665,25043
2026-04-30T17:30:00+00:00,4679.665,4683.875,4676.975,4678.985,20834
2026-04-30T18:00:00+00:00,4678.985,4687.295,4678.785,4682.775,19213
2026-04-30T18:30:00+00:00,4682.775,4687.075,4680.985,4684.485,13908
2026-04-30T19:00:00+00:00,4684.485,4689.495,4679.065,4679.775,18605
2026-04-30T19:30:00+00:00,4679.775,4685.335,4676.445,4679.305,24350
2026-04-30T20:00:00+00:00,4679.305,4682.435,4677.925,4678.775,13969
2026-04-30T20:30:00+00:00,4678.775,4684.655,4677.565,4683.845,8479
2026-04-30T22:00:00+00:00,4683.845,4688.875,4674.835000000001,4686.935,9499.691042567047
2026-04-30T22:30:00+00:00,4686.935,4688.375,4682.345,4685.985000000001,8259
2026-04-30T23:00:00+00:00,4685.985000000001,4688.005,4683.925,4686.335,4936
2026-04-30T23:30:00+00:00,4686.335,4690.0650000000005,4682.155000000001,4682.395,7220
2026-05-01T00:00:00+00:00,4682.395,4686.895,4676.415,4679.665,15895
2026-05-01T00:30:00+00:00,4679.665,4681.205000000001,4674.135,4675.425,11684
2026-05-01T01:00:00+00:00,4675.425,4676.8150000000005,4669.755,4672.215,9563
2026-05-01T01:30:00+00:00,4672.215,4678.085,4672.015,4676.795,8025
2026-05-01T02:00:00+00:00,4676.795,4692.085,4675.6050000000005,4685.275000000001,9299
2026-05-01T02:30:00+00:00,4685.275000000001,4687.035000000001,4672.185,4675.165,9074
2026-05-01T03:00:00+00:00,4675.165,4682.625,4673.455000000001,4681.945000000001,6535
2026-05-01T03:30:00+00:00,4681.945000000001,4687.945000000001,4681.135,4682.445000000001,8392
2026-05-01T04:00:00+00:00,4682.445000000001,4684.5650000000005,4672.715,4673.445000000001,8350
2026-05-01T04:30:00+00:00,4673.445000000001,4673.965,4664.715,4664.895,8371
2026-05-01T05:00:00+00:00,4664.895,4672.045,4663.345,4670.345,7566
2026-05-01T05:30:00+00:00,4670.345,4671.145,4658.705000000001,4660.645,9748
2026-05-01T06:00:00+00:00,4660.645,4663.825000000001,4648.995000000001,4649.405000000001,16052
2026-05-01T06:30:00+00:00,4649.405000000001,4653.395,4646.495000000001,4650.555,18794
2026-05-01T07:00:00+00:00,4650.555,4654.015,4641.205000000001,4648.145,18899
2026-05-01T07:30:00+00:00,4648.145,4648.555,4631.775000000001,4634.005,15628
2026-05-01T08:00:00+00:00,4634.005,4638.405000000001,4622.225,4623.125,17078
2026-05-01T08:30:00+00:00,4623.125,4628.675,4620.645,4624.8550000000005,12130
2026-05-01T09:00:00+00:00,4624.8550000000005,4627.255,4620.055,4625.205000000001,11538
2026-05-01T09:30:00+00:00,4625.205000000001,4628.895,4615.945000000001,4618.655000000001,12281
2026-05-01T10:00:00+00:00,4618.655000000001,4628.685,4617.225,4627.965,8683
2026-05-01T10:30:00+00:00,4627.965,4632.025000000001,4621.995000000001,4622.8150000000005,10409
2026-05-01T11:00:00+00:00,4622.8150000000005,4632.275000000001,4618.3150000000005,4627.795,15897
2026-05-01T11:30:00+00:00,4627.795,4635.495000000001,4626.165,4634.665,13768
2026-05-01T12:00:00+00:00,4634.665,4663.765,4630.805,4658.665,32882
2026-05-01T12:30:00+00:00,4658.665,4659.205000000001,4644.945000000001,4646.805,25138
2026-05-01T13:00:00+00:00,4646.805,4653.145,4642.555,4645.165,22478
2026-05-01T13:30:00+00:00,4645.165,4684.695000000001,4642.375,4681.155000000001,61146
2026-05-01T14:00:00+00:00,4681.155000000001,4716.265,4679.585,4700.5650000000005,74007
2026-05-01T14:30:00+00:00,4700.5650000000005,4702.245000000001,4682.875,4688.015,59905
2026-05-01T15:00:00+00:00,4688.015,4696.655000000001,4674.755,4692.3550000000005,45463
2026-05-01T15:30:00+00:00,4692.3550000000005,4703.795,4688.835,4699.045,37580
2026-05-01T16:00:00+00:00,4699.045,4705.825000000001,4693.285000000001,4693.765,40037
2026-05-01T16:30:00+00:00,4693.765,4698.8550000000005,4689.575000000001,4694.6050000000005,32172
2026-05-01T17:00:00+00:00,4694.6050000000005,4698.595,4686.745000000001,4687.665,18626
2026-05-01T17:30:00+00:00,4687.665,4690.760000000001,4682.635,4685.160000000002,21755.57635659311
2026-05-01T18:00:00+00:00,4685.160000000002,4686.4000000000015,4669.390000000001,4678.950000000002,25056
2026-05-01T18:30:00+00:00,4678.950000000002,4681.710000000001,4671.790000000002,4680.130000000001,23795
2026-05-01T19:00:00+00:00,4680.130000000001,4683.490000000002,4676.190000000001,4679.960000000001,14290
2026-05-01T19:30:00+00:00,4679.960000000001,4680.350000000001,4664.520000000001,4666.560000000001,25846
2026-05-01T20:00:00+00:00,4666.560000000001,4671.480000000001,4662.560000000001,4668.660000000002,7201
2026-05-01T20:30:00+00:00,4668.660000000002,4670.870000000002,4665.370000000002,4669.060000000001,2756
2026-05-03T22:00:00+00:00,4669.060000000001,4669.890000000001,4650.460000000001,4661.220000000001,18529.553176402063
2026-05-03T22:30:00+00:00,4661.220000000001,4669.680000000001,4658.790000000002,4658.920000000002,10323
2026-05-03T23:00:00+00:00,4658.920000000002,4660.990000000002,4651.300000000001,4657.5700000000015,12775
2026-05-03T23:30:00+00:00,4657.5700000000015,4658.870000000002,4651.410000000002,4653.880000000002,13986
2026-05-04T00:00:00+00:00,4653.880000000002,4656.700000000002,4641.9000000000015,4646.310000000001,24216
2026-05-04T00:30:00+00:00,4646.310000000001,4653.660000000002,4644.920000000002,4653.1100000000015,13481
2026-05-04T01:00:00+00:00,4653.1100000000015,4654.290000000002,4634.240000000002,4634.930000000001,19971
2026-05-04T01:30:00+00:00,4634.930000000001,4654.100000000001,4632.830000000002,4653.220000000001,12206
2026-05-04T02:00:00+00:00,4653.220000000001,4659.010000000001,4631.700000000002,4633.480000000001,16570
2026-05-04T02:30:00+00:00,4633.480000000001,4651.450000000002,4631.1100000000015,4646.000000000002,11962
2026-05-04T03:00:00+00:00,4646.000000000002,4652.0700000000015,4644.560000000001,4649.880000000002,8805
2026-05-04T03:30:00+00:00,4649.880000000002,4657.450000000002,4638.550000000001,4655.370000000002,18223
2026-05-04T04:00:00+00:00,4655.370000000002,4655.8600000000015,4647.430000000001,4648.230000000001,10191
2026-05-04T04:30:00+00:00,4648.230000000001,4652.990000000002,4645.460000000002,4646.300000000001,8317
2026-05-04T05:00:00+00:00,4646.300000000001,4653.180000000001,4635.710000000002,4637.020000000001,17236
2026-05-04T05:30:00+00:00,4637.020000000001,4642.1100000000015,4632.3200000000015,4639.210000000002,15967
2026-05-04T06:00:00+00:00,4639.210000000002,4641.000000000002,4627.780000000002,4634.4000000000015,21062
2026-05-04T06:30:00+00:00,4634.4000000000015,4635.920000000002,4624.1100000000015,4628.960000000002,21136
2026-05-04T07:00:00+00:00,4628.960000000002,4633.760000000001,4623.3600000000015,4626.1500000000015,20029
2026-05-04T07:30:00+00:00,4626.1500000000015,4631.350000000001,4617.800000000001,4619.350000000001,21250
2026-05-04T08:00:00+00:00,4619.350000000001,4621.600000000001,4614.330000000002,4615.160000000002,24226
2026-05-04T08:30:00+00:00,4615.160000000002,4621.740000000002,4613.840000000002,4617.290000000002,14926
2026-05-04T09:00:00+00:00,4617.290000000002,4624.910000000002,4616.240000000002,4621.490000000002,12568
2026-05-04T09:30:00+00:00,4621.490000000002,4624.8600000000015,4611.950000000002,4615.730000000001,9410
2026-05-04T10:00:00+00:00,4615.730000000001,4616.220000000001,4566.410000000002,4585.1100000000015,74818
2026-05-04T10:30:00+00:00,4585.1100000000015,4606.980000000001,4583.240000000002,4602.9000000000015,37759
2026-05-04T11:00:00+00:00,4602.9000000000015,4611.010000000001,4601.330000000002,4602.250000000002,30296
2026-05-04T11:30:00+00:00,4602.250000000002,4603.300000000001,4591.430000000001,4600.6100000000015,30627
2026-05-04T12:00:00+00:00,4600.6100000000015,4619.590000000002,4599.270000000001,4608.870000000002,33179
2026-05-04T12:30:00+00:00,4608.870000000002,4616.300000000001,4601.580000000002,4608.540000000002,25940
2026-05-04T13:00:00+00:00,4608.540000000002,4616.4000000000015,4597.540000000002,4601.530000000002,44345
2026-05-04T13:30:00+00:00,4601.530000000002,4611.220000000001,4595.6500000000015,4604.010000000001,63956
2026-05-04T14:00:00+00:00,4604.010000000001,4622.3600000000015,4593.480000000001,4611.550000000001,61772
2026-05-04T14:30:00+00:00,4611.550000000001,4623.480000000001,4599.590000000002,4601.8200000000015,46177
2026-05-04T15:00:00+00:00,4601.8200000000015,4606.410000000002,4554.330000000002,4578.080000000002,86677
2026-05-04T15:30:00+00:00,4578.080000000002,4583.230000000001,4552.630000000002,4561.790000000002,76348
2026-05-04T16:00:00+00:00,4561.790000000002,4567.210000000002,4540.770000000001,4554.960000000002,71527
2026-05-04T16:30:00+00:00,4554.960000000002,4559.090000000002,4547.600000000001,4550.960000000002,40742
2026-05-04T17:00:00+00:00,4550.960000000002,4571.850000000001,4550.960000000002,4564.710000000002,44282
2026-05-04T17:30:00+00:00,4564.710000000002,4567.870000000002,4561.700000000002,4562.5700000000015,22658
2026-05-04T18:00:00+00:00,4562.5700000000015,4565.690000000001,4550.080000000002,4552.120000000002,20788
2026-05-04T18:30:00+00:00,4552.120000000002,4556.580000000002,4550.840000000002,4556.490000000002,22195
2026-05-04T19:00:00+00:00,4556.490000000002,4566.290000000002,4551.550000000001,4562.660000000002,30610
2026-05-04T19:30:00+00:00,4562.660000000002,4567.550000000001,4555.3600000000015,4557.8200000000015,22461
2026-05-04T20:00:00+00:00,4557.8200000000015,4558.280000000002,4551.8600000000015,4555.520000000001,6758
2026-05-04T20:30:00+00:00,4555.520000000001,4563.8200000000015,4554.810000000001,4562.140000000001,5452
2026-05-04T22:00:00+00:00,4562.140000000001,4563.550000000001,4556.290000000002,4558.790000000002,7019.224810678146
2026-05-04T22:30:00+00:00,4558.790000000002,4561.230000000001,4554.440000000001,4556.370000000002,4729
2026-05-04T23:00:00+00:00,4556.370000000002,4560.830000000002,4554.8600000000015,4560.350000000001,4604
2026-05-04T23:30:00+00:00,4560.350000000001,4560.620000000002,4556.170000000001,4558.260000000001,4494
2026-05-05T00:00:00+00:00,4558.260000000001,4567.6500000000015,4552.330000000002,4555.830000000002,15897
2026-05-05T00:30:00+00:00,4555.830000000002,4569.520000000001,4555.040000000002,4568.800000000001,10008
2026-05-05T01:00:00+00:00,4568.800000000001,4579.220000000001,4564.390000000001,4576.950000000002,13304
2026-05-05T01:30:00+00:00,4576.950000000002,4581.230000000001,4573.1100000000015,4580.220000000001,12891
2026-05-05T02:00:00+00:00,4580.220000000001,4581.770000000001,4573.5700000000015,4580.690000000001,7825
2026-05-05T02:30:00+00:00,4580.690000000001,4586.010000000001,4577.930000000001,4578.230000000001,8695
2026-05-05T03:00:00+00:00,4578.230000000001,4581.920000000001,4576.300000000001,4577.1500000000015,5942
2026-05-05T03:30:00+00:00,4577.1500000000015,4578.3200000000015,4571.440000000001,4573.810000000001,5810
2026-05-05T04:00:00+00:00,4573.810000000001,4574.990000000002,4568.450000000002,4568.690000000001,5454
2026-05-05T04:30:00+00:00,4568.690000000001,4575.670000000001,4567.010000000001,4572.8200000000015,7152
2026-05-05T05:00:00+00:00,4572.8200000000015,4584.740000000002,4570.280000000002,4579.090000000001,10880
2026-05-05T05:30:00+00:00,4579.090000000001,4590.920000000001,4578.830000000002,4584.940000000001,12982
2026-05-05T06:00:00+00:00,4584.940000000001,4591.060000000001,4572.780000000002,4575.960000000002,18292
2026-05-05T06:30:00+00:00,4575.960000000002,4590.1100000000015,4575.290000000002,4587.270000000001,15558
2026-05-05T07:00:00+00:00,4587.270000000001,4594.800000000001,4586.600000000001,4588.130000000001,16230
2026-05-05T07:30:00+00:00,4588.130000000001,4597.490000000002,4582.510000000001,4584.810000000001,19651
2026-05-05T08:00:00+00:00,4584.810000000001,4593.970000000001,4584.600000000001,4590.1500000000015,18705
2026-05-05T08:30:00+00:00,4590.1500000000015,4598.6500000000015,4586.970000000001,4597.520000000001,15527
2026-05-05T09:00:00+00:00,4597.520000000001,4599.620000000002,4591.340000000001,4591.340000000001,14471
2026-05-05T09:30:00+00:00,4591.340000000001,4597.450000000002,4590.130000000001,4595.310000000001,12151
2026-05-05T10:00:00+00:00,4595.310000000001,4596.060000000001,4586.000000000002,4587.010000000001,9855
2026-05-05T10:30:00+00:00,4587.010000000001,4593.250000000002,4579.340000000001,4582.890000000001,16053
2026-05-05T11:00:00+00:00,4582.890000000001,4596.780000000002,4578.980000000001,4595.240000000002,21739
2026-05-05T11:30:00+00:00,4595.240000000002,4604.130000000001,4594.240000000002,4602.040000000002,19242
2026-05-05T12:00:00+00:00,4602.040000000002,4613.330000000002,4593.300000000001,4612.5700000000015,33478
2026-05-05T12:30:00+00:00,4612.5700000000015,4613.430000000001,4600.840000000001,4603.530000000002,18026
2026-05-05T13:00:00+00:00,4603.530000000002,4624.180000000001,4603.490000000002,4616.030000000002,28407
2026-05-05T13:30:00+00:00,4616.030000000002,4622.280000000002,4610.510000000001,4618.060000000001,42088
2026-05-05T14:00:00+00:00,4618.060000000001,4625.9000000000015,4604.800000000001,4623.100000000001,50241
2026-05-05T14:30:00+00:00,4623.100000000001,4624.870000000002,4614.580000000002,4621.560000000001,32455
2026-05-05T15:00:00+00:00,4621.560000000001,4623.010000000001,4614.590000000001,4618.460000000002,26134
2026-05-05T15:30:00+00:00,4618.460000000002,4620.100000000001,4607.450000000002,4607.660000000002,22658
2026-05-05T16:00:00+00:00,4607.660000000002,4608.200000000002,4595.020000000001,4599.080000000002,21507
2026-05-05T16:30:00+00:00,4599.080000000002,4602.0700000000015,4592.750000000002,4600.380000000001,18170
2026-05-05T17:00:00+00:00,4600.380000000001,4601.840000000001,4592.380000000001,4597.890000000001,17776
2026-05-05T17:30:00+00:00,4597.890000000001,4601.880000000001,4595.250000000002,4599.060000000001,13298
2026-05-05T18:00:00+00:00,4599.060000000001,4604.660000000002,4597.840000000001,4601.220000000001,10142
2026-05-05T18:30:00+00:00,4601.220000000001,4605.000000000002,4596.710000000002,4600.080000000002,13205
2026-05-05T19:00:00+00:00,4600.080000000002,4600.760000000001,4594.060000000001,4595.420000000001,11547
2026-05-05T19:30:00+00:00,4595.420000000001,4598.000000000002,4590.660000000002,4594.100000000001,12683
2026-05-05T20:00:00+00:00,4594.100000000001,4598.950000000002,4593.0700000000015,4598.550000000001,5661
2026-05-05T20:30:00+00:00,4598.550000000001,4599.270000000001,4593.690000000001,4595.690000000001,5030
2026-05-05T22:00:00+00:00,4595.690000000001,4596.820000000001,4584.620000000001,4584.820000000001,8722.767914588094
2026-05-05T22:30:00+00:00,4584.820000000001,4615.450000000001,4584.530000000001,4611.890000000001,16113
2026-05-05T23:00:00+00:00,4611.890000000001,4629.160000000001,4607.800000000001,4620.330000000001,19511
2026-05-05T23:30:00+00:00,4620.330000000001,4634.2300000000005,4617.990000000001,4632.56,12364
2026-05-06T00:00:00+00:00,4632.56,4642.860000000001,4626.530000000001,4640.6900000000005,23353
2026-05-06T00:30:00+00:00,4640.6900000000005,4658.550000000001,4640.510000000001,4657.1900000000005,16977
2026-05-06T01:00:00+00:00,4657.1900000000005,4664.260000000001,4647.930000000001,4663.360000000001,25536
2026-05-06T01:30:00+00:00,4663.360000000001,4667.390000000001,4658.920000000001,4664.340000000001,17235
2026-05-06T02:00:00+00:00,4664.340000000001,4675.030000000001,4663.680000000001,4668.81,12274
2026-05-06T02:30:00+00:00,4668.81,4680.430000000001,4665.27,4679.490000000001,12721
2026-05-06T03:00:00+00:00,4679.490000000001,4689.800000000001,4676.920000000001,4684.370000000001,13504
2026-05-06T03:30:00+00:00,4684.370000000001,4690.610000000001,4681.030000000001,4682.120000000001,9349
2026-05-06T04:00:00+00:00,4682.120000000001,4692.110000000001,4681.81,4691.180000000001,8360
2026-05-06T04:30:00+00:00,4691.180000000001,4691.260000000001,4684.500000000001,4687.630000000001,11387
2026-05-06T05:00:00+00:00,4687.630000000001,4695.1900000000005,4687.27,4689.050000000001,9618
2026-05-06T05:30:00+00:00,4689.050000000001,4702.470000000001,4683.010000000001,4701.670000000001,15685
2026-05-06T06:00:00+00:00,4701.670000000001,4705.300000000001,4695.550000000001,4704.580000000001,19309
2026-05-06T06:30:00+00:00,4704.580000000001,4708.410000000001,4698.320000000001,4707.850000000001,16810
2026-05-06T07:00:00+00:00,4707.850000000001,4709.160000000001,4695.880000000001,4705.850000000001,16864
2026-05-06T07:30:00+00:00,4705.850000000001,4720.430000000001,4701.530000000001,4719.850000000001,18074
2026-05-06T08:00:00+00:00,4719.850000000001,4721.040000000001,4713.700000000001,4715.600000000001,17777
2026-05-06T08:30:00+00:00,4715.600000000001,4741.540000000001,4710.250000000001,4738.7300000000005,36532
2026-05-06T09:00:00+00:00,4738.7300000000005,4747.100000000001,4727.620000000001,4738.580000000001,36862
2026-05-06T09:30:00+00:00,4738.580000000001,4744.660000000001,4732.820000000001,4740.210000000001,26398
2026-05-06T10:00:00+00:00,4740.210000000001,4744.410000000001,4733.990000000001,4743.06,25450
2026-05-06T10:30:00+00:00,4743.06,4761.670000000001,4743.06,4756.370000000001,40724
2026-05-06T11:00:00+00:00,4756.370000000001,4759.860000000001,4744.040000000001,4744.040000000001,36794
2026-05-06T11:30:00+00:00,4744.040000000001,4754.040000000001,4729.4800000000005,4730.410000000001,34816
2026-05-06T12:00:00+00:00,4730.410000000001,4731.620000000001,4698.790000000001,4722.010000000001,50254
2026-05-06T12:30:00+00:00,4722.010000000001,4723.990000000001,4715.380000000001,4721.620000000001,32645
2026-05-06T13:00:00+00:00,4721.620000000001,4731.06,4707.320000000001,4723.600000000001,46870
2026-05-06T13:30:00+00:00,4723.600000000001,4746.240000000001,4718.6900000000005,4740.630000000001,60667
2026-05-06T14:00:00+00:00,4740.630000000001,4756.070000000001,4736.140000000001,4744.350000000001,56885
2026-05-06T14:30:00+00:00,4744.350000000001,4753.120000000001,4739.260000000001,4741.640000000001,48471
2026-05-06T15:00:00+00:00,4741.640000000001,4744.370000000001,4731.930000000001,4733.77,34214
2026-05-06T15:30:00+00:00,4733.77,4736.500000000001,4726.280000000001,4726.280000000001,31474
2026-05-06T16:00:00+00:00,4726.280000000001,4727.140000000001,4719.6900000000005,4726.870000000001,28999
2026-05-06T16:30:00+00:00,4726.870000000001,4730.630000000001,4718.070000000001,4721.590000000001,27191
2026-05-06T17:00:00+00:00,4721.590000000001,4726.640000000001,4718.090000000001,4721.610000000001,23710
2026-05-06T17:30:00+00:00,4721.610000000001,4723.210000000001,4717.56,4722.6900000000005,14416
2026-05-06T18:00:00+00:00,4722.6900000000005,4729.140000000001,4720.410000000001,4726.200000000001,12058
2026-05-06T18:30:00+00:00,4726.200000000001,4728.900000000001,4723.500000000001,4724.670000000001,13115
2026-05-06T19:00:00+00:00,4724.670000000001,4738.710000000001,4724.56,4736.850000000001,13970
2026-05-06T19:30:00+00:00,4736.850000000001,4737.400000000001,4730.840000000001,4731.06,17171
2026-05-06T20:00:00+00:00,4731.06,4738.120000000001,4730.400000000001,4731.220000000001,9390
2026-05-06T20:30:00+00:00,4731.220000000001,4731.630000000001,4723.750000000001,4729.6900000000005,7520
2026-05-06T22:00:00+00:00,4729.6900000000005,4740.410000000001,4728.4400000000005,4735.740000000001,10450.57295780503
2026-05-06T22:30:00+00:00,4735.740000000001,4740.2300000000005,4734.43,4735.170000000001,7420
2026-05-06T23:00:00+00:00,4735.170000000001,4739.224999999999,4730.335,4733.815,7508.637726814516
2026-05-06T23:30:00+00:00,4733.815,4739.775,4731.855,4739.3949999999995,7176
2026-05-07T00:00:00+00:00,4739.3949999999995,4741.554999999999,4729.974999999999,4732.545,23038
2026-05-07T00:30:00+00:00,4732.545,4733.575,4725.514999999999,4729.045,15138
2026-05-07T01:00:00+00:00,4729.045,4756.825,4725.304999999999,4744.594999999999,28175
2026-05-07T01:30:00+00:00,4744.594999999999,4761.8949999999995,4742.525,4755.175,21152
2026-05-07T02:00:00+00:00,4755.175,4759.035,4741.745,4742.974999999999,17601
2026-05-07T02:30:00+00:00,4742.974999999999,4750.355,4739.835,4747.3949999999995,13581
2026-05-07T03:00:00+00:00,4747.3949999999995,4750.045,4744.335,4744.835,12334
2026-05-07T03:30:00+00:00,4744.835,4745.3949999999995,4739.355,4739.605,6970
2026-05-07T04:00:00+00:00,4739.605,4741.344999999999,4734.995,4737.135,8809
2026-05-07T04:30:00+00:00,4737.135,4739.545,4732.405,4736.835,7048
2026-05-07T05:00:00+00:00,4736.835,4741.6849999999995,4734.764999999999,4736.315,8017
2026-05-07T05:30:00+00:00,4736.315,4746.965,4735.115,4741.4349999999995,13109
2026-05-07T06:00:00+00:00,4741.4349999999995,4758.1849999999995,4741.195,4757.505,17877
2026-05-07T06:30:00+00:00,4757.505,4790.295,4756.224999999999,4779.605,28370
2026-05-07T07:00:00+00:00,4779.605,4790.974999999999,4771.785,4779.825,36591
2026-05-07T07:30:00+00:00,4779.825,4784.785,4777.3949999999995,4783.575,21188
2026-05-07T08:00:00+00:00,4783.575,4793.804999999999,4773.735,4780.445,29775
2026-05-07T08:30:00+00:00,4780.445,4782.054999999999,4770.925,4771.365,17631
2026-05-07T09:00:00+00:00,4771.365,4779.105,4762.014999999999,4776.105,18398
2026-05-07T09:30:00+00:00,4776.105,4779.764999999999,4766.105,4769.495,16924
2026-05-07T10:00:00+00:00,4769.495,4776.485,4766.865,4772.735,16480
2026-05-07T10:30:00+00:00,4772.735,4780.035,4768.315,4776.005,13593
2026-05-07T11:00:00+00:00,4776.005,4777.295,4767.545,4773.465,15458
2026-05-07T11:30:00+00:00,4773.465,4784.065,4772.035,4783.105,19804
2026-05-07T12:00:00+00:00,4783.105,4787.525,4773.195,4778.014999999999,28844
2026-05-07T12:30:00+00:00,4778.014999999999,4792.995,4777.335,4790.514999999999,25014
2026-05-07T13:00:00+00:00,4790.514999999999,4790.514999999999,4771.465,4785.325,36256
2026-05-07T13:30:00+00:00,4785.325,4798.465,4777.585,4786.465,57933
2026-05-07T14:00:00+00:00,4786.465,4799.815,4781.155,4796.925,44192
2026-05-07T14:30:00+00:00,4796.925,4803.745,4787.565,4802.9349999999995,33585
2026-05-07T15:00:00+00:00,4802.9349999999995,4805.1449999999995,4776.745,4780.335,48623
2026-05-07T15:30:00+00:00,4780.335,4787.375,4766.665,4769.495,44621
2026-05-07T16:00:00+00:00,4769.495,4769.985,4744.445,4760.4349999999995,66860
2026-05-07T16:30:00+00:00,4760.4349999999995,4761.325,4750.615,4755.405,44779
2026-05-07T17:00:00+00:00,4755.405,4759.985,4728.165,4739.474999999999,59872
2026-05-07T17:30:00+00:00,4739.474999999999,4752.565,4733.715,4751.795,62469
2026-05-07T18:00:00+00:00,4751.795,4753.4349999999995,4745.525,4752.905,43437
2026-05-07T18:30:00+00:00,4752.905,4756.495,4735.775,4749.915,53901
2026-05-07T19:00:00+00:00,4749.915,4753.315,4738.045,4745.385,46524
2026-05-07T19:30:00+00:00,4745.385,4752.405,4742.965,4743.215,38235
2026-05-07T20:00:00+00:00,4743.215,4759.365,4743.215,4753.1849999999995,18983
2026-05-07T20:30:00+00:00,4753.1849999999995,4755.905,4724.945,4725.865,27180
2026-05-07T22:00:00+00:00,4725.865,4746.615,4722.515,4740.6050000000005,18231.73360771269
2026-05-07T22:30:00+00:00,4740.6050000000005,4742.255,4728.665,4732.635,10891
2026-05-07T23:00:00+00:00,4732.635,4745.5650000000005,4731.375,4743.535,7968
2026-05-07T23:30:00+00:00,4743.535,4752.615,4741.615,4751.275000000001,8961
2026-05-08T00:00:00+00:00,4751.275000000001,4756.525000000001,4740.975,4744.265,21939
2026-05-08T00:30:00+00:00,4744.265,4755.325,4742.895,4748.375,17253
2026-05-08T01:00:00+00:00,4748.375,4766.535,4747.665,4759.595,26946
2026-05-08T01:30:00+00:00,4759.595,4772.655000000001,4752.165,4769.875,22114
2026-05-08T02:00:00+00:00,4769.875,4779.825,4764.735000000001,4768.485000000001,17911
2026-05-08T02:30:00+00:00,4768.485000000001,4770.635,4753.885,4760.6050000000005,27336
2026-05-08T03:00:00+00:00,4760.6050000000005,4769.965,4758.165,4767.485000000001,14675
2026-05-08T03:30:00+00:00,4767.485000000001,4778.155000000001,4765.005,4766.645,12313
2026-05-08T04:00:00+00:00,4766.645,4770.415,4760.375,4764.6050000000005,10723
2026-05-08T04:30:00+00:00,4764.6050000000005,4765.545,4755.8150000000005,4758.235000000001,12012
2026-05-08T05:00:00+00:00,4758.235000000001,4767.435,4756.385,4766.3550000000005,12342
2026-05-08T05:30:00+00:00,4766.3550000000005,4778.235000000001,4766.3550000000005,4774.435,22167
2026-05-08T06:00:00+00:00,4774.435,4781.785,4759.465,4780.665,31049
2026-05-08T06:30:00+00:00,4780.665,4781.385,4768.455,4772.665,21014
2026-05-08T07:00:00+00:00,4772.665,4773.575,4743.805,4753.615,32241
2026-05-08T07:30:00+00:00,4753.615,4760.765,4748.345,4754.8550000000005,23652
2026-05-08T08:00:00+00:00,4754.8550000000005,4769.725,4753.665,4763.995,22178
2026-05-08T08:30:00+00:00,4763.995,4770.685,4761.965,4762.785,16519
2026-05-08T09:00:00+00:00,4762.785,4769.985000000001,4760.395,4764.955,13946
2026-05-08T09:30:00+00:00,4764.955,4765.925,4754.535,4758.895,18851
2026-05-08T10:00:00+00:00,4758.895,4771.045,4758.095,4767.455,12166
2026-05-08T10:30:00+00:00,4767.455,4775.115,4762.495,4766.785,15144
2026-05-08T11:00:00+00:00,4766.785,4774.485000000001,4765.785,4771.005,17108
2026-05-08T11:30:00+00:00,4771.005,4773.075,4760.735000000001,4764.8550000000005,14736
2026-05-08T12:00:00+00:00,4764.8550000000005,4766.925,4749.8550000000005,4756.655000000001,24597
2026-05-08T12:30:00+00:00,4756.655000000001,4779.1050000000005,4750.075,4771.375,48241
2026-05-08T13:00:00+00:00,4771.375,4776.135,4763.125,4774.235000000001,40372
2026-05-08T13:30:00+00:00,4774.235000000001,4794.905000000001,4773.8150000000005,4794.685,54539
2026-05-08T14:00:00+00:00,4794.685,4796.595,4763.625,4764.3150000000005,60226
2026-05-08T14:30:00+00:00,4764.3150000000005,4772.665,4760.425,4762.985000000001,49031
2026-05-08T15:00:00+00:00,4762.985000000001,4768.055,4751.335,4760.295,44520
2026-05-08T15:30:00+00:00,4760.295,4762.185,4749.085,4754.225,37398
2026-05-08T16:00:00+00:00,4754.225,4764.8150000000005,4752.645,4764.785,22539
2026-05-08T16:30:00+00:00,4764.785,4767.405000000001,4758.255,4759.635,20370
2026-05-08T17:00:00+00:00,4759.635,4769.195000000001,4759.335,4767.475,18726
2026-05-08T17:30:00+00:00,4767.475,4769.704999999999,4766.195,4767.704999999999,9805.005390302023
2026-05-08T18:00:00+00:00,4767.704999999999,4775.924999999999,4767.514999999999,4772.554999999999,19579
2026-05-08T18:30:00+00:00,4772.554999999999,4773.495,4766.804999999999,4768.905,12528
2026-05-08T19:00:00+00:00,4768.905,4772.6849999999995,4767.804999999999,4770.6449999999995,9037
2026-05-08T19:30:00+00:00,4770.6449999999995,4773.855,4768.485,4771.025,15251
2026-05-08T20:00:00+00:00,4771.025,4771.204999999999,4761.865,4764.004999999999,4804
2026-05-08T20:30:00+00:00,4764.004999999999,4765.834999999999,4762.334999999999,4762.905,1213
2026-05-10T22:00:00+00:00,4762.905,4777.445,4738.934999999999,4754.894999999999,22031.090746350867
2026-05-10T22:30:00+00:00,4754.894999999999,4755.074999999999,4747.094999999999,4752.244999999999,10859
2026-05-10T23:00:00+00:00,4752.244999999999,4757.664999999999,4748.784999999999,4755.074999999999,9521
2026-05-10T23:30:00+00:00,4755.074999999999,4759.254999999999,4750.404999999999,4752.104999999999,8638
2026-05-11T00:00:00+00:00,4752.104999999999,4752.324999999999,4736.064999999999,4743.484999999999,21700
2026-05-11T00:30:00+00:00,4743.484999999999,4753.844999999999,4730.254999999999,4743.594999999999,22599
2026-05-11T01:00:00+00:00,4743.594999999999,4766.044999999999,4734.704999999999,4759.394999999999,45172
2026-05-11T01:30:00+00:00,4759.394999999999,4762.264999999999,4740.354999999999,4745.874999999999,27297
2026-05-11T02:00:00+00:00,4745.874999999999,4753.554999999999,4738.644999999999,4749.014999999999,17575
2026-05-11T02:30:00+00:00,4749.014999999999,4760.684999999999,4736.894999999999,4742.184999999999,20725
2026-05-11T03:00:00+00:00,4742.184999999999,4750.774999999999,4735.744999999999,4750.034999999999,15129
2026-05-11T03:30:00+00:00,4750.034999999999,4750.904999999999,4737.374999999999,4738.924999999999,11126
2026-05-11T04:00:00+00:00,4738.924999999999,4740.264999999999,4730.694999999999,4732.254999999999,11206
2026-05-11T04:30:00+00:00,4732.254999999999,4736.454999999999,4728.664999999999,4732.424999999999,9757
2026-05-11T05:00:00+00:00,4732.424999999999,4736.504999999999,4730.914999999999,4730.914999999999,8525
2026-05-11T05:30:00+00:00,4730.914999999999,4741.284999999999,4708.094999999999,4712.604999999999,28113
2026-05-11T06:00:00+00:00,4712.604999999999,4731.054999999999,4709.634999999999,4727.804999999999,23923
2026-05-11T06:30:00+00:00,4727.804999999999,4740.914999999999,4727.604999999999,4738.964999999999,16491
2026-05-11T07:00:00+00:00,4738.964999999999,4740.784999999999,4732.364999999999,4736.044999999999,15633
2026-05-11T07:30:00+00:00,4736.044999999999,4738.204999999999,4724.554999999999,4728.054999999999,11631
2026-05-11T08:00:00+00:00,4728.054999999999,4739.184999999999,4724.594999999999,4731.814999999999,18125
2026-05-11T08:30:00+00:00,4731.814999999999,4735.744999999999,4727.104999999999,4728.104999999999,13060
2026-05-11T09:00:00+00:00,4728.104999999999,4730.504999999999,4717.234999999999,4717.954999999999,13288
2026-05-11T09:30:00+00:00,4717.954999999999,4725.364999999999,4710.884999999999,4717.354999999999,14344
2026-05-11T10:00:00+00:00,4717.354999999999,4726.394999999999,4716.814999999999,4723.774999999999,11224
2026-05-11T10:30:00+00:00,4723.774999999999,4727.964999999999,4720.714999999999,4724.484999999999,13668
2026-05-11T11:00:00+00:00,4724.484999999999,4732.744999999999,4724.414999999999,4732.294999999999,14500
2026-05-11T11:30:00+00:00,4732.294999999999,4737.764999999999,4730.494999999999,4734.984999999999,13818
2026-05-11T12:00:00+00:00,4734.984999999999,4755.694999999999,4727.784999999999,4750.954999999999,27228
2026-05-11T12:30:00+00:00,4750.954999999999,4761.514999999999,4746.594999999999,4760.524999999999,30480
2026-05-11T13:00:00+00:00,4760.524999999999,4796.224999999999,4759.034999999999,4788.874999999999,44163
2026-05-11T13:30:00+00:00,4788.874999999999,4809.014999999999,4788.474999999999,4796.174999999999,53141
2026-05-11T14:00:00+00:00,4796.174999999999,4798.604999999999,4778.794999999999,4785.564999999999,40742
2026-05-11T14:30:00+00:00,4785.564999999999,4794.404999999999,4775.424999999999,4785.954999999999,42710
2026-05-11T15:00:00+00:00,4785.954999999999,4798.694999999999,4783.204999999999,4793.344999999999,26680
2026-05-11T15:30:00+00:00,4793.344999999999,4795.244999999999,4785.324999999999,4792.474999999999,25512
2026-05-11T16:00:00+00:00,4792.474999999999,4794.084999999999,4782.794999999999,4784.354999999999,19145
2026-05-11T16:30:00+00:00,4784.354999999999,4786.604999999999,4768.334999999999,4776.794999999999,29420
2026-05-11T17:00:00+00:00,4776.794999999999,4782.184999999999,4776.294999999999,4778.704999999999,20490
2026-05-11T17:30:00+00:00,4778.704999999999,4785.124999999999,4778.194999999999,4784.184999999999,12933
2026-05-11T18:00:00+00:00,4784.184999999999,4787.854999999999,4781.404999999999,4787.454999999999,13393
2026-05-11T18:30:00+00:00,4787.454999999999,4789.794999999999,4785.204999999999,4785.344999999999,13657
2026-05-11T19:00:00+00:00,4785.344999999999,4788.844999999999,4783.384999999999,4784.784999999999,14688
2026-05-11T19:30:00+00:00,4784.784999999999,4796.674999999999,4782.834999999999,4794.074999999999,14436
2026-05-11T20:00:00+00:00,4794.074999999999,4798.074999999999,4790.204999999999,4795.594999999999,6389
2026-05-11T20:30:00+00:00,4795.594999999999,4798.984999999999,4792.904999999999,4795.714999999999,3963
2026-05-11T22:00:00+00:00,4795.714999999999,4807.704999999999,4794.284999999999,4803.484999999999,9449.888765628672
2026-05-11T22:30:00+00:00,4803.484999999999,4819.194999999999,4802.574999999999,4814.794999999999,9646
2026-05-11T23:00:00+00:00,4814.794999999999,4818.564999999999,4809.754999999999,4816.794999999999,9824
2026-05-11T23:30:00+00:00,4816.794999999999,4834.1849999999995,4814.984999999999,4831.124999999999,16076
2026-05-12T00:00:00+00:00,4831.124999999999,4837.454999999999,4816.584999999999,4826.224999999999,27353
2026-05-12T00:30:00+00:00,4826.224999999999,4827.844999999999,4812.314999999999,4813.144999999999,19271
2026-05-12T01:00:00+00:00,4813.144999999999,4819.384999999999,4797.414999999999,4799.164999999999,40802
2026-05-12T01:30:00+00:00,4799.164999999999,4802.704999999999,4784.084999999999,4791.014999999999,38095
2026-05-12T02:00:00+00:00,4791.014999999999,4797.854999999999,4788.074999999999,4790.764999999999,23645
2026-05-12T02:30:00+00:00,4790.764999999999,4797.424999999999,4785.884999999999,4794.024999999999,25876
2026-05-12T03:00:00+00:00,4794.024999999999,4797.344999999999,4786.394999999999,4787.544999999999,19712
2026-05-12T03:30:00+00:00,4787.544999999999,4791.994999999999,4781.554999999999,4784.154999999999,11065
2026-05-12T04:00:00+00:00,4784.154999999999,4794.384999999999,4783.214999999999,4786.374999999999,12936
2026-05-12T04:30:00+00:00,4786.374999999999,4790.214999999999,4774.534999999999,4777.884999999999,12552
2026-05-12T05:00:00+00:00,4777.884999999999,4782.764999999999,4772.494999999999,4778.814999999999,15475
2026-05-12T05:30:00+00:00,4778.814999999999,4786.204999999999,4773.604999999999,4777.844999999999,25151
2026-05-12T06:00:00+00:00,4777.844999999999,4777.9349999999995,4759.114999999999,4759.944999999999,26856
2026-05-12T06:30:00+00:00,4759.944999999999,4768.764999999999,4758.384999999999,4760.804999999999,25259
2026-05-12T07:00:00+00:00,4760.804999999999,4763.584999999999,4750.454999999999,4761.864999999999,24133
2026-05-12T07:30:00+00:00,4761.864999999999,4767.6849999999995,4759.384999999999,4763.664999999999,18617
2026-05-12T08:00:00+00:00,4763.664999999999,4770.704999999999,4760.974999999999,4766.754999999999,18458
2026-05-12T08:30:00+00:00,4766.754999999999,4770.494999999999,4761.794999999999,4767.214999999999,16447
2026-05-12T09:00:00+00:00,4767.214999999999,4767.214999999999,4761.404999999999,4763.464999999999,14313
2026-05-12T09:30:00+00:00,4763.464999999999,4769.054999999999,4757.974999999999,4763.374999999999,18283
2026-05-12T10:00:00+00:00,4763.374999999999,4772.414999999999,4762.604999999999,4764.124999999999,13464
2026-05-12T10:30:00+00:00,4764.124999999999,4764.214999999999,4748.364999999999,4758.354999999999,20883
2026-05-12T11:00:00+00:00,4758.354999999999,4764.134999999999,4750.884999999999,4764.024999999999,23779
2026-05-12T11:30:00+00:00,4764.024999999999,4773.124999999999,4761.674999999999,4770.354999999999,16994
2026-05-12T12:00:00+00:00,4770.354999999999,4772.114999999999,4758.894999999999,4760.804999999999,21853
2026-05-12T12:30:00+00:00,4760.804999999999,4775.354999999999,4753.224999999999,4769.504999999999,39608
2026-05-12T13:00:00+00:00,4769.504999999999,4772.724999999999,4743.334999999999,4754.754999999999,41866
2026-05-12T13:30:00+00:00,4754.754999999999,4765.604999999999,4740.454999999999,4743.064999999999,66067
2026-05-12T14:00:00+00:00,4743.064999999999,4758.844999999999,4739.844999999999,4747.194999999999,50964
2026-05-12T14:30:00+00:00,4747.194999999999,4752.014999999999,4732.954999999999,4736.804999999999,51818
2026-05-12T15:00:00+00:00,4736.804999999999,4739.984999999999,4701.784999999999,4719.944999999999,65045
2026-05-12T15:30:00+00:00,4719.944999999999,4734.104999999999,4717.714999999999,4729.894999999999,39312
2026-05-12T16:00:00+00:00,4729.894999999999,4738.954999999999,4728.104999999999,4732.154999999999,24783
2026-05-12T16:30:00+00:00,4732.154999999999,4738.264999999999,4728.894999999999,4735.094999999999,26422
2026-05-12T17:00:00+00:00,4735.094999999999,4746.1849999999995,4735.064999999999,4743.064999999999,22955
2026-05-12T17:30:00+00:00,4743.064999999999,4744.584999999999,4739.844999999999,4742.724999999999,14767
2026-05-12T18:00:00+00:00,4742.724999999999,4751.554999999999,4739.844999999999,4749.074999999999,23190
2026-05-12T18:30:00+00:00,4749.074999999999,4762.004999999999,4748.514999999999,4759.774999999999,21735
2026-05-12T19:00:00+00:00,4759.774999999999,4768.344999999999,4759.774999999999,4767.304999999999,14614
2026-05-12T19:30:00+00:00,4767.304999999999,4779.674999999999,4767.304999999999,4779.494999999999,20315
2026-05-12T20:00:00+00:00,4779.494999999999,4783.314999999999,4775.974999999999,4776.844999999999,9132
2026-05-12T20:30:00+00:00,4776.844999999999,4779.654999999999,4775.804999999999,4778.174999999999,6003
2026-05-12T22:00:00+00:00,4778.174999999999,4786.514999999999,4777.065,4782.284999999999,9388.421464041596
2026-05-12T22:30:00+00:00,4782.284999999999,4787.714999999999,4780.384999999999,4782.174999999999,6977
2026-05-12T23:00:00+00:00,4782.174999999999,4789.294999999999,4780.974999999999,4785.384999999999,10275
2026-05-12T23:30:00+00:00,4785.384999999999,4788.624999999999,4779.945,4782.4349999999995,14031
2026-05-13T00:00:00+00:00,4782.4349999999995,4791.565,4780.254999999999,4787.994999999999,24062
2026-05-13T00:30:00+00:00,4787.994999999999,4790.374999999999,4779.315,4780.204999999999,18112
2026-05-13T01:00:00+00:00,4780.204999999999,4782.695,4767.735,4769.634999999999,34031
2026-05-13T01:30:00+00:00,4769.634999999999,4775.905,4766.254999999999,4767.784999999999,21696
2026-05-13T02:00:00+00:00,4767.784999999999,4772.834999999999,4763.494999999999,4765.6849999999995,17063
2026-05-13T02:30:00+00:00,4765.6849999999995,4765.764999999999,4752.584999999999,4757.275,25168
2026-05-13T03:00:00+00:00,4757.275,4765.954999999999,4754.264999999999,4765.815,15411
2026-05-13T03:30:00+00:00,4765.815,4771.1449999999995,4759.674999999999,4761.344999999999,11943
2026-05-13T04:00:00+00:00,4761.344999999999,4768.655,4760.6449999999995,4766.525,9592
2026-05-13T04:30:00+00:00,4766.525,4768.615,4762.474999999999,4764.784999999999,10452
2026-05-13T05:00:00+00:00,4764.784999999999,4772.615,4763.054999999999,4763.374999999999,15541
2026-05-13T05:30:00+00:00,4763.374999999999,4770.744999999999,4758.714999999999,4769.464999999999,23434
2026-05-13T06:00:00+00:00,4769.464999999999,4780.605,4768.565,4774.094999999999,20732
2026-05-13T06:30:00+00:00,4774.094999999999,4778.865,4764.294999999999,4767.204999999999,19112
2026-05-13T07:00:00+00:00,4767.204999999999,4774.214999999999,4762.164999999999,4772.775,18140
2026-05-13T07:30:00+00:00,4772.775,4773.1849999999995,4766.525,4768.084999999999,13938
2026-05-13T08:00:00+00:00,4768.084999999999,4769.474999999999,4759.804999999999,4762.275,16336
2026-05-13T08:30:00+00:00,4762.275,4768.1449999999995,4759.624999999999,4765.905,12837
2026-05-13T09:00:00+00:00,4765.905,4767.254999999999,4751.134999999999,4754.195,15570
2026-05-13T09:30:00+00:00,4754.195,4766.365,4751.115,4766.284999999999,14254
2026-05-13T10:00:00+00:00,4766.284999999999,4775.954999999999,4763.905,4764.834999999999,18633
2026-05-13T10:30:00+00:00,4764.834999999999,4765.1849999999995,4758.954999999999,4759.485,13952
2026-05-13T11:00:00+00:00,4759.485,4765.775,4756.794999999999,4763.624999999999,17554
2026-05-13T11:30:00+00:00,4763.624999999999,4770.855,4762.634999999999,4762.6849999999995,16478
2026-05-13T12:00:00+00:00,4762.6849999999995,4766.905,4748.334999999999,4749.204999999999,26723
2026-05-13T12:30:00+00:00,4749.204999999999,4751.485,4741.115,4749.054999999999,46702
2026-05-13T13:00:00+00:00,4749.054999999999,4759.924999999999,4748.724999999999,4753.905,32082
2026-05-13T13:30:00+00:00,4753.905,4756.134999999999,4734.744999999999,4744.6849999999995,69722
2026-05-13T14:00:00+00:00,4744.6849999999995,4750.6849999999995,4738.195,4749.374999999999,51668
2026-05-13T14:30:00+00:00,4749.374999999999,4756.1849999999995,4742.485,4745.054999999999,41919
2026-05-13T15:00:00+00:00,4745.054999999999,4757.054999999999,4744.174999999999,4756.424999999999,33759
2026-05-13T15:30:00+00:00,4756.424999999999,4765.464999999999,4752.044999999999,4760.6449999999995,25652
2026-05-13T16:00:00+00:00,4760.6449999999995,4775.1849999999995,4760.235,4772.044999999999,24885
2026-05-13T16:30:00+00:00,4772.044999999999,4772.844999999999,4760.424999999999,4761.034999999999,22617
2026-05-13T17:00:00+00:00,4761.034999999999,4766.534999999999,4760.9349999999995,4763.764999999999,18028
2026-05-13T17:30:00+00:00,4763.764999999999,4763.865,4749.754999999999,4750.844999999999,18839
2026-05-13T18:00:00+00:00,4750.844999999999,4759.325,4749.664999999999,4757.264999999999,16270
2026-05-13T18:30:00+00:00,4757.264999999999,4758.094999999999,4742.664999999999,4750.315,19323
2026-05-13T19:00:00+00:00,4750.315,4755.724999999999,4748.584999999999,4752.474999999999,14198
2026-05-13T19:30:00+00:00,4752.474999999999,4754.775,4748.6449999999995,4753.365,17931
2026-05-13T20:00:00+00:00,4753.365,4758.544999999999,4751.224999999999,4756.594999999999,4999
2026-05-13T20:30:00+00:00,4756.594999999999,4758.034999999999,4752.855,4752.855,5194
2026-05-13T22:00:00+00:00,4752.855,4763.484999999999,4751.824999999999,4763.234999999999,9430.891550387598
2026-05-13T22:30:00+00:00,4763.234999999999,4766.8049999999985,4761.434999999999,4766.284999999999,5099
2026-05-13T23:00:00+00:00,4766.284999999999,4768.289999999999,4762.569999999999,4763.359999999999,4521.5013920386455
2026-05-13T23:30:00+00:00,4763.359999999999,4763.749999999999,4759.119999999999,4762.729999999999,7050
2026-05-14T00:00:00+00:00,4762.729999999999,4771.469999999999,4755.3499999999985,4766.949999999999,20910
2026-05-14T00:30:00+00:00,4766.949999999999,4772.729999999999,4758.979999999999,4771.0999999999985,16468
2026-05-14T01:00:00+00:00,4771.0999999999985,4773.059999999999,4749.949999999999,4758.8899999999985,44484
2026-05-14T01:30:00+00:00,4758.8899999999985,4761.109999999999,4749.569999999999,4754.959999999999,35648
2026-05-14T02:00:00+00:00,4754.959999999999,4760.259999999999,4752.629999999999,4759.789999999999,21152
2026-05-14T02:30:00+00:00,4759.789999999999,4765.869999999999,4745.729999999999,4752.239999999999,24406
2026-05-14T03:00:00+00:00,4752.239999999999,4759.379999999999,4747.199999999999,4757.309999999999,21294
2026-05-14T03:30:00+00:00,4757.309999999999,4757.869999999999,4739.919999999999,4741.209999999999,15108
2026-05-14T04:00:00+00:00,4741.209999999999,4773.609999999999,4734.029999999999,4768.209999999999,16999
2026-05-14T04:30:00+00:00,4768.209999999999,4778.8499999999985,4766.989999999999,4768.439999999999,13121
2026-05-14T05:00:00+00:00,4768.439999999999,4770.289999999999,4759.229999999999,4759.749999999999,11323
2026-05-14T05:30:00+00:00,4759.749999999999,4769.439999999999,4755.009999999999,4756.0999999999985,24101
2026-05-14T06:00:00+00:00,4756.0999999999985,4760.939999999999,4752.219999999999,4757.519999999999,22386
2026-05-14T06:30:00+00:00,4757.519999999999,4768.6399999999985,4756.909999999999,4766.249999999999,19592
2026-05-14T07:00:00+00:00,4766.249999999999,4773.079999999999,4760.559999999999,4771.509999999999,21581
2026-05-14T07:30:00+00:00,4771.509999999999,4784.809999999999,4756.789999999999,4759.409999999999,24788
2026-05-14T08:00:00+00:00,4759.409999999999,4771.0999999999985,4757.989999999999,4769.009999999999,22003
2026-05-14T08:30:00+00:00,4769.009999999999,4772.779999999999,4758.939999999999,4759.489999999999,19700
2026-05-14T09:00:00+00:00,4759.489999999999,4764.179999999999,4755.959999999999,4756.759999999999,15691
2026-05-14T09:30:00+00:00,4756.759999999999,4768.699999999999,4754.279999999999,4765.659999999999,19389
2026-05-14T10:00:00+00:00,4765.659999999999,4771.559999999999,4760.089999999999,4763.649999999999,19283
2026-05-14T10:30:00+00:00,4763.649999999999,4764.1399999999985,4757.229999999999,4763.039999999999,16630
2026-05-14T11:00:00+00:00,4763.039999999999,4764.899999999999,4755.539999999999,4758.239999999999,15273
2026-05-14T11:30:00+00:00,4758.239999999999,4770.999999999999,4756.969999999999,4760.169999999999,19092
2026-05-14T12:00:00+00:00,4760.169999999999,4773.619999999999,4758.3899999999985,4768.6399999999985,20533
2026-05-14T12:30:00+00:00,4768.6399999999985,4776.199999999999,4762.029999999999,4770.909999999999,24856
2026-05-14T13:00:00+00:00,4770.909999999999,4773.939999999999,4754.249999999999,4754.499999999999,35574
2026-05-14T13:30:00+00:00,4754.499999999999,4757.129999999999,4732.289999999999,4745.699999999999,62564
2026-05-14T14:00:00+00:00,4745.699999999999,4767.029999999999,4743.419999999999,4757.609999999999,46020
2026-05-14T14:30:00+00:00,4757.609999999999,4758.549999999999,4745.239999999999,4745.5999999999985,34037
2026-05-14T15:00:00+00:00,4745.5999999999985,4755.679999999999,4743.179999999999,4751.939999999999,26630
2026-05-14T15:30:00+00:00,4751.939999999999,4755.089999999999,4747.079999999999,4751.729999999999,21066
2026-05-14T16:00:00+00:00,4751.729999999999,4752.719999999999,4740.029999999999,4743.459999999999,20890
2026-05-14T16:30:00+00:00,4743.459999999999,4745.169999999999,4736.569999999999,4744.679999999999,17837
2026-05-14T17:00:00+00:00,4744.679999999999,4749.059999999999,4742.859999999999,4743.359999999999,22322
2026-05-14T17:30:00+00:00,4743.359999999999,4747.989999999999,4742.459999999999,4744.3899999999985,16282
2026-05-14T18:00:00+00:00,4744.3899999999985,4744.529999999999,4734.969999999999,4739.609999999999,18159
2026-05-14T18:30:00+00:00,4739.609999999999,4741.109999999999,4732.769999999999,4737.699999999999,10114
2026-05-14T19:00:00+00:00,4737.699999999999,4737.979999999999,4728.959999999999,4729.479999999999,9928
2026-05-14T19:30:00+00:00,4729.479999999999,4731.749999999999,4719.149999999999,4720.399999999999,23059
2026-05-14T20:00:00+00:00,4720.399999999999,4723.129999999999,4712.8899999999985,4714.109999999999,9788
2026-05-14T20:30:00+00:00,4714.109999999999,4718.999999999999,4710.399999999999,4716.179999999999,7483
2026-05-14T22:00:00+00:00,4716.179999999999,4722.649999999999,4710.039999999998,4722.069999999999,11917.926855763428
2026-05-14T22:30:00+00:00,4722.069999999999,4725.759999999998,4721.469999999998,4725.4299999999985,5454
2026-05-14T23:00:00+00:00,4725.4299999999985,4727.379999999998,4718.689999999999,4727.019999999999,8423
2026-05-14T23:30:00+00:00,4727.019999999999,4728.489999999999,4709.479999999999,4715.199999999999,17893
2026-05-15T00:00:00+00:00,4715.199999999999,4721.399999999999,4692.109999999999,4693.1799999999985,35459
2026-05-15T00:30:00+00:00,4693.1799999999985,4693.729999999999,4676.369999999999,4693.129999999998,35421
2026-05-15T01:00:00+00:00,4693.129999999998,4694.449999999999,4670.609999999999,4671.699999999999,64341
2026-05-15T01:30:00+00:00,4671.699999999999,4687.6799999999985,4670.219999999998,4677.259999999998,46946
2026-05-15T02:00:00+00:00,4677.259999999998,4681.919999999998,4672.369999999999,4675.669999999998,34553
2026-05-15T02:30:00+00:00,4675.669999999998,4686.469999999998,4672.539999999998,4681.149999999999,31199
2026-05-15T03:00:00+00:00,4681.149999999999,4685.3899999999985,4672.8499999999985,4675.8899999999985,24236
2026-05-15T03:30:00+00:00,4675.8899999999985,4680.319999999999,4670.559999999999,4678.3499999999985,16346
2026-05-15T04:00:00+00:00,4678.3499999999985,4684.469999999998,4670.3499999999985,4673.819999999999,16368
2026-05-15T04:30:00+00:00,4673.819999999999,4677.949999999999,4667.299999999998,4669.229999999999,17180
2026-05-15T05:00:00+00:00,4669.229999999999,4669.519999999999,4643.6399999999985,4651.829999999999,32007
2026-05-15T05:30:00+00:00,4651.829999999999,4653.049999999998,4620.289999999998,4621.499999999998,63115
2026-05-15T06:00:00+00:00,4621.499999999998,4641.379999999998,4619.129999999998,4638.149999999999,52022
2026-05-15T06:30:00+00:00,4638.149999999999,4643.439999999999,4627.299999999998,4632.859999999999,35582
2026-05-15T07:00:00+00:00,4632.859999999999,4651.839999999998,4628.989999999999,4644.879999999998,40212
2026-05-15T07:30:00+00:00,4644.879999999998,4645.699999999999,4631.339999999998,4633.839999999998,23214
2026-05-15T08:00:00+00:00,4633.839999999998,4635.219999999998,4615.719999999998,4621.3899999999985,35370
2026-05-15T08:30:00+00:00,4621.3899999999985,4626.729999999999,4612.879999999998,4617.519999999999,35151
2026-05-15T09:00:00+00:00,4617.519999999999,4626.779999999999,4602.469999999998,4616.399999999999,37431
2026-05-15T09:30:00+00:00,4616.399999999999,4618.799999999998,4594.8899999999985,4608.829999999999,34159
2026-05-15T10:00:00+00:00,4608.829999999999,4626.299999999998,4607.219999999998,4614.8899999999985,31145
2026-05-15T10:30:00+00:00,4614.8899999999985,4635.689999999999,4612.479999999999,4629.049999999998,39471
2026-05-15T11:00:00+00:00,4629.049999999998,4633.269999999999,4622.119999999999,4625.509999999998,29702
2026-05-15T11:30:00+00:00,4625.509999999998,4625.829999999999,4612.879999999998,4615.089999999998,27087
2026-05-15T12:00:00+00:00,4615.089999999998,4621.829999999999,4607.989999999999,4617.999999999998,34956
2026-05-15T12:30:00+00:00,4617.999999999998,4618.6399999999985,4606.629999999998,4609.019999999999,32411
2026-05-15T13:00:00+00:00,4609.019999999999,4620.539999999998,4598.739999999999,4611.759999999998,47498
2026-05-15T13:30:00+00:00,4611.759999999998,4614.319999999999,4573.569999999999,4596.419999999998,88153
2026-05-15T14:00:00+00:00,4596.419999999998,4625.819999999999,4588.269999999999,4618.529999999999,79564
2026-05-15T14:30:00+00:00,4618.529999999999,4629.509999999998,4609.009999999998,4625.689999999999,68556
2026-05-15T15:00:00+00:00,4625.689999999999,4626.649999999999,4605.919999999998,4610.319999999999,53370
2026-05-15T15:30:00+00:00,4610.319999999999,4613.399999999999,4596.749999999998,4603.069999999999,45546
2026-05-15T16:00:00+00:00,4603.069999999999,4605.529999999999,4592.299999999998,4604.049999999998,33431
2026-05-15T16:30:00+00:00,4604.049999999998,4611.199999999999,4603.079999999999,4607.379999999998,30772
2026-05-15T17:00:00+00:00,4607.379999999998,4627.4299999999985,4606.1799999999985,4620.749999999998,33899
2026-05-15T17:30:00+00:00,4620.749999999998,4626.6799999999985,4620.204999999999,4622.484999999999,24624.889219639466
2026-05-15T18:00:00+00:00,4622.484999999999,4625.944999999999,4615.984999999999,4621.154999999999,25786
2026-05-15T18:30:00+00:00,4621.154999999999,4625.8949999999995,4615.444999999999,4622.284999999999,23931
2026-05-15T19:00:00+00:00,4622.284999999999,4623.234999999999,4611.4349999999995,4613.294999999999,20799
2026-05-15T19:30:00+00:00,4613.294999999999,4618.324999999999,4607.904999999999,4608.954999999999,24884
2026-05-15T20:00:00+00:00,4608.954999999999,4609.474999999999,4595.874999999999,4602.274999999999,13011
2026-05-15T20:30:00+00:00,4602.274999999999,4606.884999999999,4601.8949999999995,4603.034999999999,4163
2026-05-17T22:00:00+00:00,4603.034999999999,4611.2249999999985,4584.814999999999,4597.154999999999,18963.296718307512
2026-05-17T22:30:00+00:00,4597.154999999999,4610.904999999999,4596.964999999999,4602.494999999999,14952
2026-05-17T23:00:00+00:00,4602.494999999999,4604.004999999999,4594.0549999999985,4594.244999999999,14242
2026-05-17T23:30:00+00:00,4594.244999999999,4600.174999999999,4587.944999999999,4593.084999999999,23795
2026-05-18T00:00:00+00:00,4593.084999999999,4598.364999999999,4570.624999999999,4571.944999999999,50594
2026-05-18T00:30:00+00:00,4571.944999999999,4575.064999999999,4536.444999999999,4572.064999999999,61452
2026-05-18T01:00:00+00:00,4572.064999999999,4572.064999999999,4545.624999999999,4559.964999999999,81479
2026-05-18T01:30:00+00:00,4559.964999999999,4591.964999999999,4556.034999999999,4581.954999999999,56729
2026-05-18T02:00:00+00:00,4581.954999999999,4597.004999999999,4578.434999999999,4589.864999999999,33595
2026-05-18T02:30:00+00:00,4589.864999999999,4599.0149999999985,4585.644999999999,4589.914999999999,31503
2026-05-18T03:00:00+00:00,4589.914999999999,4594.234999999999,4583.314999999999,4592.0549999999985,28656
2026-05-18T03:30:00+00:00,4592.0549999999985,4604.164999999999,4581.634999999998,4597.574999999999,32181
2026-05-18T04:00:00+00:00,4597.574999999999,4606.034999999999,4586.464999999999,4589.174999999999,23501
2026-05-18T04:30:00+00:00,4589.174999999999,4602.114999999999,4588.584999999999,4597.034999999999,23829
2026-05-18T05:00:00+00:00,4597.034999999999,4607.024999999999,4589.374999999999,4604.944999999999,29995
2026-05-18T05:30:00+00:00,4604.944999999999,4607.984999999999,4586.174999999999,4587.504999999999,33626
2026-05-18T06:00:00+00:00,4587.504999999999,4604.624999999999,4586.434999999999,4594.024999999999,30305
2026-05-18T06:30:00+00:00,4594.024999999999,4603.924999999999,4591.294999999999,4603.114999999999,26776
2026-05-18T07:00:00+00:00,4603.114999999999,4607.464999999999,4594.674999999999,4606.904999999999,25139
2026-05-18T07:30:00+00:00,4606.904999999999,4616.214999999999,4596.284999999999,4602.574999999999,31403
2026-05-18T08:00:00+00:00,4602.574999999999,4607.7249999999985,4598.774999999999,4604.2649999999985,22306
2026-05-18T08:30:00+00:00,4604.2649999999985,4613.394999999999,4602.284999999999,4606.184999999999,19297
2026-05-18T09:00:00+00:00,4606.184999999999,4608.324999999999,4597.254999999999,4601.184999999999,17630
2026-05-18T09:30:00+00:00,4601.184999999999,4602.774999999999,4596.814999999999,4599.504999999999,17997
2026-05-18T10:00:00+00:00,4599.504999999999,4601.434999999999,4592.034999999999,4595.914999999999,18293
2026-05-18T10:30:00+00:00,4595.914999999999,4603.914999999999,4588.414999999999,4596.634999999998,18785
2026-05-18T11:00:00+00:00,4596.634999999998,4598.194999999999,4586.384999999998,4592.184999999999,22659
2026-05-18T11:30:00+00:00,4592.184999999999,4623.154999999999,4592.004999999999,4607.134999999998,51906
2026-05-18T12:00:00+00:00,4607.134999999998,4613.0549999999985,4601.7649999999985,4606.814999999999,29322
2026-05-18T12:30:00+00:00,4606.814999999999,4631.034999999999,4606.564999999999,4627.534999999999,46129
2026-05-18T13:00:00+00:00,4627.534999999999,4632.704999999999,4618.284999999999,4628.284999999999,40641
2026-05-18T13:30:00+00:00,4628.284999999999,4640.604999999999,4620.234999999999,4631.994999999999,72524
2026-05-18T14:00:00+00:00,4631.994999999999,4631.994999999999,4611.494999999999,4617.934999999999,69910
2026-05-18T14:30:00+00:00,4617.934999999999,4619.424999999999,4594.174999999999,4602.8049999999985,65597
2026-05-18T15:00:00+00:00,4602.8049999999985,4604.384999999998,4588.064999999999,4591.064999999999,58153
2026-05-18T15:30:00+00:00,4591.064999999999,4603.3049999999985,4590.424999999999,4599.934999999999,36806
2026-05-18T16:00:00+00:00,4599.934999999999,4607.024999999999,4590.344999999998,4593.494999999999,35698
2026-05-18T16:30:00+00:00,4593.494999999999,4610.874999999999,4590.754999999999,4606.424999999999,34719
2026-05-18T17:00:00+00:00,4606.424999999999,4614.614999999999,4604.2249999999985,4610.2249999999985,29666
2026-05-18T17:30:00+00:00,4610.2249999999985,4610.494999999999,4601.854999999999,4603.2649999999985,21898
2026-05-18T18:00:00+00:00,4603.2649999999985,4604.234999999999,4592.964999999999,4598.464999999999,25016
2026-05-18T18:30:00+00:00,4598.464999999999,4600.354999999999,4590.484999999999,4592.134999999998,23184
2026-05-18T19:00:00+00:00,4592.134999999998,4620.864999999999,4591.544999999999,4608.0549999999985,56565
2026-05-18T19:30:00+00:00,4608.0549999999985,4619.2249999999985,4606.664999999999,4614.784999999999,31969
2026-05-18T20:00:00+00:00,4614.784999999999,4623.2249999999985,4614.204999999999,4619.504999999999,8568
2026-05-18T20:30:00+00:00,4619.504999999999,4623.234999999999,4617.994999999999,4623.234999999999,6215
2026-05-18T22:00:00+00:00,4623.234999999999,4632.104999999999,4622.634999999998,4630.714999999998,10318.927341601073
2026-05-18T22:30:00+00:00,4630.714999999998,4636.0549999999985,4629.034999999999,4631.404999999999,6257
2026-05-18T23:00:00+00:00,4631.404999999999,4646.394999999999,4631.214999999998,4643.504999999998,10348
2026-05-18T23:30:00+00:00,4643.504999999998,4645.404999999999,4636.984999999999,4639.564999999999,8635
2026-05-19T00:00:00+00:00,4639.564999999999,4646.774999999999,4626.0549999999985,4631.024999999999,27921
2026-05-19T00:30:00+00:00,4631.024999999999,4633.944999999999,4619.214999999998,4621.104999999999,19065
2026-05-19T01:00:00+00:00,4621.104999999999,4626.984999999999,4611.584999999999,4616.644999999999,34783
2026-05-19T01:30:00+00:00,4616.644999999999,4630.034999999999,4613.0549999999985,4621.194999999999,28244
2026-05-19T02:00:00+00:00,4621.194999999999,4621.194999999999,4608.904999999999,4617.5549999999985,26792
2026-05-19T02:30:00+00:00,4617.5549999999985,4617.7649999999985,4603.254999999998,4604.934999999999,23909
2026-05-19T03:00:00+00:00,4604.934999999999,4610.714999999998,4601.394999999999,4606.534999999999,18677
2026-05-19T03:30:00+00:00,4606.534999999999,4612.464999999999,4601.054999999999,4602.504999999999,14725
2026-05-19T04:00:00+00:00,4602.504999999999,4603.1449999999995,4595.285,4597.815,15471
2026-05-19T04:30:00+00:00,4597.815,4601.285000000001,4595.355,4599.915,12302
2026-05-19T05:00:00+00:00,4599.915,4603.915,4587.945000000001,4595.575,19573
2026-05-19T05:30:00+00:00,4595.575,4601.645,4590.1050000000005,4597.915,30712
2026-05-19T06:00:00+00:00,4597.915,4611.405,4590.825,4604.915,30682
2026-05-19T06:30:00+00:00,4604.915,4610.335,4600.445,4605.3949999999995,21858
2026-05-19T07:00:00+00:00,4605.3949999999995,4612.705,4600.415,4605.755,22062
2026-05-19T07:30:00+00:00,4605.755,4616.805,4598.815,4614.515,22984
2026-05-19T08:00:00+00:00,4614.515,4616.515,4593.525,4595.885,23591
2026-05-19T08:30:00+00:00,4595.885,4605.995,4594.245,4600.025,15364
2026-05-19T09:00:00+00:00,4600.025,4604.115,4593.225,4597.905,18790
2026-05-19T09:30:00+00:00,4597.905,4601.955,4593.965,4598.955,20540
2026-05-19T10:00:00+00:00,4598.955,4599.635,4593.3150000000005,4597.1849999999995,13483
2026-05-19T10:30:00+00:00,4597.1849999999995,4602.054999999999,4582.775,4602.054999999999,29180
2026-05-19T11:00:00+00:00,4602.054999999999,4605.245,4593.105,4596.594999999999,21439
2026-05-19T11:30:00+00:00,4596.594999999999,4600.514999999999,4587.075,4588.124999999999,21608
2026-05-19T12:00:00+00:00,4588.124999999999,4603.694999999999,4584.6449999999995,4600.735,23198
2026-05-19T12:30:00+00:00,4600.735,4604.315,4592.815,4594.244999999999,23193
2026-05-19T13:00:00+00:00,4594.244999999999,4594.504999999999,4548.174999999999,4549.294999999999,57337
2026-05-19T13:30:00+00:00,4549.294999999999,4568.294999999999,4521.754999999999,4560.824999999999,101574
2026-05-19T14:00:00+00:00,4560.824999999999,4571.204999999999,4541.775,4547.114999999999,86513
2026-05-19T14:30:00+00:00,4547.114999999999,4555.754999999999,4543.514999999999,4551.214999999999,66393
2026-05-19T15:00:00+00:00,4551.214999999999,4562.264999999999,4547.034999999999,4556.065,48342
2026-05-19T15:30:00+00:00,4556.065,4566.525,4555.054999999999,4565.584999999999,38993
2026-05-19T16:00:00+00:00,4565.584999999999,4569.235,4553.514999999999,4565.9349999999995,30579
2026-05-19T16:30:00+00:00,4565.9349999999995,4569.714999999999,4561.784999999999,4564.985,25298
2026-05-19T17:00:00+00:00,4564.985,4568.315,4560.504999999999,4564.164999999999,24542
2026-05-19T17:30:00+00:00,4564.164999999999,4565.605,4556.294999999999,4557.904999999999,22532
2026-05-19T18:00:00+00:00,4557.904999999999,4561.065,4552.704999999999,4553.174999999999,21585
2026-05-19T18:30:00+00:00,4553.174999999999,4558.044999999999,4547.344999999999,4550.694999999999,26921
2026-05-19T19:00:00+00:00,4550.694999999999,4554.8949999999995,4542.704999999999,4544.224999999999,22116
2026-05-19T19:30:00+00:00,4544.224999999999,4547.114999999999,4538.264999999999,4540.364999999999,23625
2026-05-19T20:00:00+00:00,4540.364999999999,4545.364999999999,4538.034999999999,4543.404999999999,7445
2026-05-19T20:30:00+00:00,4543.404999999999,4543.594999999999,4538.654999999999,4539.315,4970
2026-05-19T22:00:00+00:00,4539.315,4542.195,4533.974999999999,4535.4349999999995,7199.41637298177
2026-05-19T22:30:00+00:00,4535.4349999999995,4541.964999999999,4533.334999999999,4540.204999999999,9838
2026-05-19T23:00:00+00:00,4540.204999999999,4544.834999999999,4535.6849999999995,4542.124999999999,9032
2026-05-19T23:30:00+00:00,4542.124999999999,4552.775,4541.4349999999995,4545.285,13708
2026-05-20T00:00:00+00:00,4545.285,4558.254999999999,4535.504999999999,4557.695,39367
2026-05-20T00:30:00+00:00,4557.695,4565.124999999999,4554.044999999999,4557.084999999999,39401
2026-05-20T01:00:00+00:00,4557.084999999999,4562.365,4528.914999999999,4529.764999999999,45064
2026-05-20T01:30:00+00:00,4529.764999999999,4544.695,4511.9349999999995,4537.254999999999,62227
2026-05-20T02:00:00+00:00,4537.254999999999,4543.275,4532.094999999999,4537.454999999999,31772
2026-05-20T02:30:00+00:00,4537.454999999999,4539.754999999999,4514.535,4521.714999999999,37371
2026-05-20T03:00:00+00:00,4521.714999999999,4523.464999999999,4509.445,4517.174999999999,26810
2026-05-20T03:30:00+00:00,4517.174999999999,4522.325,4513.384999999999,4520.004999999999,19464
2026-05-20T04:00:00+00:00,4520.004999999999,4526.914999999999,4518.565,4521.565,20140
2026-05-20T04:30:00+00:00,4521.565,4522.214999999999,4512.735,4518.384999999999,15559
2026-05-20T05:00:00+00:00,4518.384999999999,4531.565,4517.605,4524.424999999999,18424
2026-05-20T05:30:00+00:00,4524.424999999999,4535.584999999999,4519.414999999999,4529.014999999999,31287
2026-05-20T06:00:00+00:00,4529.014999999999,4534.634999999999,4523.294999999999,4528.285,32679
2026-05-20T06:30:00+00:00,4528.285,4534.235,4517.714999999999,4530.494999999999,26047
2026-05-20T07:00:00+00:00,4530.494999999999,4541.525,4528.035,4539.115,28612
2026-05-20T07:30:00+00:00,4539.115,4542.275,4531.365,4534.884999999999,21219
2026-05-20T08:00:00+00:00,4534.884999999999,4542.855,4532.874999999999,4542.664999999999,27710
2026-05-20T08:30:00+00:00,4542.664999999999,4546.424999999999,4532.985,4539.954999999999,27759
2026-05-20T09:00:00+00:00,4539.954999999999,4542.474999999999,4528.714999999999,4530.275,20058
2026-05-20T09:30:00+00:00,4530.275,4547.4349999999995,4529.014999999999,4541.014999999999,17644
2026-05-20T10:00:00+00:00,4541.014999999999,4548.964999999999,4540.764999999999,4545.224999999999,13029
2026-05-20T10:30:00+00:00,4545.224999999999,4553.244999999999,4544.804999999999,4550.714999999999,16350
2026-05-20T11:00:00+00:00,4550.714999999999,4557.344999999999,4547.275,4556.134999999999,14059
2026-05-20T11:30:00+00:00,4556.134999999999,4556.6849999999995,4547.004999999999,4555.325,19550
2026-05-20T12:00:00+00:00,4555.325,4557.224999999999,4549.004999999999,4555.954999999999,23644
2026-05-20T12:30:00+00:00,4555.954999999999,4561.594999999999,4550.044999999999,4552.445,23720
2026-05-20T13:00:00+00:00,4552.445,4562.424999999999,4545.464999999999,4545.664999999999,37503
2026-05-20T13:30:00+00:00,4545.664999999999,4549.315,4538.254999999999,4539.254999999999,58171
2026-05-20T14:00:00+00:00,4539.254999999999,4566.874999999999,4523.224999999999,4563.325,91963
2026-05-20T14:30:00+00:00,4563.325,4593.494999999999,4563.325,4587.494999999999,78766
2026-05-20T15:00:00+00:00,4587.494999999999,4609.3949999999995,4579.304999999999,4585.764999999999,77253
2026-05-20T15:30:00+00:00,4585.764999999999,4595.735,4583.514999999999,4585.374999999999,47396
2026-05-20T16:00:00+00:00,4585.374999999999,4591.575,4580.294999999999,4582.325,31481
2026-05-20T16:30:00+00:00,4582.325,4591.764999999999,4580.384999999999,4590.615,30784
2026-05-20T17:00:00+00:00,4590.615,4594.464999999999,4587.075,4588.695,29666
2026-05-20T17:30:00+00:00,4588.695,4592.624999999999,4586.084999999999,4587.334999999999,23816
2026-05-20T18:00:00+00:00,4587.334999999999,4592.884999999999,4585.084999999999,4591.294999999999,23440
2026-05-20T18:30:00+00:00,4591.294999999999,4601.3949999999995,4591.224999999999,4598.535,21285
2026-05-20T19:00:00+00:00,4598.535,4602.235,4597.914999999999,4601.155,15766
2026-05-20T19:30:00+00:00,4601.155,4606.535,4601.155,4601.794999999999,21467
2026-05-20T20:00:00+00:00,4601.794999999999,4606.714999999999,4599.084999999999,4601.804999999999,12747
2026-05-20T20:30:00+00:00,4601.804999999999,4602.464999999999,4598.355,4599.374999999999,8006
2026-05-20T22:00:00+00:00,4599.374999999999,4605.254999999999,4593.044999999999,4596.544999999999,16362.091607265023
2026-05-20T22:30:00+00:00,4596.544999999999,4602.695,4595.075,4598.054999999999,9167
2026-05-20T23:00:00+00:00,4598.054999999999,4601.275,4592.495,4596.705,8209
2026-05-20T23:30:00+00:00,4596.705,4605.245,4595.835,4604.535,8717
2026-05-21T00:00:00+00:00,4604.535,4611.4349999999995,4595.035,4601.544999999999,30928
2026-05-21T00:30:00+00:00,4601.544999999999,4606.674999999999,4597.245,4602.955,16515
2026-05-21T01:00:00+00:00,4602.955,4625.605,4597.575,4624.835,36435
2026-05-21T01:30:00+00:00,4624.835,4628.764999999999,4616.754999999999,4618.674999999999,27590
2026-05-21T02:00:00+00:00,4618.674999999999,4622.804999999999,4597.695,4598.504999999999,23151
2026-05-21T02:30:00+00:00,4598.504999999999,4600.495,4589.4349999999995,4590.855,24771
2026-05-21T03:00:00+00:00,4590.855,4598.195,4589.1849999999995,4593.674999999999,16585
2026-05-21T03:30:00+00:00,4593.674999999999,4595.275,4584.985,4586.335,12693
2026-05-21T04:00:00+00:00,4586.335,4598.235,4585.125,4597.8949999999995,12002
2026-05-21T04:30:00+00:00,4597.8949999999995,4598.575,4591.844999999999,4596.535,7664
2026-05-21T05:00:00+00:00,4596.535,4598.514999999999,4579.474999999999,4580.865,19116
2026-05-21T05:30:00+00:00,4580.865,4588.065,4576.085,4586.075,26623
2026-05-21T06:00:00+00:00,4586.075,4598.004999999999,4584.615,4591.044999999999,25463
2026-05-21T06:30:00+00:00,4591.044999999999,4593.315,4576.844999999999,4579.6449999999995,27267
2026-05-21T07:00:00+00:00,4579.6449999999995,4582.424999999999,4569.775,4570.585,24402
2026-05-21T07:30:00+00:00,4570.585,4581.445,4569.754999999999,4577.615,16340
2026-05-21T08:00:00+00:00,4577.615,4594.825,4576.155,4593.695,32262
2026-05-21T08:30:00+00:00,4593.695,4593.745,4584.125,4590.504999999999,24750
2026-05-21T09:00:00+00:00,4590.504999999999,4600.594999999999,4589.825,4594.804999999999,25340
2026-05-21T09:30:00+00:00,4594.804999999999,4600.905,4585.735,4588.565,19210
2026-05-21T10:00:00+00:00,4588.565,4593.464999999999,4568.485,4576.155,29729
2026-05-21T10:30:00+00:00,4576.155,4576.445,4562.665,4569.6849999999995,57828
2026-05-21T11:00:00+00:00,4569.6849999999995,4579.304999999999,4568.714999999999,4572.065,29851
2026-05-21T11:30:00+00:00,4572.065,4575.445,4566.085,4572.155,19090
2026-05-21T12:00:00+00:00,4572.155,4577.325,4561.415,4564.384999999999,24664
2026-05-21T12:30:00+00:00,4564.384999999999,4576.195,4559.655,4562.085,38713
2026-05-21T13:00:00+00:00,4562.085,4570.665,4553.365,4558.985,52491
2026-05-21T13:30:00+00:00,4558.985,4579.014999999999,4546.455,4571.004999999999,72654
2026-05-21T14:00:00+00:00,4571.004999999999,4573.384999999999,4555.985,4565.485,75239
2026-05-21T14:30:00+00:00,4565.485,4569.405,4559.634999999999,4566.924999999999,59479
2026-05-21T15:00:00+00:00,4566.924999999999,4573.514999999999,4554.714999999999,4561.3949999999995,65443
2026-05-21T15:30:00+00:00,4561.3949999999995,4570.764999999999,4560.415,4569.974999999999,33509
2026-05-21T16:00:00+00:00,4569.974999999999,4578.924999999999,4569.974999999999,4574.464999999999,39907
2026-05-21T16:30:00+00:00,4574.464999999999,4578.365,4573.424999999999,4577.445,23807
2026-05-21T17:00:00+00:00,4577.445,4604.325,4572.115,4599.415,82145
2026-05-21T17:30:00+00:00,4599.415,4617.325,4596.615,4609.445,55800
2026-05-21T18:00:00+00:00,4609.445,4614.195,4600.945,4606.3949999999995,50493
2026-05-21T18:30:00+00:00,4606.3949999999995,4607.504999999999,4585.205,4589.955,52437
2026-05-21T19:00:00+00:00,4589.955,4600.025,4587.615,4596.835,34697
2026-05-21T19:30:00+00:00,4596.835,4601.804999999999,4592.674999999999,4601.125,27699
2026-05-21T20:00:00+00:00,4601.125,4602.785,4598.1849999999995,4599.254999999999,9476
2026-05-21T20:30:00+00:00,4599.254999999999,4601.554999999999,4597.705,4600.634999999999,4678
2026-05-21T22:00:00+00:00,4600.634999999999,4602.214999999999,4595.834999999999,4597.2649999999985,15728.438138760073
2026-05-21T22:30:00+00:00,4597.2649999999985,4599.984999999999,4595.884999999999,4599.784999999999,7725
2026-05-21T23:00:00+00:00,4599.784999999999,4601.484999999999,4592.644999999999,4597.064999999999,5417
2026-05-21T23:30:00+00:00,4597.064999999999,4597.064999999999,4588.664999999999,4591.994999999999,8085
2026-05-22T00:00:00+00:00,4591.994999999999,4593.854999999999,4586.634999999999,4592.834999999999,20304
2026-05-22T00:30:00+00:00,4592.834999999999,4597.814999999999,4581.854999999999,4583.204999999999,17583
2026-05-22T01:00:00+00:00,4583.204999999999,4592.794999999999,4579.954999999999,4585.574999999999,30108
2026-05-22T01:30:00+00:00,4585.574999999999,4588.284999999999,4577.674999999999,4583.024999999999,26299
2026-05-22T02:00:00+00:00,4583.024999999999,4585.984999999999,4577.784999999999,4581.3049999999985,18534
2026-05-22T02:30:00+00:00,4581.3049999999985,4583.654999999999,4574.604999999999,4579.824999999999,19289
2026-05-22T03:00:00+00:00,4579.824999999999,4581.964999999999,4575.574999999999,4578.294999999999,13837
2026-05-22T03:30:00+00:00,4578.294999999999,4586.684999999999,4578.124999999999,4585.844999999999,9938
2026-05-22T04:00:00+00:00,4585.844999999999,4589.464999999999,4584.184999999999,4588.644999999999,11357
2026-05-22T04:30:00+00:00,4588.644999999999,4589.3049999999985,4581.874999999999,4583.654999999999,9244
2026-05-22T05:00:00+00:00,4583.654999999999,4586.144999999999,4579.934999999999,4582.7249999999985,10831
2026-05-22T05:30:00+00:00,4582.7249999999985,4590.884999999999,4563.4749999999985,4567.684999999999,29716
2026-05-22T06:00:00+00:00,4567.684999999999,4582.824999999999,4566.354999999999,4581.944999999999,36422
2026-05-22T06:30:00+00:00,4581.944999999999,4585.2649999999985,4578.034999999999,4583.464999999999,21314
2026-05-22T07:00:00+00:00,4583.464999999999,4584.024999999999,4577.934999999999,4582.2649999999985,17942
2026-05-22T07:30:00+00:00,4582.2649999999985,4582.334999999999,4572.614999999999,4578.234999999999,18320
2026-05-22T08:00:00+00:00,4578.234999999999,4587.714999999999,4577.854999999999,4583.484999999999,24069
2026-05-22T08:30:00+00:00,4583.484999999999,4584.184999999999,4573.484999999999,4578.324999999999,25368
2026-05-22T09:00:00+00:00,4578.324999999999,4582.154999999999,4571.604999999999,4574.2649999999985,19516
2026-05-22T09:30:00+00:00,4574.2649999999985,4592.4749999999985,4571.114999999999,4588.624999999999,18478
2026-05-22T10:00:00+00:00,4588.624999999999,4593.424999999999,4580.944999999999,4581.234999999999,15025
2026-05-22T10:30:00+00:00,4581.234999999999,4582.024999999999,4566.654999999999,4571.084999999999,19860
2026-05-22T11:00:00+00:00,4571.084999999999,4574.0149999999985,4568.424999999999,4568.544999999999,15577
2026-05-22T11:30:00+00:00,4568.544999999999,4581.604999999999,4567.914999999999,4577.194999999999,17321
2026-05-22T12:00:00+00:00,4577.194999999999,4592.424999999999,4575.214999999999,4578.384999999999,37360
2026-05-22T12:30:00+00:00,4578.384999999999,4585.044999999999,4571.614999999999,4584.774999999999,26131
2026-05-22T13:00:00+00:00,4584.774999999999,4590.834999999999,4577.274999999999,4578.634999999999,38501
2026-05-22T13:30:00+00:00,4578.634999999999,4583.814999999999,4566.7649999999985,4569.924999999999,53724
2026-05-22T14:00:00+00:00,4569.924999999999,4569.9749999999985,4546.944999999999,4555.674999999999,71303
2026-05-22T14:30:00+00:00,4555.674999999999,4563.744999999999,4553.744999999999,4557.0549999999985,35603
2026-05-22T15:00:00+00:00,4557.0549999999985,4575.84,4556.794999999999,4575.84,30922.504805608372
2026-05-22T15:30:00+00:00,4575.84,4578.76,4571.07,4576.29,26283
2026-05-22T16:00:00+00:00,4576.29,4580.7,4573.09,4580.16,19067
2026-05-22T16:30:00+00:00,4580.16,4583.16,4568.61,4571.37,23342
2026-05-22T17:00:00+00:00,4571.37,4582.49,4569.4,4581.889999999999,29141
2026-05-22T17:30:00+00:00,4581.889999999999,4584.41,4575,4575.66,32964
2026-05-22T18:00:00+00:00,4575.66,4575.98,4568.09,4571.719999999999,21316
2026-05-22T18:30:00+00:00,4571.719999999999,4576.76,4569.28,4571.69,16403
2026-05-22T19:00:00+00:00,4571.69,4572.4,4562.79,4563.73,21186
2026-05-22T19:30:00+00:00,4563.73,4567.3099999999995,4560.639999999999,4564.71,14970
2026-05-22T20:00:00+00:00,4564.71,4566.94,4561.099999999999,4566.389999999999,4753
2026-05-22T20:30:00+00:00,4566.389999999999,4566.78,4560.57,4560.82,2912
2026-05-24T22:00:00+00:00,4560.82,4626.03,4560.82,4619.91,23127.093954893076
2026-05-24T22:30:00+00:00,4619.91,4633.84,4619.42,4633.2699999999995,10763
2026-05-24T23:00:00+00:00,4633.2699999999995,4646.57,4632.95,4643.2,10642
2026-05-24T23:30:00+00:00,4643.2,4648.48,4633.66,4635.26,10651
2026-05-25T00:00:00+00:00,4635.26,4643.94,4634.4,4640.36,17457
2026-05-25T00:30:00+00:00,4640.36,4647.73,4634.08,4637.3099999999995,15695
2026-05-25T01:00:00+00:00,4637.3099999999995,4644.24,4628.37,4641.34,30154
2026-05-25T01:30:00+00:00,4641.34,4643.03,4628.349999999999,4631.139999999999,17113
2026-05-25T02:00:00+00:00,4631.139999999999,4636.5199999999995,4627.07,4631.16,11976
2026-05-25T02:30:00+00:00,4631.16,4638.5,4627.37,4629.29,13666
2026-05-25T03:00:00+00:00,4629.29,4632.62,4628.0199999999995,4628.76,11501
2026-05-25T03:30:00+00:00,4628.76,4632.25,4624.8099999999995,4627.889999999999,10125
2026-05-25T04:00:00+00:00,4627.889999999999,4634.11,4627.46,4633.29,7212
2026-05-25T04:30:00+00:00,4633.29,4633.96,4627.45,4633.08,8951
2026-05-25T05:00:00+00:00,4633.08,4634.389999999999,4621.969999999999,4622.3,7571
2026-05-25T05:30:00+00:00,4622.3,4629.2,4620.16,4621.65,14722
2026-05-25T06:00:00+00:00,4621.65,4625.599999999999,4618.61,4622.32,15838
2026-05-25T06:30:00+00:00,4622.32,4631.54,4621.58,4630.719999999999,13267
2026-05-25T07:00:00+00:00,4630.719999999999,4632.969999999999,4620.34,4622.53,17218
2026-05-25T07:30:00+00:00,4622.53,4633.349999999999,4622.2,4632.88,10687
2026-05-25T08:00:00+00:00,4632.88,4633.08,4621.94,4623.12,8415
2026-05-25T08:30:00+00:00,4623.12,4626.3099999999995,4621.3,4624.24,6841
2026-05-25T09:00:00+00:00,4624.24,4627.41,4623.08,4627.17,4481
2026-05-25T09:30:00+00:00,4627.17,4637.389999999999,4626.78,4635.8,9126
2026-05-25T10:00:00+00:00,4635.8,4641.86,4635.8,4639.09,8201
2026-05-25T10:30:00+00:00,4639.09,4641.51,4636.48,4636.76,7112
2026-05-25T11:00:00+00:00,4636.76,4643.5599999999995,4635.679999999999,4639.9,6921
2026-05-25T11:30:00+00:00,4639.9,4645.26,4637.38,4637.49,9627
2026-05-25T12:00:00+00:00,4637.49,4637.57,4621.179999999999,4628.73,14410
2026-05-25T12:30:00+00:00,4628.73,4638.5,4628.03,4635.929999999999,12900
2026-05-25T13:00:00+00:00,4635.929999999999,4639.58,4628.599999999999,4629.98,17075
2026-05-25T13:30:00+00:00,4629.98,4633.71,4628.3150000000005,4631.265,11855.542695217784
2026-05-25T14:00:00+00:00,4631.265,4638.8150000000005,4630.515,4635.935,11653
2026-05-25T14:30:00+00:00,4635.935,4637.325000000001,4633.175,4635.035000000001,10894
2026-05-25T15:00:00+00:00,4635.035000000001,4643.045,4633.865000000001,4641.695000000001,18158
2026-05-25T15:30:00+00:00,4641.695000000001,4641.8150000000005,4635.035000000001,4639.115000000001,7666
2026-05-25T16:00:00+00:00,4639.115000000001,4639.3550000000005,4636.195000000001,4636.335,5460
2026-05-25T16:30:00+00:00,4636.335,4642.885,4636.075000000001,4641.705,7372
2026-05-25T17:00:00+00:00,4641.705,4646.375,4638.335,4639.475,8652
2026-05-25T17:30:00+00:00,4639.475,4639.515,4631.195000000001,4633.285000000001,5454
2026-05-25T18:00:00+00:00,4633.285000000001,4639.805,4632.515,4639.155000000001,4046
2026-05-25T18:30:00+00:00,4639.155000000001,4639.635,4570.01,4570.26,1695
2026-05-25T20:00:00+00:00,4570.26,4572.13,4570.26,4571.54,98
2026-05-25T20:30:00+00:00,4571.54,4572.91,4571.08,4572.26,2221
2026-05-25T22:00:00+00:00,4570.089999999999,4575.46,4569.839999999999,4572.79,10322.22456325169
2026-05-25T22:30:00+00:00,4572.79,4576.45,4569.23,4574.639999999999,6531
2026-05-25T23:00:00+00:00,4574.639999999999,4580.349999999999,4566.68,4567.87,8082
2026-05-25T23:30:00+00:00,4567.87,4568.51,4554.65,4559.54,13360
2026-05-26T00:00:00+00:00,4559.54,4560.24,4540.74,4548.74,26377
2026-05-26T00:30:00+00:00,4548.74,4552.69,4539.0199999999995,4549.11,18627
2026-05-26T01:00:00+00:00,4549.11,4550.24,4541.67,4543.74,26290
2026-05-26T01:30:00+00:00,4543.74,4544.2699999999995,4527.25,4536.76,29828
2026-05-26T02:00:00+00:00,4536.76,4539.43,4535.16,4536.639999999999,11107
2026-05-26T02:30:00+00:00,4536.639999999999,4538.51,4529.95,4532.28,12274
2026-05-26T03:00:00+00:00,4532.28,4543.65,4531.98,4542.12,9886
2026-05-26T03:30:00+00:00,4542.12,4545.4,4540.65,4542.36,5811
2026-05-26T04:00:00+00:00,4542.36,4543.04,4532.2699999999995,4532.28,6234
2026-05-26T04:30:00+00:00,4532.28,4533.139999999999,4523.21,4525.4,12021
2026-05-26T05:00:00+00:00,4525.4,4531.5199999999995,4522.87,4531.139999999999,10601
2026-05-26T05:30:00+00:00,4531.139999999999,4535.13,4523.37,4527.13,21209
2026-05-26T06:00:00+00:00,4527.13,4536.11,4526.79,4530.03,17483
2026-05-26T06:30:00+00:00,4530.03,4533.96,4528.2,4530.7699999999995,16016
2026-05-26T07:00:00+00:00,4530.7699999999995,4533.94,4521.889999999999,4529.58,21654
2026-05-26T07:30:00+00:00,4529.58,4539.01,4521.5199999999995,4538.139999999999,20241
2026-05-26T08:00:00+00:00,4538.139999999999,4539.07,4520.3099999999995,4522.0599999999995,15747
2026-05-26T08:30:00+00:00,4522.0599999999995,4527.44,4519.849999999999,4523.7,13412
2026-05-26T09:00:00+00:00,4523.7,4526.389999999999,4518.13,4524.71,15184
2026-05-26T09:30:00+00:00,4524.71,4525.25,4511.9,4522.43,16719
2026-05-26T10:00:00+00:00,4522.43,4535.32,4519.21,4533.18,15191
2026-05-26T10:30:00+00:00,4533.18,4540.48,4531.19,4534.17,18609
2026-05-26T11:00:00+00:00,4534.17,4536.32,4522.5199999999995,4523.38,14162
2026-05-26T11:30:00+00:00,4523.38,4523.72,4502.96,4507.07,34468
2026-05-26T12:00:00+00:00,4507.07,4515.9,4503.45,4506.04,23589
2026-05-26T12:30:00+00:00,4506.04,4523.5599999999995,4500.13,4520.139999999999,25291
2026-05-26T13:00:00+00:00,4520.139999999999,4527.43,4515.9,4522.17,22896
2026-05-26T13:30:00+00:00,4522.17,4531.26,4511.82,4513.76,45642
2026-05-26T14:00:00+00:00,4513.76,4520.2699999999995,4507.599999999999,4517.639999999999,31022
2026-05-26T14:30:00+00:00,4517.639999999999,4524.86,4512.389999999999,4515.2,25861
2026-05-26T15:00:00+00:00,4515.2,4515.54,4504.78,4506,24239
2026-05-26T15:30:00+00:00,4506,4510.65,4502.3099999999995,4506.45,22255
2026-05-26T16:00:00+00:00,4506.45,4508.76,4499.59,4507.93,15192
2026-05-26T16:30:00+00:00,4507.93,4511.3,4503.05,4504.8099999999995,13090
2026-05-26T17:00:00+00:00,4504.8099999999995,4507.54,4500.34,4501.26,13303
2026-05-26T17:30:00+00:00,4501.26,4501.65,4489.41,4490.95,20688
2026-05-26T18:00:00+00:00,4490.95,4496.11,4481.68,4495.01,18600
2026-05-26T18:30:00+00:00,4495.01,4499.33,4493.92,4498.97,9784
2026-05-26T19:00:00+00:00,4498.97,4504.139999999999,4497.51,4501.84,9761
2026-05-26T19:30:00+00:00,4501.84,4509.88,4500.54,4508.76,12954
2026-05-26T20:00:00+00:00,4508.76,4510.94,4505.98,4506.28,5135
2026-05-26T20:30:00+00:00,4506.28,4509.65,4503.79,4506.5,3902
2026-05-26T22:00:00+00:00,4506.5,4513.88,4497.06,4504.21,9947.952669219507
2026-05-26T22:30:00+00:00,4504.21,4512.6,4497.93,4510.63,8348
2026-05-26T23:00:00+00:00,4510.63,4513.45,4503.96,4512.25,7703
2026-05-26T23:30:00+00:00,4512.25,4527.45,4510.85,4519.63,10033
2026-05-27T00:00:00+00:00,4519.63,4525.76,4513.67,4518.13,13061
2026-05-27T00:30:00+00:00,4518.13,4522.05,4514.63,4515.14,9670
2026-05-27T01:00:00+00:00,4515.14,4521.05,4512.84,4516.2,18236
2026-05-27T01:30:00+00:00,4516.2,4517.15,4506.64,4507.88,11320
2026-05-27T02:00:00+00:00,4507.88,4509.5,4498.92,4505.54,11559
2026-05-27T02:30:00+00:00,4505.54,4507.15,4497.66,4505.78,8777
2026-05-27T03:00:00+00:00,4505.78,4511.74,4504.89,4506.94,8946
2026-05-27T03:30:00+00:00,4506.94,4507.21,4496.38,4496.62,5835
2026-05-27T04:00:00+00:00,4496.62,4503.46,4495.47,4499.45,6593
2026-05-27T04:30:00+00:00,4499.45,4517.3,4498,4509.92,10637
2026-05-27T05:00:00+00:00,4509.92,4513.8,4504.06,4507.37,11802
2026-05-27T05:30:00+00:00,4507.37,4508.83,4491.55,4497.36,34442
2026-05-27T06:00:00+00:00,4497.36,4499.23,4483.38,4486.23,24834
2026-05-27T06:30:00+00:00,4486.23,4490.19,4479.37,4485.23,19768
2026-05-27T07:00:00+00:00,4485.23,4489.4,4480.02,4486.12,17395
2026-05-27T07:30:00+00:00,4486.12,4488.54,4475.43,4481.99,15465
2026-05-27T08:00:00+00:00,4481.99,4492.77,4481.1,4488.99,15562
2026-05-27T08:30:00+00:00,4488.99,4498.66,4485.98,4497.68,12830
2026-05-27T09:00:00+00:00,4497.68,4497.69,4488.76,4490.21,10041
2026-05-27T09:30:00+00:00,4490.21,4493.04,4486.72,4490.02,7079
2026-05-27T10:00:00+00:00,4490.02,4490.48,4476.22,4476.77,9742
2026-05-27T10:30:00+00:00,4476.77,4477.13,4442.45,4445.81,37472
2026-05-27T11:00:00+00:00,4445.81,4453.37,4439.38,4440.88,23122
2026-05-27T11:30:00+00:00,4440.88,4444.63,4424.76,4428.6,24887
2026-05-27T12:00:00+00:00,4428.6,4466.59,4427.36,4454.71,48495
2026-05-27T12:30:00+00:00,4454.71,4460.01,4437.59,4438.71,33744
2026-05-27T13:00:00+00:00,4438.71,4438.93,4401.19,4404.63,58950
2026-05-27T13:30:00+00:00,4404.63,4434.06,4404.01,4427.38,56889
2026-05-27T14:00:00+00:00,4427.38,4455.37,4425.96,4445.44,53106
2026-05-27T14:30:00+00:00,4445.44,4449.45,4433.26,4433.89,36162
2026-05-27T15:00:00+00:00,4433.89,4438.57,4428.14,4436.01,23987
2026-05-27T15:30:00+00:00,4436.01,4441.61,4430.94,4436.39,22842
2026-05-27T16:00:00+00:00,4436.39,4447.61,4434.18,4446.8,16010
2026-05-27T16:30:00+00:00,4446.8,4453.28,4445.11,4450.64,13713
2026-05-27T17:00:00+00:00,4450.64,4451.69,4441.25,4449.65,20069
2026-05-27T17:30:00+00:00,4449.65,4454.29,4449.65,4450.38,10873
2026-05-27T18:00:00+00:00,4450.38,4458.24,4447.76,4455.42,10152
2026-05-27T18:30:00+00:00,4455.42,4456.45,4451.2,4454.22,5831
2026-05-27T19:00:00+00:00,4454.22,4454.61,4449.61,4451.06,8710
2026-05-27T19:30:00+00:00,4451.06,4454.8,4448.86,4450.98,10908
2026-05-27T20:00:00+00:00,4450.98,4458.91,4449.86,4454.91,4605
2026-05-27T20:30:00+00:00,4454.91,4456.38,4451.58,4455.48,3081
2026-05-27T22:00:00+00:00,4455.48,4473.78,4455.48,4467.49,5594.387082791504
2026-05-27T22:30:00+00:00,4467.49,4470.28,4462.74,4465.06,4986
2026-05-27T23:00:00+00:00,4465.06,4465.82,4457.09,4458.29,9089
2026-05-27T23:30:00+00:00,4458.29,4462.19,4451.49,4454.95,8847
2026-05-28T00:00:00+00:00,4454.95,4461.97,4451.66,4453.92,16628
2026-05-28T00:30:00+00:00,4453.92,4465.82,4451.55,4465.03,13087
2026-05-28T01:00:00+00:00,4465.03,4466.81,4424.97,4427,26610
2026-05-28T01:30:00+00:00,4427,4434.43,4414.6,4417.65,29055
2026-05-28T02:00:00+00:00,4417.65,4420.64,4404.02,4414.19,21148
2026-05-28T02:30:00+00:00,4414.19,4418.42,4400.49,4402.37,17824
2026-05-28T03:00:00+00:00,4402.37,4405.98,4389.71,4395.36,21105
2026-05-28T03:30:00+00:00,4395.36,4395.73,4376.21,4382.74,23610
2026-05-28T04:00:00+00:00,4382.74,4390.19,4373.85,4376.2,18189
2026-05-28T04:30:00+00:00,4376.2,4383.44,4375.89,4380.76,16667
2026-05-28T05:00:00+00:00,4380.76,4387.99,4374.94,4386.55,14655
2026-05-28T05:30:00+00:00,4386.55,4403.65,4382.77,4396.05,24183
2026-05-28T06:00:00+00:00,4396.05,4398.34,4381.91,4388.21,17927
2026-05-28T06:30:00+00:00,4388.21,4393.45,4384.82,4391.5,12507
2026-05-28T07:00:00+00:00,4391.5,4404.47,4391.43,4400.68,14181
2026-05-28T07:30:00+00:00,4400.68,4401.74,4390.64,4395.52,12483
2026-05-28T08:00:00+00:00,4395.52,4402.94,4394.39,4397.78,13878
2026-05-28T08:30:00+00:00,4397.78,4403.03,4393.58,4394.9,10336
2026-05-28T09:00:00+00:00,4394.9,4407.05,4394.18,4404.37,11331
2026-05-28T09:30:00+00:00,4404.37,4405.14,4397.6,4401.44,11817
2026-05-28T10:00:00+00:00,4401.44,4412.23,4399.39,4409.16,10247
2026-05-28T10:30:00+00:00,4409.16,4410.4,4382.84,4390.95,18624
2026-05-28T11:00:00+00:00,4390.95,4398.59,4389.58,4392.84,14614
2026-05-28T11:30:00+00:00,4392.84,4398.36,4388.84,4396.03,17910
2026-05-28T12:00:00+00:00,4396.03,4401.02,4387.47,4392.79,14633
2026-05-28T12:30:00+00:00,4392.79,4441.78,4391.69,4440.1,30538
2026-05-28T13:00:00+00:00,4440.1,4447.02,4432.94,4436.67,31205
2026-05-28T13:30:00+00:00,4436.67,4442.38,4425.97,4438.12,42795
2026-05-28T14:00:00+00:00,4438.12,4481.07,4428.36,4468.67,72943
2026-05-28T14:30:00+00:00,4468.67,4488.35,4460.77,4477.76,54894
2026-05-28T15:00:00+00:00,4477.76,4490.2,4476.64,4484.7,32437
2026-05-28T15:30:00+00:00,4484.7,4492.88,4484.7,4490.09,25182
2026-05-28T16:00:00+00:00,4490.09,4510.87,4485.82,4508.52,25633
2026-05-28T16:30:00+00:00,4508.52,4519.04,4505.42,4518.97,22155
2026-05-28T17:00:00+00:00,4518.97,4522.52,4509.1,4510.1,22099
2026-05-28T17:30:00+00:00,4510.1,4518.08,4510.08,4516.79,13278
2026-05-28T18:00:00+00:00,4516.79,4524.43,4513.275,4514.1849999999995,16196.89986295355
2026-05-28T18:30:00+00:00,4514.1849999999995,4514.405,4506.485,4509.425,12630
2026-05-28T19:00:00+00:00,4509.425,4511.804999999999,4506.675,4507.6849999999995,10675
2026-05-28T19:30:00+00:00,4507.6849999999995,4509.985,4505.275,4505.785,10116
2026-05-28T20:00:00+00:00,4505.785,4508.815,4502.865,4507.425,6151
2026-05-28T20:30:00+00:00,4507.425,4508.695,4502.4349999999995,4503.514999999999,3969
2026-05-28T22:00:00+00:00,4503.514999999999,4510.154999999999,4502.764999999999,4507.105,7382.254025095972
2026-05-28T22:30:00+00:00,4507.105,4507.994999999999,4502.334999999999,4502.824999999999,5778
2026-05-28T23:00:00+00:00,4502.824999999999,4508.554999999999,4502.124999999999,4503.565,5988
2026-05-28T23:30:00+00:00,4503.565,4507.954999999999,4500.344999999999,4506.605,8114
2026-05-29T00:00:00+00:00,4506.605,4511.954999999999,4503.324999999999,4511.6849999999995,17494
2026-05-29T00:30:00+00:00,4511.6849999999995,4511.954999999999,4504.624999999999,4507.594999999999,12230
2026-05-29T01:00:00+00:00,4507.594999999999,4532.254999999999,4503.954999999999,4516.794999999999,28615
2026-05-29T01:30:00+00:00,4516.794999999999,4519.974999999999,4512.514999999999,4517.6849999999995,19274
2026-05-29T02:00:00+00:00,4517.6849999999995,4522.565,4513.244999999999,4514.355,12562
2026-05-29T02:30:00+00:00,4514.355,4519.544999999999,4509.6849999999995,4513.014999999999,12641
2026-05-29T03:00:00+00:00,4513.014999999999,4513.294999999999,4506.254999999999,4508.174999999999,15248
2026-05-29T03:30:00+00:00,4508.174999999999,4513.244999999999,4506.124999999999,4512.874999999999,8971
2026-05-29T04:00:00+00:00,4512.874999999999,4523.195,4512.6449999999995,4520.404999999999,10027
2026-05-29T04:30:00+00:00,4520.404999999999,4526.474999999999,4519.605,4525.364999999999,8062
2026-05-29T05:00:00+00:00,4525.364999999999,4526.964999999999,4520.134999999999,4521.195,6424
2026-05-29T05:30:00+00:00,4521.195,4527.114999999999,4513.974999999999,4526.4349999999995,15731
2026-05-29T06:00:00+00:00,4526.4349999999995,4533.914999999999,4521.275,4528.084999999999,21833
2026-05-29T06:30:00+00:00,4528.084999999999,4535.534999999999,4522.764999999999,4535.044999999999,14476
2026-05-29T07:00:00+00:00,4535.044999999999,4535.3949999999995,4522.164999999999,4525.464999999999,14893
2026-05-29T07:30:00+00:00,4525.464999999999,4537.6449999999995,4524.204999999999,4536.204999999999,14126
2026-05-29T08:00:00+00:00,4536.204999999999,4536.364999999999,4523.844999999999,4528.315,13920
2026-05-29T08:30:00+00:00,4528.315,4529.424999999999,4521.424999999999,4526.504999999999,10563
2026-05-29T09:00:00+00:00,4526.504999999999,4543.815,4524.605,4540.124999999999,14966
2026-05-29T09:30:00+00:00,4540.124999999999,4551.244999999999,4536.114999999999,4542.534999999999,13216
2026-05-29T10:00:00+00:00,4542.534999999999,4542.534999999999,4536.864999999999,4541.824999999999,10821
2026-05-29T10:30:00+00:00,4541.824999999999,4554.554999999999,4541.815,4549.964999999999,13029
2026-05-29T11:00:00+00:00,4549.964999999999,4551.844999999999,4538.195,4539.485,13345
2026-05-29T11:30:00+00:00,4539.485,4550.324999999999,4537.264999999999,4549.775,13891
2026-05-29T12:00:00+00:00,4549.775,4549.964999999999,4531.355,4533.844999999999,18434
2026-05-29T12:30:00+00:00,4533.844999999999,4535.574999999999,4523.884999999999,4534.584999999999,21398
2026-05-29T13:00:00+00:00,4534.584999999999,4540.554999999999,4528.324999999999,4539.504999999999,23359
2026-05-29T13:30:00+00:00,4539.504999999999,4552.1449999999995,4533.724999999999,4548.065,36593
2026-05-29T14:00:00+00:00,4548.065,4564.065,4537.445,4541.134999999999,43840
2026-05-29T14:30:00+00:00,4541.134999999999,4582.065,4536.674999999999,4575.474999999999,55161
2026-05-29T15:00:00+00:00,4575.474999999999,4606.744999999999,4575.284999999999,4590.014999999999,54504
2026-05-29T15:30:00+00:00,4590.014999999999,4594.784999999999,4568.924999999999,4582.574999999999,36085
2026-05-29T16:00:00+00:00,4582.574999999999,4583.674999999999,4571.214999999999,4574.464999999999,20010
2026-05-29T16:30:00+00:00,4574.464999999999,4584.945,4572.414999999999,4578.204999999999,21453
2026-05-29T17:00:00+00:00,4578.204999999999,4579.834999999999,4572.114999999999,4573.404999999999,19275
2026-05-29T17:30:00+00:00,4573.404999999999,4573.784999999999,4562.844999999999,4564.815,18398
2026-05-29T18:00:00+00:00,4564.815,4571.614999999999,4563.815,4570.634999999999,14600
2026-05-29T18:30:00+00:00,4570.634999999999,4572.945,4562.114999999999,4564.744999999999,15817
2026-05-29T19:00:00+00:00,4564.744999999999,4571.534999999999,4563.754999999999,4566.695,11126
2026-05-29T19:30:00+00:00,4566.695,4567.695,4554.195,4557.1449999999995,22317
2026-05-29T20:00:00+00:00,4557.1449999999995,4560.584999999999,4553.364999999999,4553.775,8244
2026-05-29T20:30:00+00:00,4553.775,4555.154999999999,4552.4349999999995,4554.844999999999,1307
2026-05-31T22:00:00+00:00,4554.844999999999,4562.224999999999,4532.334999999999,4547.884999999999,15198.43550325805
2026-05-31T22:30:00+00:00,4547.884999999999,4555.204999999999,4545.525,4549.985,8394
2026-05-31T23:00:00+00:00,4549.985,4560.044999999999,4549.374999999999,4559.714999999999,6830.421917808219
2026-05-31T23:30:00+00:00,4559.714999999999,4560.605,4552.914999999999,4553.874999999999,9142
2026-06-01T00:00:00+00:00,4553.874999999999,4560.865,4551.8949999999995,4558.054999999999,14390
2026-06-01T00:30:00+00:00,4558.054999999999,4559.865,4549.954999999999,4555.275,11784
2026-06-01T01:00:00+00:00,4555.275,4556.204999999999,4540.535,4543.535,20354
2026-06-01T01:30:00+00:00,4543.535,4548.554999999999,4538.4349999999995,4539.865,15694
2026-06-01T02:00:00+00:00,4539.865,4549.355,4538.964999999999,4545.105,10221
2026-06-01T02:30:00+00:00,4545.105,4545.834999999999,4535.815,4536.285,14010
2026-06-01T03:00:00+00:00,4536.285,4540.264999999999,4528.214999999999,4535.155,12638
2026-06-01T03:30:00+00:00,4535.155,4538.6849999999995,4524.254999999999,4531.004999999999,8658
2026-06-01T04:00:00+00:00,4531.004999999999,4534.504999999999,4527.004999999999,4530.544999999999,5614
2026-06-01T04:30:00+00:00,4530.544999999999,4532.004999999999,4522.664999999999,4529.164999999999,6872
2026-06-01T05:00:00+00:00,4529.164999999999,4538.365,4528.264999999999,4535.235,7074
2026-06-01T05:30:00+00:00,4535.235,4540.084999999999,4527.304999999999,4532.575,14636
2026-06-01T06:00:00+00:00,4532.575,4533.344999999999,4519.504999999999,4529.164999999999,15509
2026-06-01T06:30:00+00:00,4529.164999999999,4529.594999999999,4514.825,4516.275,15338
2026-06-01T07:00:00+00:00,4516.275,4524.834999999999,4515.285,4518.454999999999,12398
2026-06-01T07:30:00+00:00,4518.454999999999,4522.485,4507.025,4517.714999999999,13998
2026-06-01T08:00:00+00:00,4517.714999999999,4519.124999999999,4504.6849999999995,4510.764999999999,15733
2026-06-01T08:30:00+00:00,4510.764999999999,4517.275,4507.275,4512.6849999999995,11469
2026-06-01T09:00:00+00:00,4512.6849999999995,4521.054999999999,4510.995,4511.035,9865
2026-06-01T09:30:00+00:00,4511.035,4513.954999999999,4503.735,4510.504999999999,12782
2026-06-01T10:00:00+00:00,4510.504999999999,4518.075,4510.454999999999,4515.514999999999,8484
2026-06-01T10:30:00+00:00,4515.514999999999,4525.695,4515.124999999999,4518.575,9967
2026-06-01T11:00:00+00:00,4518.575,4527.624999999999,4514.485,4525.344999999999,10781
2026-06-01T11:30:00+00:00,4525.344999999999,4526.9349999999995,4520.124999999999,4520.454999999999,8794
2026-06-01T12:00:00+00:00,4520.454999999999,4524.294999999999,4512.065,4520.334999999999,13665
2026-06-01T12:30:00+00:00,4520.334999999999,4525.075,4512.405,4516.735,17438
2026-06-01T13:00:00+00:00,4516.735,4518.584999999999,4477.035,4479.575,59777
2026-06-01T13:30:00+00:00,4479.575,4493.405,4462.924999999999,4464.414999999999,60078
2026-06-01T14:00:00+00:00,4464.414999999999,4479.535,4462.374999999999,4470.804999999999,43320
2026-06-01T14:30:00+00:00,4470.804999999999,4476.294999999999,4466.945,4473.424999999999,27840
2026-06-01T15:00:00+00:00,4473.424999999999,4484.964999999999,4469.815,4482.924999999999,22832
2026-06-01T15:30:00+00:00,4482.924999999999,4494.4349999999995,4482.6849999999995,4488.655,27078
2026-06-01T16:00:00+00:00,4488.655,4493.105,4477.535,4482.584999999999,16696
2026-06-01T16:30:00+00:00,4482.584999999999,4496.785,4481.964999999999,4494.6849999999995,19376
2026-06-01T17:00:00+00:00,4494.6849999999995,4497.485,4486.214999999999,4497.115,18886
2026-06-01T17:30:00+00:00,4497.115,4510.235,4494.874999999999,4502.035,33160
2026-06-01T18:00:00+00:00,4502.035,4504.754999999999,4500.764999999999,4501.155,9797
2026-06-01T18:30:00+00:00,4501.155,4503.304999999999,4499.454999999999,4501.254999999999,6908
2026-06-01T19:00:00+00:00,4501.254999999999,4502.964999999999,4499.014999999999,4499.304999999999,8230
2026-06-01T19:30:00+00:00,4499.304999999999,4500.414999999999,4493.674999999999,4495.844999999999,13875
2026-06-01T20:00:00+00:00,4495.844999999999,4499.1449999999995,4494.775,4497.704999999999,4564
2026-06-01T20:30:00+00:00,4497.704999999999,4500.445,4496.054999999999,4499.254999999999,3936
2026-06-01T22:00:00+00:00,4499.254999999999,4499.785,4494.785,4494.8949999999995,6533.9896855971165
2026-06-01T22:30:00+00:00,4494.8949999999995,4499.855,4492.9349999999995,4498.775,4226
2026-06-01T23:00:00+00:00,4498.775,4501.664999999999,4495.035,4500.565,3889
2026-06-01T23:30:00+00:00,4500.565,4500.884999999999,4492.384999999999,4497.884999999999,7524
2026-06-02T00:00:00+00:00,4497.884999999999,4507.294999999999,4489.825,4507.105,18248
2026-06-02T00:30:00+00:00,4507.105,4510.565,4494.004999999999,4494.634999999999,12166
2026-06-02T01:00:00+00:00,4494.634999999999,4505.855,4486.405,4499.655,31425
2026-06-02T01:30:00+00:00,4499.655,4502.844999999999,4476.224999999999,4487.355,25965
2026-06-02T02:00:00+00:00,4487.355,4498.094999999999,4485.584999999999,4495.414999999999,16062
2026-06-02T02:30:00+00:00,4495.414999999999,4499.964999999999,4486.855,4499.525,12958
2026-06-02T03:00:00+00:00,4499.525,4511.164999999999,4498.995,4508.544999999999,12965
2026-06-02T03:30:00+00:00,4508.544999999999,4513.025,4506.195,4512.794999999999,8904
2026-06-02T04:00:00+00:00,4512.794999999999,4523.464999999999,4511.174999999999,4518.094999999999,8716
2026-06-02T04:30:00+00:00,4518.094999999999,4531.815,4516.804999999999,4531.004999999999,9919
2026-06-02T05:00:00+00:00,4531.004999999999,4535.405,4528.565,4533.235,8713
2026-06-02T05:30:00+00:00,4533.235,4541.594999999999,4529.724999999999,4530.504999999999,16774
2026-06-02T06:00:00+00:00,4530.504999999999,4547.334999999999,4530.405,4546.384999999999,15677
2026-06-02T06:30:00+00:00,4546.384999999999,4552.025,4545.285,4549.285,12219
2026-06-02T07:00:00+00:00,4549.285,4555.084999999999,4546.655,4547.304999999999,11900
2026-06-02T07:30:00+00:00,4547.304999999999,4548.844999999999,4541.325,4548.374999999999,9554
2026-06-02T08:00:00+00:00,4548.374999999999,4552.664999999999,4542.834999999999,4544.584999999999,12770
2026-06-02T08:30:00+00:00,4544.584999999999,4546.8949999999995,4539.405,4540.094999999999,8334
2026-06-02T09:00:00+00:00,4540.094999999999,4549.174999999999,4538.464999999999,4540.065,10542
2026-06-02T09:30:00+00:00,4540.065,4544.974999999999,4534.424999999999,4543.264999999999,10502
2026-06-02T10:00:00+00:00,4543.264999999999,4545.094999999999,4537.914999999999,4541.804999999999,6917
2026-06-02T10:30:00+00:00,4541.804999999999,4547.325,4538.865,4546.455,6200
2026-06-02T11:00:00+00:00,4546.455,4548.035,4539.775,4543.3949999999995,7545
2026-06-02T11:30:00+00:00,4543.3949999999995,4544.155,4538.8949999999995,4540.995,7791
2026-06-02T12:00:00+00:00,4540.995,4547.485,4537.374999999999,4542.754999999999,11122
2026-06-02T12:30:00+00:00,4542.754999999999,4547.124999999999,4526.844999999999,4528.084999999999,17550
2026-06-02T13:00:00+00:00,4528.084999999999,4538.205,4523.304999999999,4524.124999999999,24925
2026-06-02T13:30:00+00:00,4524.124999999999,4527.874999999999,4515.674999999999,4515.674999999999,35161
2026-06-02T14:00:00+00:00,4515.674999999999,4520.355,4503.6449999999995,4509.044999999999,35983
2026-06-02T14:30:00+00:00,4509.044999999999,4519.775,4509.035,4517.474999999999,19547
2026-06-02T15:00:00+00:00,4517.474999999999,4521.455,4514.724999999999,4518.6849999999995,18507
2026-06-02T15:30:00+00:00,4518.6849999999995,4521.865,4513.615,4515.504999999999,16926
2026-06-02T16:00:00+00:00,4515.504999999999,4516.285,4503.495,4503.605,15383
2026-06-02T16:30:00+00:00,4503.605,4505.275,4499.584999999999,4505.205,13064
2026-06-02T17:00:00+00:00,4505.205,4506.464999999999,4499.735,4504.355,16334
2026-06-02T17:30:00+00:00,4504.355,4505.094999999999,4495.594999999999,4497.865,12481
2026-06-02T18:00:00+00:00,4497.865,4504.365,4497.365,4501.9349999999995,10618
2026-06-02T18:30:00+00:00,4501.9349999999995,4503.735,4491.905,4500.745,8834
2026-06-02T19:00:00+00:00,4500.745,4503.004999999999,4498.995,4502.985,6744
2026-06-02T19:30:00+00:00,4502.985,4503.624999999999,4496.775,4501.594999999999,8880
2026-06-02T20:00:00+00:00,4501.594999999999,4504.544999999999,4499.6449999999995,4503.214999999999,3064
2026-06-02T20:30:00+00:00,4503.214999999999,4504.445,4499.674999999999,4502.804999999999,3222
2026-06-02T22:00:00+00:00,4502.804999999999,4508.045,4500.214999999999,4504.995,8536.842870257038
2026-06-02T22:30:00+00:00,4504.995,4507.205,4498.585,4499.885,7304
2026-06-02T23:00:00+00:00,4499.885,4503.825,4476.735,4482.474999999999,16485
2026-06-02T23:30:00+00:00,4482.474999999999,4490.135,4477.054999999999,4489.255,15352
2026-06-03T00:00:00+00:00,4489.255,4498.1849999999995,4488.545,4498.025,11703
2026-06-03T00:30:00+00:00,4498.025,4511.635,4496.135,4500.715,10041
2026-06-03T01:00:00+00:00,4500.715,4502.315,4478.065,4481.925,27573
2026-06-03T01:30:00+00:00,4481.925,4492.075,4479.775,4490.525,15815
2026-06-03T02:00:00+00:00,4490.525,4496.1849999999995,4487.735,4493.635,10439
2026-06-03T02:30:00+00:00,4493.635,4499.815,4487.724999999999,4496.675,12639
2026-06-03T03:00:00+00:00,4496.675,4502.455,4496.554999999999,4498.165,9800
2026-06-03T03:30:00+00:00,4498.165,4501.035,4497.264999999999,4499.205,5096
2026-06-03T04:00:00+00:00,4499.205,4503.135,4491.764999999999,4491.775,5708
2026-06-03T04:30:00+00:00,4491.775,4492.065,4483.014999999999,4484.1449999999995,6105
2026-06-03T05:00:00+00:00,4484.1449999999995,4489.025,4480.825,4483.285,8610
2026-06-03T05:30:00+00:00,4483.285,4483.705,4471.325,4471.715,16320
2026-06-03T06:00:00+00:00,4471.715,4485.665,4471.455,4477.455,19783
2026-06-03T06:30:00+00:00,4477.455,4480.105,4469.885,4477.815,18208
2026-06-03T07:00:00+00:00,4477.815,4487.155,4470.775,4470.775,15994
2026-06-03T07:30:00+00:00,4470.775,4478.735,4467.525,4468.045,15109
2026-06-03T08:00:00+00:00,4468.045,4474.1449999999995,4465.514999999999,4472.1849999999995,15564
2026-06-03T08:30:00+00:00,4472.1849999999995,4473.835,4454.985,4458.785,14208
2026-06-03T09:00:00+00:00,4458.785,4473.875,4454.264999999999,4454.915,14706
2026-06-03T09:30:00+00:00,4454.915,4463.325,4453.745,4457.945,12528
2026-06-03T10:00:00+00:00,4457.945,4482.035,4455.764999999999,4474.724999999999,29569
2026-06-03T10:30:00+00:00,4474.724999999999,4477.795,4467.8949999999995,4473.844999999999,10879
2026-06-03T11:00:00+00:00,4473.844999999999,4483.105,4473.775,4479.405,13734
2026-06-03T11:30:00+00:00,4479.405,4481.865,4473.264999999999,4477.335,11487
2026-06-03T12:00:00+00:00,4477.335,4479.495,4466.715,4467.615,16450
2026-06-03T12:30:00+00:00,4467.615,4481.925,4463.125,4475.094999999999,22954
2026-06-03T13:00:00+00:00,4475.094999999999,4480.735,4460.575,4463.315,26724
2026-06-03T13:30:00+00:00,4463.315,4468.014999999999,4440.925,4460.045,49809
2026-06-03T14:00:00+00:00,4460.045,4473.445,4457.115,4466.755,44983
2026-06-03T14:30:00+00:00,4466.755,4474.445,4461.835,4471.825,30208
2026-06-03T15:00:00+00:00,4471.825,4473.165,4454.224999999999,4459.764999999999,33398
2026-06-03T15:30:00+00:00,4459.764999999999,4460.355,4451.465,4457.054999999999,24089
2026-06-03T16:00:00+00:00,4457.054999999999,4458.855,4448.525,4452.335,21110
2026-06-03T16:30:00+00:00,4452.335,4457.6849999999995,4450.285,4456.615,19560
2026-06-03T17:00:00+00:00,4456.615,4463.505,4452.545,4453.715,20621
2026-06-03T17:30:00+00:00,4453.715,4456.985,4450.365,4453.795,12094
2026-06-03T18:00:00+00:00,4453.795,4455.554999999999,4449.3949999999995,4455.014999999999,11462
2026-06-03T18:30:00+00:00,4455.014999999999,4457.755,4451.665,4456.875,10168
2026-06-03T19:00:00+00:00,4456.875,4467.085,4456.224999999999,4462.855,14715
2026-06-03T19:30:00+00:00,4462.855,4464.514999999999,4457.795,4458.565,13122
2026-06-03T20:00:00+00:00,4458.565,4460.224999999999,4452.115,4453.665,9095
2026-06-03T20:30:00+00:00,4453.665,4454.355,4445.045,4449.135,7807
2026-06-03T22:00:00+00:00,4449.135,4455.714999999999,4438.834999999999,4449.504999999999,12290.025415884265
2026-06-03T22:30:00+00:00,4449.504999999999,4468.1849999999995,4449.405,4464.285,13391
2026-06-03T23:00:00+00:00,4464.285,4466.844999999999,4460.384999999999,4466.004999999999,9643
2026-06-03T23:30:00+00:00,4466.004999999999,4479.964999999999,4461.334999999999,4472.304999999999,15469
2026-06-04T00:00:00+00:00,4472.304999999999,4480.474999999999,4462.745,4466.165,25644
2026-06-04T00:30:00+00:00,4466.165,4468.1849999999995,4459.405,4463.714999999999,19124
2026-06-04T01:00:00+00:00,4463.714999999999,4488.955,4458.474999999999,4481.245,28805
2026-06-04T01:30:00+00:00,4481.245,4485.455,4472.084999999999,4481.025,25809
2026-06-04T02:00:00+00:00,4481.025,4482.495,4470.785,4475.785,17269
2026-06-04T02:30:00+00:00,4475.785,4492.065,4472.714999999999,4490.275,18253
2026-06-04T03:00:00+00:00,4490.275,4492.589999999999,4481.16,4484.7,12061.66194074888
2026-06-04T03:30:00+00:00,4484.7,4486.25,4473.73,4479.049999999999,9608
2026-06-04T04:00:00+00:00,4479.049999999999,4491.69,4477.46,4490.15,9180
2026-06-04T04:30:00+00:00,4490.15,4499.4,4490.009999999999,4496.37,10614
2026-06-04T05:00:00+00:00,4496.37,4497.83,4486.179999999999,4488.74,9453
2026-06-04T05:30:00+00:00,4488.74,4491.129999999999,4482.2,4484.49,17059
2026-06-04T06:00:00+00:00,4484.49,4492.53,4482.15,4487.58,15493
2026-06-04T06:30:00+00:00,4487.58,4492.19,4478.2,4483.17,15973
2026-06-04T07:00:00+00:00,4483.17,4486.19,4476.96,4480.53,15542
2026-06-04T07:30:00+00:00,4480.53,4483.129999999999,4474.73,4477.009999999999,11845
2026-06-04T08:00:00+00:00,4477.009999999999,4483.2699999999995,4473.849999999999,4478.849999999999,17161
2026-06-04T08:30:00+00:00,4478.849999999999,4484.839999999999,4474.9,4478.679999999999,19239
2026-06-04T09:00:00+00:00,4478.679999999999,4484.71,4476.28,4479.98,14982
2026-06-04T09:30:00+00:00,4479.98,4490.98,4477,4485.73,14637
2026-06-04T10:00:00+00:00,4485.73,4487.44,4479.61,4482.95,10708
2026-06-04T10:30:00+00:00,4482.95,4489.29,4481.79,4489.089999999999,10274
2026-06-04T11:00:00+00:00,4489.089999999999,4506.83,4484.049999999999,4505.049999999999,18407
2026-06-04T11:30:00+00:00,4505.049999999999,4530.139999999999,4497.65,4526.83,28282
2026-06-04T12:00:00+00:00,4526.83,4529.23,4506.46,4513.53,25805
2026-06-04T12:30:00+00:00,4513.53,4526.5,4512.28,4519.36,19932
2026-06-04T13:00:00+00:00,4519.36,4525.5199999999995,4515.629999999999,4520.009999999999,22018
2026-06-04T13:30:00+00:00,4520.009999999999,4530.83,4510.78,4511.21,46736
2026-06-04T14:00:00+00:00,4511.21,4515.32,4499.41,4501.599999999999,40593
2026-06-04T14:30:00+00:00,4501.599999999999,4502.28,4472.61,4481.349999999999,41460
2026-06-04T15:00:00+00:00,4481.349999999999,4490.009999999999,4478.879999999999,4486.24,22327
2026-06-04T15:30:00+00:00,4486.24,4494.49,4485.0199999999995,4492.7699999999995,17173
2026-06-04T16:00:00+00:00,4492.7699999999995,4500.62,4490.679999999999,4498.86,16385
2026-06-04T16:30:00+00:00,4498.86,4499.5599999999995,4495.12,4498.049999999999,15394
2026-06-04T17:00:00+00:00,4498.049999999999,4498.049999999999,4489.4,4492.259999999999,10667
2026-06-04T17:30:00+00:00,4492.259999999999,4496.839999999999,4491.62,4493.44,9353
2026-06-04T18:00:00+00:00,4493.44,4496.5199999999995,4491.74,4493.549999999999,8500
2026-06-04T18:30:00+00:00,4493.549999999999,4494.78,4488.03,4493.469999999999,7770
2026-06-04T19:00:00+00:00,4493.469999999999,4498.83,4491.58,4495.54,7292
2026-06-04T19:30:00+00:00,4495.54,4497.86,4492.19,4496.3099999999995,10498
2026-06-04T20:00:00+00:00,4496.3099999999995,4497.04,4491.929999999999,4493.099999999999,4903
2026-06-04T20:30:00+00:00,4493.099999999999,4493.099999999999,4489.7,4490.28,4037
2026-06-04T22:00:00+00:00,4490.28,4493.789999999999,4485.539999999999,4491.7,6154.457979463203
2026-06-04T22:30:00+00:00,4491.7,4494.429999999999,4481.66,4482.589999999999,8890
2026-06-04T23:00:00+00:00,4482.589999999999,4486.879999999999,4476.929999999999,4481.839999999999,10743
2026-06-04T23:30:00+00:00,4481.839999999999,4482.41,4473.07,4474.23,8498
2026-06-05T00:00:00+00:00,4474.23,4477.799999999999,4463.369999999999,4470.48,22600
2026-06-05T00:30:00+00:00,4470.48,4479.759999999999,4468.91,4472.129999999999,15234
2026-06-05T01:00:00+00:00,4472.129999999999,4482.749999999999,4461.8099999999995,4471.7,37046
2026-06-05T01:30:00+00:00,4471.7,4472.5199999999995,4456.99,4459.61,22504
2026-06-05T02:00:00+00:00,4459.61,4467.91,4455.219999999999,4464.099999999999,15706
2026-06-05T02:30:00+00:00,4464.099999999999,4464.69,4451.169999999999,4453.3099999999995,21217
2026-06-05T03:00:00+00:00,4453.3099999999995,4456.799999999999,4448.0199999999995,4449.61,18427
2026-06-05T03:30:00+00:00,4449.61,4456.19,4449.049999999999,4455.19,9804
2026-06-05T04:00:00+00:00,4455.19,4457.5199999999995,4451.169999999999,4452.48,10498
2026-06-05T04:30:00+00:00,4452.48,4459.539999999999,4450.379999999999,4457.849999999999,10062
2026-06-05T05:00:00+00:00,4457.849999999999,4462.969999999999,4454.999999999999,4457.49,12605
2026-06-05T05:30:00+00:00,4457.49,4461.079999999999,4451.349999999999,4452.86,18780
2026-06-05T06:00:00+00:00,4452.86,4459.32,4441.119999999999,4455.329999999999,28579
2026-06-05T06:30:00+00:00,4455.329999999999,4469.03,4455.19,4465.599999999999,18893
2026-06-05T07:00:00+00:00,4465.599999999999,4480.219999999999,4464.619999999999,4480.039999999999,18887
2026-06-05T07:30:00+00:00,4480.039999999999,4480.0599999999995,4472.32,4473.709999999999,13036
2026-06-05T08:00:00+00:00,4473.709999999999,4479.759999999999,4471.509999999999,4479.73,17064
2026-06-05T08:30:00+00:00,4479.73,4481.0199999999995,4473.9,4475.61,11632
2026-06-05T09:00:00+00:00,4475.61,4482.28,4471.679999999999,4475.91,21217
2026-06-05T09:30:00+00:00,4475.91,4482.099999999999,4472.07,4477.709999999999,12181
2026-06-05T10:00:00+00:00,4477.709999999999,4480.969999999999,4475.849999999999,4478.839999999999,7804
2026-06-05T10:30:00+00:00,4478.839999999999,4480.789999999999,4474.599999999999,4479.289999999999,8483
2026-06-05T11:00:00+00:00,4479.289999999999,4479.95,4470.82,4478.849999999999,12273
2026-06-05T11:30:00+00:00,4478.849999999999,4488.219999999999,4475.95,4482.94,12784
2026-06-05T12:00:00+00:00,4482.94,4488.669999999999,4474.28,4476.9,16785
2026-06-05T12:30:00+00:00,4476.9,4477.2,4417.7,4419.509999999999,58107
2026-06-05T13:00:00+00:00,4419.509999999999,4433.98,4412.539999999999,4417.19,54309
2026-06-05T13:30:00+00:00,4417.19,4422.45,4378.129999999999,4378.539999999999,74930
2026-06-05T14:00:00+00:00,4378.539999999999,4392.139999999999,4365.69,4373.929999999999,79102
2026-06-05T14:30:00+00:00,4373.929999999999,4382.94,4357.369999999999,4382.469999999999,57168
2026-06-05T15:00:00+00:00,4382.469999999999,4385.41,4361.039999999999,4364.329999999999,45795
2026-06-05T15:30:00+00:00,4364.329999999999,4367.679999999999,4346.86,4348.45,34614
2026-06-05T16:00:00+00:00,4348.45,4351.879999999999,4338.11,4342.539999999999,45787
2026-06-05T16:30:00+00:00,4342.539999999999,4357.719999999999,4336.11,4357.48,37083
2026-06-05T17:00:00+00:00,4357.48,4359.73,4348.469999999999,4355.24,33411
2026-06-05T17:30:00+00:00,4355.24,4360.129999999999,4350.39,4354.400000000001,27783.52993036914
2026-06-05T18:00:00+00:00,4354.400000000001,4354.8,4334.4400000000005,4338.56,38701
2026-06-05T18:30:00+00:00,4338.56,4339.860000000001,4327.92,4335.2300000000005,34546
2026-06-05T19:00:00+00:00,4335.2300000000005,4337.160000000001,4326.64,4336.56,30128
2026-06-05T19:30:00+00:00,4336.56,4337.89,4326.76,4331.320000000001,46641
2026-06-05T20:00:00+00:00,4331.320000000001,4339.3,4324.47,4335.09,19132
2026-06-05T20:30:00+00:00,4335.09,4337.72,4333.580000000001,4336.63,4714
2026-06-07T22:00:00+00:00,4336.63,4345.26,4324.620000000001,4331.1900000000005,32198.160276612074
2026-06-07T22:30:00+00:00,4331.1900000000005,4343.8,4329.740000000001,4331.950000000001,21230
2026-06-07T23:00:00+00:00,4331.950000000001,4349.360000000001,4331.860000000001,4348.6900000000005,16072
2026-06-07T23:30:00+00:00,4348.6900000000005,4361.990000000001,4347.47,4358.39,17469
2026-06-08T00:00:00+00:00,4358.39,4368.000000000001,4355.290000000001,4366.030000000001,19842
2026-06-08T00:30:00+00:00,4366.030000000001,4367.080000000001,4354.4400000000005,4356.950000000001,23556
2026-06-08T01:00:00+00:00,4356.950000000001,4359.9800000000005,4325.790000000001,4329.370000000001,50974
2026-06-08T01:30:00+00:00,4329.370000000001,4344.400000000001,4314.570000000001,4340.240000000001,56134
2026-06-08T02:00:00+00:00,4340.240000000001,4345.38,4326.000000000001,4329.660000000001,27762
2026-06-08T02:30:00+00:00,4329.660000000001,4335.52,4321.900000000001,4325.330000000001,31256
2026-06-08T03:00:00+00:00,4325.330000000001,4328.89,4318.31,4321.780000000001,19651
2026-06-08T03:30:00+00:00,4321.780000000001,4331.750000000001,4319.56,4331.56,13008
2026-06-08T04:00:00+00:00,4331.56,4336.39,4328.070000000001,4334.620000000001,14088
2026-06-08T04:30:00+00:00,4334.620000000001,4334.89,4322.280000000001,4327.280000000001,15286
2026-06-08T05:00:00+00:00,4327.280000000001,4330.72,4319.18,4326.47,18607
2026-06-08T05:30:00+00:00,4326.47,4327.400000000001,4283.18,4306.530000000001,47335
2026-06-08T06:00:00+00:00,4306.530000000001,4325.9800000000005,4306.530000000001,4320.540000000001,36355
2026-06-08T06:30:00+00:00,4320.540000000001,4321.040000000001,4308.000000000001,4314.750000000001,24500
2026-06-08T07:00:00+00:00,4314.750000000001,4331.620000000001,4309.63,4320.870000000001,27543
2026-06-08T07:30:00+00:00,4320.870000000001,4326.4800000000005,4309.120000000001,4309.120000000001,22525
2026-06-08T08:00:00+00:00,4309.120000000001,4311.900000000001,4300.030000000001,4302.900000000001,23735
2026-06-08T08:30:00+00:00,4302.900000000001,4308.4800000000005,4300.110000000001,4303.47,20392
2026-06-08T09:00:00+00:00,4303.47,4306.71,4293.9800000000005,4294.400000000001,13628
2026-06-08T09:30:00+00:00,4294.400000000001,4316.56,4287.7300000000005,4308.910000000001,28261
2026-06-08T10:00:00+00:00,4308.910000000001,4312.250000000001,4300.55,4308.4400000000005,16511
2026-06-08T10:30:00+00:00,4308.4400000000005,4320.280000000001,4307.000000000001,4316.67,23547
2026-06-08T11:00:00+00:00,4316.67,4345.4400000000005,4311.84,4339.9800000000005,35069
2026-06-08T11:30:00+00:00,4339.9800000000005,4347.860000000001,4336.110000000001,4346.1,23360
2026-06-08T12:00:00+00:00,4346.1,4349.39,4335.000000000001,4344.46,26697
2026-06-08T12:30:00+00:00,4344.46,4353.990000000001,4341.900000000001,4347.72,22777
2026-06-08T13:00:00+00:00,4347.72,4350.780000000001,4336.360000000001,4345.990000000001,31559
2026-06-08T13:30:00+00:00,4345.990000000001,4361.250000000001,4340.950000000001,4341.71,77459
2026-06-08T14:00:00+00:00,4341.71,4345.4400000000005,4330.59,4334.71,57576
2026-06-08T14:30:00+00:00,4334.71,4346.21,4329.370000000001,4345.63,40851
2026-06-08T15:00:00+00:00,4345.63,4350.910000000001,4337.400000000001,4345.370000000001,32495
2026-06-08T15:30:00+00:00,4345.370000000001,4360.330000000001,4343.360000000001,4356.56,34386
2026-06-08T16:00:00+00:00,4356.56,4358.570000000001,4352.85,4355.540000000001,28820
2026-06-08T16:30:00+00:00,4355.540000000001,4361.14,4352.570000000001,4355.3,24965
2026-06-08T17:00:00+00:00,4355.3,4357.14,4348.92,4353.870000000001,25610
2026-06-08T17:30:00+00:00,4353.870000000001,4354.38,4346.700000000001,4353.860000000001,25147
2026-06-08T18:00:00+00:00,4353.860000000001,4360.68,4353.34,4357.360000000001,19478
2026-06-08T18:30:00+00:00,4357.360000000001,4359.34,4347.570000000001,4349.200000000001,18163
2026-06-08T19:00:00+00:00,4349.200000000001,4352.84,4340.820000000001,4342.35,18001
2026-06-08T19:30:00+00:00,4342.35,4345.14,4338.06,4341.320000000001,22343
2026-06-08T20:00:00+00:00,4341.320000000001,4344.540000000001,4339.290000000001,4341.1,5886
2026-06-08T20:30:00+00:00,4341.1,4345.18,4340.080000000001,4344.13,3617
2026-06-08T22:00:00+00:00,4344.13,4344.74,4335.240000000001,4337.610000000001,6513.350660820415
2026-06-08T22:30:00+00:00,4337.610000000001,4341.360000000001,4337.370000000001,4340.410000000001,4241
2026-06-08T23:00:00+00:00,4340.410000000001,4341.31,4333.000000000001,4333.080000000001,5351
2026-06-08T23:30:00+00:00,4333.080000000001,4334.85,4325.1900000000005,4330.200000000001,10830
2026-06-09T00:00:00+00:00,4330.200000000001,4336.290000000001,4327.85,4329.240000000001,22354
2026-06-09T00:30:00+00:00,4329.240000000001,4335.660000000001,4327.51,4332.380000000001,14889
2026-06-09T01:00:00+00:00,4332.380000000001,4350.68,4330.9800000000005,4347.9400000000005,30781
2026-06-09T01:30:00+00:00,4347.9400000000005,4351.360000000001,4345.570000000001,4348.950000000001,20260
2026-06-09T02:00:00+00:00,4348.950000000001,4349.4400000000005,4340.72,4347.870000000001,16752
2026-06-09T02:30:00+00:00,4347.870000000001,4353.360000000001,4343.72,4348.56,16255
2026-06-09T03:00:00+00:00,4348.56,4354.72,4343.7300000000005,4349.170000000001,16906
2026-06-09T03:30:00+00:00,4349.170000000001,4354.360000000001,4345.960000000001,4349.040000000001,9800
2026-06-09T04:00:00+00:00,4349.040000000001,4351.85,4341.290000000001,4342.950000000001,8207
2026-06-09T04:30:00+00:00,4342.950000000001,4345.3,4336.93,4344.8,9151
2026-06-09T05:00:00+00:00,4344.8,4349.650000000001,4343.47,4345.120000000001,10952
2026-06-09T05:30:00+00:00,4345.120000000001,4364.070000000001,4344.910000000001,4355.990000000001,23757
2026-06-09T06:00:00+00:00,4355.990000000001,4361.320000000001,4350.580000000001,4351.290000000001,18043
2026-06-09T06:30:00+00:00,4351.290000000001,4352.780000000001,4342.790000000001,4343.080000000001,15799
2026-06-09T07:00:00+00:00,4343.080000000001,4347.2300000000005,4335.47,4343.650000000001,21121
2026-06-09T07:30:00+00:00,4343.650000000001,4343.750000000001,4334.780000000001,4339.160000000001,13590
2026-06-09T08:00:00+00:00,4339.160000000001,4348.630000000001,4333.790000000001,4347.06,20565
2026-06-09T08:30:00+00:00,4347.06,4349.3,4338.4800000000005,4339.05,11192
2026-06-09T09:00:00+00:00,4339.05,4348.670000000001,4336.670000000001,4339.330000000001,13206
2026-06-09T09:30:00+00:00,4339.330000000001,4346.1,4337.4800000000005,4344.650000000001,10929
2026-06-09T10:00:00+00:00,4344.650000000001,4349.27,4337.97,4346.360000000001,13581
2026-06-09T10:30:00+00:00,4346.360000000001,4352.710000000001,4342.18,4351.570000000001,8993
2026-06-09T11:00:00+00:00,4351.570000000001,4353.030000000001,4348.18,4351.26,10402
2026-06-09T11:30:00+00:00,4351.26,4356.290000000001,4349.400000000001,4352.280000000001,8845
2026-06-09T12:00:00+00:00,4352.280000000001,4356.56,4347.870000000001,4348.39,13248
2026-06-09T12:30:00+00:00,4348.39,4356.870000000001,4347.39,4353.910000000001,15423
2026-06-09T13:00:00+00:00,4353.910000000001,4357.830000000001,4342.700000000001,4343.4400000000005,24019
2026-06-09T13:30:00+00:00,4343.4400000000005,4375.93,4337.8,4341.080000000001,52708
2026-06-09T14:00:00+00:00,4341.080000000001,4348.570000000001,4318.660000000001,4331.02,70708
2026-06-09T14:30:00+00:00,4331.02,4333.200000000001,4291.150000000001,4312.9800000000005,87433
2026-06-09T15:00:00+00:00,4312.9800000000005,4314.570000000001,4289.710000000001,4291.710000000001,62747
2026-06-09T15:30:00+00:00,4291.710000000001,4298.250000000001,4275.64,4284.820000000001,84724
2026-06-09T16:00:00+00:00,4284.820000000001,4293.64,4265.340000000001,4275.950000000001,104027
2026-06-09T16:30:00+00:00,4275.950000000001,4280.200000000001,4249.1,4264.4800000000005,114242
2026-06-09T17:00:00+00:00,4264.4800000000005,4280.35,4263.790000000001,4275.55,87917
2026-06-09T17:30:00+00:00,4275.55,4280.530000000001,4268.590000000001,4275.55,54536
2026-06-09T18:00:00+00:00,4275.55,4286.76,4272.080000000001,4283.35,54631
2026-06-09T18:30:00+00:00,4283.35,4286.380000000001,4274.710000000001,4282.530000000001,32508
2026-06-09T19:00:00+00:00,4282.530000000001,4284.170000000001,4265.35,4269.93,31146
2026-06-09T19:30:00+00:00,4269.93,4272.72,4262.380000000001,4271.280000000001,50081
2026-06-09T20:00:00+00:00,4271.280000000001,4273.540000000001,4268.14,4271.700000000001,10608
2026-06-09T20:30:00+00:00,4271.700000000001,4274.500000000001,4270.18,4272.89,4515
2026-06-09T22:00:00+00:00,4272.89,4277.34,4265.490000000001,4271.51,8190.771892894043
2026-06-09T22:30:00+00:00,4271.51,4272.530000000001,4247.56,4252.52,16491
2026-06-09T23:00:00+00:00,4252.52,4262.43,4238.01,4239.34,16662
2026-06-09T23:30:00+00:00,4239.34,4244.820000000001,4225.42,4236.89,25165
2026-06-10T00:00:00+00:00,4236.89,4243.34,4231.610000000001,4232.780000000001,33997
2026-06-10T00:30:00+00:00,4232.780000000001,4235.88,4214.400000000001,4232.9800000000005,36926
2026-06-10T01:00:00+00:00,4232.9800000000005,4233.490000000001,4202.410000000001,4217.120000000001,46584
2026-06-10T01:30:00+00:00,4217.120000000001,4222.040000000001,4198.650000000001,4203.870000000001,38885
2026-06-10T02:00:00+00:00,4203.870000000001,4206.860000000001,4193.27,4203.09,25262
2026-06-10T02:30:00+00:00,4203.09,4207.650000000001,4188.490000000001,4189.21,33105
2026-06-10T03:00:00+00:00,4189.21,4196.21,4188.320000000001,4192.35,22757
2026-06-10T03:30:00+00:00,4192.35,4201.68,4191.55,4199.990000000001,18421
2026-06-10T04:00:00+00:00,4199.990000000001,4202.320000000001,4188.9400000000005,4189.77,16051
2026-06-10T04:30:00+00:00,4189.77,4190.910000000001,4187.650000000001,4189.92,14177
2026-06-10T05:00:00+00:00,4189.92,4202.4400000000005,4188.620000000001,4202.360000000001,17667
2026-06-10T05:30:00+00:00,4202.360000000001,4224.18,4196.84,4220.360000000001,34679
2026-06-10T06:00:00+00:00,4220.360000000001,4237.160000000001,4220.360000000001,4226.7300000000005,26574
2026-06-10T06:30:00+00:00,4226.7300000000005,4228.68,4217.06,4219.13,23107
2026-06-10T07:00:00+00:00,4219.13,4222.9800000000005,4208.820000000001,4210.040000000001,22967
2026-06-10T07:30:00+00:00,4210.040000000001,4212.14,4196.67,4201.21,23268
2026-06-10T08:00:00+00:00,4201.21,4202.570000000001,4176.500000000001,4187.43,35762
2026-06-10T08:30:00+00:00,4187.43,4194.47,4181.46,4183.990000000001,26745
2026-06-10T09:00:00+00:00,4183.990000000001,4190.06,4179.490000000001,4181.530000000001,24346
2026-06-10T09:30:00+00:00,4181.530000000001,4194.52,4178.31,4183.92,23981
2026-06-10T10:00:00+00:00,4183.92,4186.200000000001,4170.750000000001,4180.43,20495
2026-06-10T10:30:00+00:00,4180.43,4193.910000000001,4179.35,4189.900000000001,21618
2026-06-10T11:00:00+00:00,4189.900000000001,4191.290000000001,4168.84,4181.660000000001,45128
2026-06-10T11:30:00+00:00,4181.660000000001,4183.110000000001,4161.01,4162.88,35006
2026-06-10T12:00:00+00:00,4162.88,4167.700000000001,4145.4800000000005,4156.02,36610
2026-06-10T12:30:00+00:00,4156.02,4188.4800000000005,4155.13,4162.13,68514
2026-06-10T13:00:00+00:00,4162.13,4173.250000000001,4148.150000000001,4165.01,50850
2026-06-10T13:30:00+00:00,4165.01,4201.31,4157.160000000001,4194.820000000001,89141
2026-06-10T14:00:00+00:00,4194.820000000001,4195.830000000001,4174.780000000001,4176.42,73053
2026-06-10T14:30:00+00:00,4176.42,4178.580000000001,4133.500000000001,4140.05,70098
2026-06-10T15:00:00+00:00,4140.05,4151.93,4128.51,4142.88,72716
2026-06-10T15:30:00+00:00,4142.88,4146.4400000000005,4121.790000000001,4144.030000000001,75781
2026-06-10T16:00:00+00:00,4144.030000000001,4149.81,4138.27,4142.660000000001,55426
2026-06-10T16:30:00+00:00,4142.660000000001,4147.200000000001,4131.21,4136.950000000001,44418
2026-06-10T17:00:00+00:00,4136.950000000001,4150.000000000001,4124.400000000001,4126.1900000000005,43316
2026-06-10T17:30:00+00:00,4126.1900000000005,4128.55,4116.040000000001,4126.85,43490
2026-06-10T18:00:00+00:00,4126.85,4135.52,4124.740000000001,4127.64,40600
2026-06-10T18:30:00+00:00,4127.64,4127.64,4112.160000000001,4116.780000000001,35541
2026-06-10T19:00:00+00:00,4116.780000000001,4117.360000000001,4096.839999999999,4099.949999999999,33722
2026-06-10T19:30:00+00:00,4099.949999999999,4107.6399999999985,4096.85,4098.1900000000005,45418
2026-06-10T20:00:00+00:00,4098.1900000000005,4098.280000000001,4085.0000000000005,4093.6800000000003,17478
2026-06-10T20:30:00+00:00,4093.6800000000003,4093.6800000000003,4082.2600000000007,4086.5400000000004,9717
2026-06-10T22:00:00+00:00,4086.5400000000004,4086.850000000001,4046.400000000001,4054.900000000001,25545.388462490715
2026-06-10T22:30:00+00:00,4054.900000000001,4079.190000000001,4054.540000000001,4056.380000000001,24344
2026-06-10T23:00:00+00:00,4056.380000000001,4074.7200000000007,4033.9300000000007,4071.480000000001,36470
2026-06-10T23:30:00+00:00,4071.480000000001,4074.2600000000007,4054.590000000001,4057.110000000001,25406
2026-06-11T00:00:00+00:00,4057.110000000001,4082.4700000000007,4045.9900000000007,4077.550000000001,69943
2026-06-11T00:30:00+00:00,4077.550000000001,4088.060000000001,4069.300000000001,4085.920000000001,42391
2026-06-11T01:00:00+00:00,4085.920000000001,4119.080000000002,4076.320000000001,4114.990000000002,65487
2026-06-11T01:30:00+00:00,4114.990000000002,4128.510000000002,4108.180000000002,4111.960000000002,35820
2026-06-11T02:00:00+00:00,4111.960000000002,4112.830000000002,4091.5600000000018,4092.660000000002,32730
2026-06-11T02:30:00+00:00,4092.660000000002,4095.320000000002,4062.300000000002,4078.160000000002,43133
2026-06-11T03:00:00+00:00,4078.160000000002,4088.880000000002,4067.0600000000018,4073.410000000002,34881
2026-06-11T03:30:00+00:00,4073.410000000002,4085.950000000002,4072.490000000002,4083.1200000000017,21547
2026-06-11T04:00:00+00:00,4083.1200000000017,4095.760000000002,4080.230000000002,4087.990000000002,20403
2026-06-11T04:30:00+00:00,4087.990000000002,4096.290000000002,4085.070000000002,4093.030000000002,17931
2026-06-11T05:00:00+00:00,4093.030000000002,4093.6200000000017,4082.940000000002,4085.110000000002,22948
2026-06-11T05:30:00+00:00,4085.110000000002,4116.670000000003,4084.630000000002,4104.430000000002,35748
2026-06-11T06:00:00+00:00,4104.430000000002,4105.140000000002,4086.3000000000015,4096.93,30784
2026-06-11T06:30:00+00:00,4096.93,4107.91,4093.35,4104.720000000001,20934
2026-06-11T07:00:00+00:00,4104.720000000001,4120.6799999999985,4101.939999999999,4118.019999999999,26183
2026-06-11T07:30:00+00:00,4118.019999999999,4120.829999999998,4109.299999999998,4115.239999999998,17597
2026-06-11T08:00:00+00:00,4115.239999999998,4123.049999999998,4107.499999999998,4107.499999999998,21353
2026-06-11T08:30:00+00:00,4107.499999999998,4109.949999999998,4094.8500000000004,4094.8600000000006,30103
2026-06-11T09:00:00+00:00,4094.8600000000006,4099.290000000003,4089.120000000002,4089.8900000000026,17580
2026-06-11T09:30:00+00:00,4089.8900000000026,4106.780000000003,4087.8000000000025,4102.020000000006,15171
2026-06-11T10:00:00+00:00,4102.020000000006,4104.960000000006,4097.110000000007,4098.040000000006,15310
2026-06-11T10:30:00+00:00,4098.040000000006,4103.430000000008,4096.8400000000065,4100.310000000009,12353
2026-06-11T11:00:00+00:00,4100.310000000009,4103.690000000008,4093.840000000007,4100.690000000008,19763
2026-06-11T11:30:00+00:00,4100.690000000008,4106.300000000008,4090.0900000000074,4090.5900000000074,21579
2026-06-11T12:00:00+00:00,4090.5900000000074,4097.420000000007,4071.4800000000073,4079.1700000000073,37948
2026-06-11T12:30:00+00:00,4079.1700000000073,4095.5300000000075,4067.5200000000073,4092.1400000000076,52126
2026-06-11T13:00:00+00:00,4092.1400000000076,4096.490000000007,4082.3000000000075,4085.6900000000073,46727
2026-06-11T13:30:00+00:00,4085.6900000000073,4103.020000000008,4077.3400000000074,4093.6400000000085,94852
2026-06-11T14:00:00+00:00,4093.6400000000085,4095.790000000008,4063.290000000008,4085.0700000000083,85010
2026-06-11T14:30:00+00:00,4085.0700000000083,4093.830000000008,4080.8900000000085,4083.730000000008,67108
2026-06-11T15:00:00+00:00,4083.730000000008,4099.560000000009,4080.6100000000083,4091.8100000000077,61598
2026-06-11T15:30:00+00:00,4091.8100000000077,4105.870000000006,4087.7900000000077,4099.140000000007,45447
2026-06-11T16:00:00+00:00,4099.140000000007,4117.9700000000075,4089.860000000008,4090.050000000008,45973
2026-06-11T16:30:00+00:00,4090.050000000008,4098.310000000008,4088.370000000008,4090.6400000000085,37289
2026-06-11T17:00:00+00:00,4090.6400000000085,4112.600000000008,4082.250000000008,4111.570000000007,46147
2026-06-11T17:30:00+00:00,4111.570000000007,4180.320000000007,4111.570000000007,4162.230000000008,116193
2026-06-11T18:00:00+00:00,4162.230000000008,4173.350000000008,4141.530000000007,4163.270000000008,96206
2026-06-11T18:30:00+00:00,4163.270000000008,4181.890000000008,4159.320000000007,4172.200000000007,44510
2026-06-11T19:00:00+00:00,4172.200000000007,4208.670000000007,4172.200000000007,4205.9700000000075,59323
2026-06-11T19:30:00+00:00,4205.9700000000075,4230.5100000000075,4205.940000000008,4218.890000000008,57451
2026-06-11T20:00:00+00:00,4218.890000000008,4228.950000000007,4218.590000000007,4224.500000000007,16561
2026-06-11T20:30:00+00:00,4224.500000000007,4226.920000000007,4219.570000000007,4222.660000000007,10055
2026-06-11T22:00:00+00:00,4222.660000000007,4233.820000000007,4220.570000000007,4230.500000000007,11968.330132004741
2026-06-11T22:30:00+00:00,4230.500000000007,4262.150000000007,4226.750000000007,4258.880000000007,17738
2026-06-11T23:00:00+00:00,4258.880000000007,4261.590000000007,4229.400000000007,4231.900000000007,18012
2026-06-11T23:30:00+00:00,4231.900000000007,4240.320000000007,4229.7600000000075,4235.140000000007,18460
2026-06-12T00:00:00+00:00,4235.140000000007,4246.100000000007,4222.590000000007,4235.690000000007,33149
2026-06-12T00:30:00+00:00,4235.690000000007,4244.420000000007,4215.780000000007,4224.0500000000075,28659
2026-06-12T01:00:00+00:00,4224.0500000000075,4226.700000000007,4194.430000000008,4196.500000000007,40402
2026-06-12T01:30:00+00:00,4196.500000000007,4207.0500000000075,4186.930000000008,4202.400000000007,30741
2026-06-12T02:00:00+00:00,4202.400000000007,4215.650000000007,4199.330000000007,4204.020000000007,21451
2026-06-12T02:30:00+00:00,4204.020000000007,4209.370000000007,4198.090000000007,4207.060000000007,22394
2026-06-12T03:00:00+00:00,4207.060000000007,4219.410000000007,4205.040000000007,4219.2600000000075,21360
2026-06-12T03:30:00+00:00,4219.2600000000075,4220.590000000007,4211.160000000007,4212.810000000007,16442
2026-06-12T04:00:00+00:00,4212.810000000007,4216.710000000007,4205.980000000007,4208.330000000007,11273
2026-06-12T04:30:00+00:00,4208.330000000007,4214.000000000007,4205.230000000007,4205.670000000007,10828
2026-06-12T05:00:00+00:00,4205.670000000007,4208.660000000007,4197.560000000007,4202.7200000000075,16027
2026-06-12T05:30:00+00:00,4202.7200000000075,4203.390000000007,4186.170000000007,4188.570000000007,36724
2026-06-12T06:00:00+00:00,4188.570000000007,4201.160000000007,4188.520000000007,4197.640000000007,23689
2026-06-12T06:30:00+00:00,4197.640000000007,4200.640000000007,4187.920000000007,4199.750000000007,21449
2026-06-12T07:00:00+00:00,4199.750000000007,4200.780000000007,4189.340000000007,4189.730000000007,19359
2026-06-12T07:30:00+00:00,4189.730000000007,4210.250000000007,4185.790000000007,4210.200000000007,24241
2026-06-12T08:00:00+00:00,4210.200000000007,4236.250000000007,4207.430000000008,4228.960000000007,43402
2026-06-12T08:30:00+00:00,4228.960000000007,4241.610000000007,4227.280000000007,4235.140000000007,26729
2026-06-12T09:00:00+00:00,4235.140000000007,4242.500000000007,4233.0100000000075,4236.540000000007,23460
2026-06-12T09:30:00+00:00,4236.540000000007,4243.620000000007,4234.860000000007,4237.390000000007,19350
2026-06-12T10:00:00+00:00,4237.390000000007,4241.120000000007,4218.360000000007,4222.490000000007,22355
2026-06-12T10:30:00+00:00,4222.490000000007,4234.340000000007,4222.130000000007,4226.540000000007,18657
2026-06-12T11:00:00+00:00,4226.540000000007,4227.700000000007,4217.820000000007,4218.270000000007,16598
2026-06-12T11:30:00+00:00,4218.270000000007,4230.710000000007,4213.110000000007,4222.460000000007,16477
2026-06-12T12:00:00+00:00,4222.460000000007,4230.980000000007,4215.910000000007,4216.780000000007,22443
2026-06-12T12:30:00+00:00,4216.780000000007,4217.480000000007,4204.160000000007,4207.4700000000075,26005
2026-06-12T13:00:00+00:00,4207.4700000000075,4222.370000000007,4202.200000000007,4218.480000000007,28836
2026-06-12T13:30:00+00:00,4218.480000000007,4225.900000000007,4198.0100000000075,4201.600000000007,87755
2026-06-12T14:00:00+00:00,4201.600000000007,4215.070000000007,4198.2600000000075,4204.140000000007,60442
2026-06-12T14:30:00+00:00,4204.140000000007,4224.160000000007,4192.7600000000075,4219.600000000007,72253
2026-06-12T15:00:00+00:00,4219.600000000007,4251.210000000007,4215.7200000000075,4241.5100000000075,48928
2026-06-12T15:30:00+00:00,4241.5100000000075,4244.150000000007,4222.4700000000075,4227.520000000007,49780
2026-06-12T16:00:00+00:00,4227.520000000007,4248.670000000007,4223.680000000008,4232.540000000007,46044
2026-06-12T16:30:00+00:00,4232.540000000007,4236.130000000007,4226.910000000007,4231.640000000007,38270
2026-06-12T17:00:00+00:00,4231.640000000007,4242.070000000007,4229.520000000007,4234.570000000007,35325
2026-06-12T17:30:00+00:00,4234.570000000007,4240.770000000007,4229.570000000007,4237.105000000006,22537.594829170128
2026-06-12T18:00:00+00:00,4237.105000000006,4251.035000000006,4233.975000000006,4242.155000000006,29377
2026-06-12T18:30:00+00:00,4242.155000000006,4245.815000000006,4229.785000000006,4231.295000000006,18116
2026-06-12T19:00:00+00:00,4231.295000000006,4235.285000000006,4223.575000000006,4224.295000000006,14667
2026-06-12T19:30:00+00:00,4224.295000000006,4227.015000000006,4217.605000000006,4226.515000000006,21489
2026-06-12T20:00:00+00:00,4226.515000000006,4232.765000000006,4225.145000000006,4230.195000000006,5030
2026-06-12T20:30:00+00:00,4230.195000000006,4230.285000000006,4228.015000000006,4229.205000000006,873
2026-06-14T22:00:00+00:00,4229.205000000006,4323.315000000006,4220.805000000006,4300.915000000006,29751.215365829725
2026-06-14T22:30:00+00:00,4300.915000000006,4305.995000000006,4294.005000000006,4299.465000000006,12784
2026-06-14T23:00:00+00:00,4299.465000000006,4302.645000000006,4295.005000000006,4297.705000000006,9756
2026-06-14T23:30:00+00:00,4297.705000000006,4309.395000000006,4295.785000000006,4308.355000000006,8996
2026-06-15T00:00:00+00:00,4308.355000000006,4322.505000000006,4307.465000000006,4315.175000000006,15949
2026-06-15T00:30:00+00:00,4315.175000000006,4320.055000000006,4305.405000000006,4306.765000000006,18074
2026-06-15T01:00:00+00:00,4306.765000000006,4320.825000000006,4299.685000000006,4317.675000000006,42537
2026-06-15T01:30:00+00:00,4317.675000000006,4333.865000000006,4315.185000000006,4330.995000000006,25063
2026-06-15T02:00:00+00:00,4330.995000000006,4345.245000000006,4330.365000000006,4342.365000000006,15809
2026-06-15T02:30:00+00:00,4342.365000000006,4349.725000000006,4341.975000000006,4343.925000000006,17190
2026-06-15T03:00:00+00:00,4343.925000000006,4345.505000000006,4335.755000000006,4338.185000000006,15284
2026-06-15T03:30:00+00:00,4338.185000000006,4341.705000000006,4335.315000000006,4339.245000000006,7619
2026-06-15T04:00:00+00:00,4339.245000000006,4341.975000000006,4334.845000000006,4341.315000000006,8316
2026-06-15T04:30:00+00:00,4341.315000000006,4344.355000000006,4339.575000000006,4342.575000000006,5537
2026-06-15T05:00:00+00:00,4342.575000000006,4347.165000000006,4337.945000000006,4344.515000000006,11086
2026-06-15T05:30:00+00:00,4344.515000000006,4347.075000000006,4321.345000000006,4324.435000000006,18366
2026-06-15T06:00:00+00:00,4324.435000000006,4327.755000000006,4317.035000000006,4319.365000000006,24639
2026-06-15T06:30:00+00:00,4319.365000000006,4323.965000000006,4315.015000000006,4322.355000000006,18197
2026-06-15T07:00:00+00:00,4322.355000000006,4333.035000000006,4319.415000000006,4330.925000000006,15330
2026-06-15T07:30:00+00:00,4330.925000000006,4339.625000000006,4326.285000000006,4337.435000000006,15516
2026-06-15T08:00:00+00:00,4337.435000000006,4346.975000000006,4335.895000000006,4342.865000000006,16642
2026-06-15T08:30:00+00:00,4342.865000000006,4359.555000000006,4341.965000000006,4348.405000000006,15216
2026-06-15T09:00:00+00:00,4348.405000000006,4357.425000000006,4348.385000000006,4353.175000000006,14308
2026-06-15T09:30:00+00:00,4353.175000000006,4355.325000000006,4349.185000000006,4350.895000000006,11585
2026-06-15T10:00:00+00:00,4350.895000000006,4354.635000000006,4349.935000000006,4352.635000000006,9592
2026-06-15T10:30:00+00:00,4352.635000000006,4355.685000000006,4349.565000000006,4352.405000000006,9868
2026-06-15T11:00:00+00:00,4352.405000000006,4355.765000000006,4350.385000000006,4355.275000000006,11871
2026-06-15T11:30:00+00:00,4355.275000000006,4361.835000000006,4346.055000000006,4349.355000000006,16604
2026-06-15T12:00:00+00:00,4349.355000000006,4352.875000000006,4338.825000000006,4351.365000000006,21302
2026-06-15T12:30:00+00:00,4351.365000000006,4363.725000000006,4348.895000000006,4363.275000000006,19208
2026-06-15T13:00:00+00:00,4363.275000000006,4370.175000000006,4355.395000000006,4367.525000000006,22447
2026-06-15T13:30:00+00:00,4367.525000000006,4383.215000000006,4366.455000000006,4369.535000000006,55355
2026-06-15T14:00:00+00:00,4369.535000000006,4383.755000000006,4368.065000000006,4377.775000000006,46929
2026-06-15T14:30:00+00:00,4377.775000000006,4379.515000000006,4368.135000000006,4370.995000000006,34724
2026-06-15T15:00:00+00:00,4370.995000000006,4373.535000000006,4363.665000000006,4368.335000000006,25941
2026-06-15T15:30:00+00:00,4368.335000000006,4374.965000000006,4363.415000000006,4370.525000000006,20562
2026-06-15T16:00:00+00:00,4370.525000000006,4372.945000000006,4353.215000000006,4357.255000000006,15594
2026-06-15T16:30:00+00:00,4357.255000000006,4357.325000000006,4348.745000000006,4353.445000000006,14799
2026-06-15T17:00:00+00:00,4353.445000000006,4353.455000000006,4343.115000000006,4344.025000000006,18996
2026-06-15T17:30:00+00:00,4344.025000000006,4344.155000000006,4334.595000000006,4338.995000000006,16486
2026-06-15T18:00:00+00:00,4338.995000000006,4342.325000000006,4331.985000000006,4338.925000000006,15841
2026-06-15T18:30:00+00:00,4338.925000000006,4341.515000000006,4336.005000000006,4339.835000000006,13489
2026-06-15T19:00:00+00:00,4339.835000000006,4340.945000000006,4335.005000000006,4335.665000000006,12336
2026-06-15T19:30:00+00:00,4335.665000000006,4338.005000000006,4330.745000000006,4334.885000000006,18486
2026-06-15T20:00:00+00:00,4334.885000000006,4336.325000000006,4324.825000000006,4326.915000000006,6645
2026-06-15T20:30:00+00:00,4326.915000000006,4327.325000000006,4320.775000000006,4323.505000000006,5541
2026-06-15T22:00:00+00:00,4323.505000000006,4330.395000000006,4320.745000000006,4323.645000000006,9801.682075820674
2026-06-15T22:30:00+00:00,4323.645000000006,4329.775000000006,4321.585000000006,4326.835000000006,7566
2026-06-15T23:00:00+00:00,4326.835000000006,4331.495000000006,4326.355000000006,4330.485000000006,6841
2026-06-15T23:30:00+00:00,4330.485000000006,4334.145000000006,4328.055000000007,4330.605000000006,7773
2026-06-16T00:00:00+00:00,4330.605000000006,4333.455000000006,4321.625000000006,4323.355000000006,13498
2026-06-16T00:30:00+00:00,4323.355000000006,4335.795000000006,4322.935000000006,4334.145000000006,15720
2026-06-16T01:00:00+00:00,4334.145000000006,4341.035000000006,4330.295000000006,4334.285000000006,33914
2026-06-16T01:30:00+00:00,4334.285000000006,4335.435000000006,4326.985000000006,4328.485000000006,20389
2026-06-16T02:00:00+00:00,4328.485000000006,4329.085000000006,4322.705000000006,4327.695000000006,12716
2026-06-16T02:30:00+00:00,4327.695000000006,4335.905000000006,4324.495000000006,4333.585000000006,14314
2026-06-16T03:00:00+00:00,4333.585000000006,4337.5050000000065,4330.475000000006,4336.305000000007,12541
2026-06-16T03:30:00+00:00,4336.305000000007,4348.085000000006,4334.525000000006,4345.285000000006,9992
2026-06-16T04:00:00+00:00,4345.285000000006,4347.105000000006,4336.915000000006,4337.835000000006,7437
2026-06-16T04:30:00+00:00,4337.835000000006,4340.345000000007,4336.115000000006,4337.525000000006,8219
2026-06-16T05:00:00+00:00,4337.525000000006,4344.145000000006,4337.125000000006,4342.325000000006,7542
2026-06-16T05:30:00+00:00,4342.325000000006,4345.845000000007,4329.055000000007,4330.745000000006,24686
2026-06-16T06:00:00+00:00,4330.745000000006,4334.655000000006,4328.195000000006,4331.455000000006,16827
2026-06-16T06:30:00+00:00,4331.455000000006,4339.385000000007,4328.955000000006,4338.835000000006,17797
2026-06-16T07:00:00+00:00,4338.835000000006,4344.585000000006,4337.515000000006,4343.705000000006,11508
2026-06-16T07:30:00+00:00,4343.705000000006,4350.585000000006,4341.125000000006,4350.025000000006,14125
2026-06-16T08:00:00+00:00,4350.025000000006,4358.405000000006,4347.605000000006,4356.245000000006,13264
2026-06-16T08:30:00+00:00,4356.245000000006,4362.955000000006,4353.945000000006,4362.035000000006,12240
2026-06-16T09:00:00+00:00,4362.035000000006,4363.315000000006,4353.245000000006,4354.855000000006,12365
2026-06-16T09:30:00+00:00,4354.855000000006,4363.285000000006,4354.275000000006,4360.135000000007,10247
2026-06-16T10:00:00+00:00,4360.135000000007,4361.745000000006,4358.075000000006,4359.165000000006,7703
2026-06-16T10:30:00+00:00,4359.165000000006,4363.9650000000065,4357.265000000006,4363.9650000000065,7595
2026-06-16T11:00:00+00:00,4363.9650000000065,4364.4650000000065,4353.4650000000065,4356.945000000006,12354
2026-06-16T11:30:00+00:00,4356.945000000006,4357.235000000006,4350.085000000006,4355.855000000006,14735
2026-06-16T12:00:00+00:00,4355.855000000006,4360.555000000007,4352.395000000006,4358.685000000006,17721
2026-06-16T12:30:00+00:00,4358.685000000006,4369.875000000006,4356.4650000000065,4369.535000000006,20327
2026-06-16T13:00:00+00:00,4369.535000000006,4369.885000000007,4348.055000000007,4350.055000000007,30448
2026-06-16T13:30:00+00:00,4350.055000000007,4355.655000000006,4346.615000000006,4346.745000000006,39245
2026-06-16T14:00:00+00:00,4346.745000000006,4353.805000000007,4332.495000000006,4334.685000000006,41113
2026-06-16T14:30:00+00:00,4334.685000000006,4343.365000000006,4328.205000000006,4339.095000000007,38865
2026-06-16T15:00:00+00:00,4339.095000000007,4343.615000000006,4335.775000000006,4340.635000000007,25686
2026-06-16T15:30:00+00:00,4340.635000000007,4358.385000000007,4336.9650000000065,4350.235000000006,33241
2026-06-16T16:00:00+00:00,4350.235000000006,4362.085000000006,4349.845000000007,4359.515000000006,21456
2026-06-16T16:30:00+00:00,4359.515000000006,4361.435000000006,4355.0050000000065,4355.565000000006,15866
2026-06-16T17:00:00+00:00,4355.565000000006,4356.165000000006,4340.155000000006,4349.585000000006,19224
2026-06-16T17:30:00+00:00,4349.585000000006,4355.455000000006,4349.015000000006,4355.235000000006,14315
2026-06-16T18:00:00+00:00,4355.235000000006,4357.695000000006,4353.815000000006,4356.225000000006,15815
2026-06-16T18:30:00+00:00,4356.225000000006,4357.835000000006,4351.235000000006,4353.535000000006,12663
2026-06-16T19:00:00+00:00,4353.535000000006,4357.855000000006,4351.4650000000065,4354.415000000006,12831
2026-06-16T19:30:00+00:00,4354.415000000006,4354.935000000006,4345.475000000006,4349.0050000000065,15775
2026-06-16T20:00:00+00:00,4349.0050000000065,4349.2550000000065,4345.995000000006,4347.925000000007,4784
2026-06-16T20:30:00+00:00,4347.925000000007,4350.015000000006,4344.425000000007,4346.025000000006,3911
2026-06-16T22:00:00+00:00,4346.025000000006,4350.985000000007,4344.815000000007,4346.415000000006,5015.542363961688
2026-06-16T22:30:00+00:00,4346.415000000006,4352.345000000007,4346.135000000007,4351.675000000007,4023
2026-06-16T23:00:00+00:00,4351.675000000007,4354.625000000006,4349.695000000007,4351.895000000007,3409
2026-06-16T23:30:00+00:00,4351.895000000007,4352.495000000006,4345.2150000000065,4346.725000000007,4735
2026-06-17T00:00:00+00:00,4346.725000000007,4357.835000000006,4344.395000000007,4353.415000000006,17054
2026-06-17T00:30:00+00:00,4353.415000000006,4355.0050000000065,4348.265000000007,4353.275000000007,10414
2026-06-17T01:00:00+00:00,4353.275000000007,4365.915000000006,4350.415000000006,4359.485000000007,23094
2026-06-17T01:30:00+00:00,4359.485000000007,4360.295000000006,4352.815000000007,4357.0050000000065,13932
2026-06-17T02:00:00+00:00,4357.0050000000065,4360.725000000007,4355.825000000006,4356.805000000007,10200
2026-06-17T02:30:00+00:00,4356.805000000007,4359.885000000007,4345.815000000007,4347.555000000007,15230
2026-06-17T03:00:00+00:00,4347.555000000007,4350.315000000007,4344.795000000006,4347.855000000007,11582
2026-06-17T03:30:00+00:00,4347.855000000007,4349.925000000007,4346.175000000007,4348.195000000007,6279
2026-06-17T04:00:00+00:00,4348.195000000007,4350.245000000006,4340.175000000007,4340.745000000006,7691
2026-06-17T04:30:00+00:00,4340.745000000006,4342.9650000000065,4333.595000000007,4342.9650000000065,7565
2026-06-17T05:00:00+00:00,4342.9650000000065,4344.065000000007,4337.265000000007,4343.395000000007,8676
2026-06-17T05:30:00+00:00,4343.395000000007,4350.365000000006,4340.515000000007,4342.835000000006,15095
2026-06-17T06:00:00+00:00,4342.835000000006,4346.245000000006,4336.565000000007,4340.375000000006,16241
2026-06-17T06:30:00+00:00,4340.375000000006,4347.9650000000065,4338.565000000007,4347.845000000007,11438
2026-06-17T07:00:00+00:00,4347.845000000007,4348.985000000007,4342.685000000007,4345.235000000007,10787
2026-06-17T07:30:00+00:00,4345.235000000007,4347.855000000007,4340.655000000006,4341.325000000006,8853
2026-06-17T08:00:00+00:00,4341.325000000006,4344.045000000006,4335.645000000007,4339.775000000007,13813
2026-06-17T08:30:00+00:00,4339.775000000007,4341.555000000007,4333.165000000006,4340.805000000007,11325
2026-06-17T09:00:00+00:00,4340.805000000007,4349.445000000007,4337.395000000007,4348.205000000006,10851
2026-06-17T09:30:00+00:00,4348.205000000006,4351.7550000000065,4341.725000000007,4345.635000000007,9235
2026-06-17T10:00:00+00:00,4345.635000000007,4347.235000000007,4342.665000000006,4345.055000000007,9156
2026-06-17T10:30:00+00:00,4345.055000000007,4351.405000000006,4343.115000000006,4347.5050000000065,9341
2026-06-17T11:00:00+00:00,4347.5050000000065,4348.085000000006,4343.845000000007,4345.115000000006,10272
2026-06-17T11:30:00+00:00,4345.115000000006,4345.245000000006,4337.125000000006,4339.245000000006,11397
2026-06-17T12:00:00+00:00,4339.245000000006,4343.625000000006,4336.0050000000065,4340.195000000007,13703
2026-06-17T12:30:00+00:00,4340.195000000007,4351.685000000007,4339.425000000007,4349.745000000006,12356
2026-06-17T13:00:00+00:00,4349.745000000006,4354.375000000006,4340.095000000007,4351.545000000006,18526
2026-06-17T13:30:00+00:00,4351.545000000006,4361.455000000006,4348.735000000007,4355.555000000007,30911
2026-06-17T14:00:00+00:00,4355.555000000007,4378.355000000007,4351.735000000007,4376.425000000007,35238
2026-06-17T14:30:00+00:00,4376.425000000007,4380.185000000007,4346.725000000007,4360.585000000006,48249
2026-06-17T15:00:00+00:00,4360.585000000006,4376.125000000006,4359.905000000006,4371.225000000007,30736
2026-06-17T15:30:00+00:00,4371.225000000007,4381.0050000000065,4370.625000000006,4379.605000000007,17044
2026-06-17T16:00:00+00:00,4379.605000000007,4382.685000000007,4376.605000000007,4381.235000000007,12557
2026-06-17T16:30:00+00:00,4381.235000000007,4381.385000000007,4371.165000000006,4375.515000000007,10243
2026-06-17T17:00:00+00:00,4375.515000000007,4380.095000000007,4371.305000000007,4377.355000000007,15113
2026-06-17T17:30:00+00:00,4377.355000000007,4398.655000000006,4376.915000000006,4395.765000000007,23442
2026-06-17T18:00:00+00:00,4395.765000000007,4395.765000000007,4292.865000000006,4308.435000000007,123435
2026-06-17T18:30:00+00:00,4308.435000000007,4348.435000000007,4285.555000000007,4302.315000000007,140476
2026-06-17T19:00:00+00:00,4302.315000000007,4311.545000000006,4242.315000000007,4243.165000000006,117173
2026-06-17T19:30:00+00:00,4243.165000000006,4263.245000000006,4234.875000000006,4251.925000000007,104348
2026-06-17T20:00:00+00:00,4251.925000000007,4285.735000000007,4250.7550000000065,4274.285000000006,33808
2026-06-17T20:30:00+00:00,4274.285000000006,4281.575000000006,4271.865000000006,4272.995000000006,13475
2026-06-17T22:00:00+00:00,4272.995000000006,4287.835000000006,4270.515000000007,4282.945000000007,15876.61617609582
2026-06-17T22:30:00+00:00,4282.945000000007,4287.195000000007,4276.545000000006,4282.865000000007,9336
2026-06-17T23:00:00+00:00,4282.865000000007,4300.130000000006,4280.110000000006,4295.820000000006,12472.510914051842
2026-06-17T23:30:00+00:00,4295.820000000006,4299.060000000006,4283.840000000006,4293.840000000006,13785
2026-06-18T00:00:00+00:00,4293.840000000006,4317.490000000006,4292.360000000006,4316.540000000005,30543
2026-06-18T00:30:00+00:00,4316.540000000005,4331.450000000005,4315.770000000006,4324.580000000005,22476
2026-06-18T01:00:00+00:00,4324.580000000005,4344.810000000006,4322.690000000006,4335.490000000006,34935
2026-06-18T01:30:00+00:00,4335.490000000006,4342.390000000006,4333.030000000006,4333.900000000006,22016
2026-06-18T02:00:00+00:00,4333.900000000006,4346.120000000005,4332.220000000006,4340.7100000000055,15091
2026-06-18T02:30:00+00:00,4340.7100000000055,4341.600000000006,4326.530000000006,4327.130000000006,20944
2026-06-18T03:00:00+00:00,4327.130000000006,4333.040000000005,4325.260000000006,4331.020000000006,15511
2026-06-18T03:30:00+00:00,4331.020000000006,4338.980000000006,4329.550000000006,4335.880000000006,9805
2026-06-18T04:00:00+00:00,4335.880000000006,4340.260000000006,4327.610000000006,4329.790000000005,8736
2026-06-18T04:30:00+00:00,4329.790000000005,4334.640000000006,4325.850000000006,4331.910000000005,11421
2026-06-18T05:00:00+00:00,4331.910000000005,4339.270000000006,4328.360000000006,4339.150000000006,11977
2026-06-18T05:30:00+00:00,4339.150000000006,4340.980000000006,4317.390000000006,4324.150000000006,26809
2026-06-18T06:00:00+00:00,4324.150000000006,4326.140000000006,4312.350000000006,4321.2500000000055,29334
2026-06-18T06:30:00+00:00,4321.2500000000055,4323.800000000006,4315.230000000006,4322.760000000006,18684
2026-06-18T07:00:00+00:00,4322.760000000006,4325.650000000006,4316.580000000005,4323.9600000000055,18130
2026-06-18T07:30:00+00:00,4323.9600000000055,4323.9600000000055,4303.6700000000055,4304.760000000006,19461
2026-06-18T08:00:00+00:00,4304.760000000006,4309.240000000006,4300.160000000005,4301.190000000006,19359
2026-06-18T08:30:00+00:00,4301.190000000006,4306.130000000006,4281.7500000000055,4282.810000000006,22211
2026-06-18T09:00:00+00:00,4282.810000000006,4289.320000000006,4275.760000000006,4282.580000000005,21494
2026-06-18T09:30:00+00:00,4282.580000000005,4289.450000000005,4279.480000000006,4284.5000000000055,16313
2026-06-18T10:00:00+00:00,4284.5000000000055,4289.010000000006,4277.9600000000055,4285.760000000006,18550
2026-06-18T10:30:00+00:00,4285.760000000006,4287.030000000006,4270.800000000006,4271.810000000006,15251
2026-06-18T11:00:00+00:00,4271.810000000006,4272.070000000006,4256.540000000005,4265.300000000006,26940
2026-06-18T11:30:00+00:00,4265.300000000006,4266.340000000006,4255.9600000000055,4258.080000000005,22225
2026-06-18T12:00:00+00:00,4258.080000000005,4285.350000000006,4256.550000000006,4271.280000000006,29452
2026-06-18T12:30:00+00:00,4271.280000000006,4274.760000000006,4257.120000000005,4262.910000000005,32826
2026-06-18T13:00:00+00:00,4262.910000000005,4279.550000000006,4261.120000000005,4279.260000000006,27371
2026-06-18T13:30:00+00:00,4279.260000000006,4292.800000000006,4266.830000000005,4272.800000000006,61541
2026-06-18T14:00:00+00:00,4272.800000000006,4274.260000000006,4253.130000000006,4260.440000000006,57600
2026-06-18T14:30:00+00:00,4260.440000000006,4270.6700000000055,4256.270000000006,4268.4200000000055,43592
2026-06-18T15:00:00+00:00,4268.4200000000055,4271.0000000000055,4250.380000000006,4251.830000000005,43832
2026-06-18T15:30:00+00:00,4251.830000000005,4252.780000000006,4239.230000000006,4242.780000000006,45409
2026-06-18T16:00:00+00:00,4242.780000000006,4249.4200000000055,4238.050000000006,4241.100000000006,33705
2026-06-18T16:30:00+00:00,4241.100000000006,4245.540000000005,4230.160000000005,4235.620000000005,34092
2026-06-18T17:00:00+00:00,4235.620000000005,4247.770000000006,4234.6700000000055,4242.2500000000055,29292
2026-06-18T17:30:00+00:00,4242.2500000000055,4249.340000000006,4238.610000000006,4246.5000000000055,20417
2026-06-18T18:00:00+00:00,4246.5000000000055,4249.390000000006,4241.650000000006,4242.490000000006,19846
2026-06-18T18:30:00+00:00,4242.490000000006,4242.510000000006,4234.380000000006,4234.690000000006,17959
2026-06-18T19:00:00+00:00,4234.690000000006,4235.230000000006,4217.320000000006,4221.230000000006,25740
2026-06-18T19:30:00+00:00,4221.230000000006,4234.910000000005,4217.520000000006,4233.350000000006,24710
2026-06-18T20:00:00+00:00,4233.350000000006,4235.760000000006,4230.850000000006,4235.2500000000055,7687
2026-06-18T20:30:00+00:00,4235.2500000000055,4235.2500000000055,4223.740000000006,4225.300000000006,6645
2026-06-18T22:00:00+00:00,4225.300000000006,4229.190000000006,4219.6300000000065,4221.020000000006,6349.419891359738
2026-06-18T22:30:00+00:00,4221.020000000006,4227.930000000007,4219.980000000006,4224.370000000006,5332
2026-06-18T23:00:00+00:00,4224.370000000006,4225.450000000006,4210.970000000007,4214.440000000006,10727
2026-06-18T23:30:00+00:00,4214.440000000006,4216.280000000006,4203.870000000006,4205.570000000006,11973
2026-06-19T00:00:00+00:00,4205.570000000006,4215.390000000007,4201.250000000006,4202.490000000006,23036
2026-06-19T00:30:00+00:00,4202.490000000006,4209.620000000006,4201.660000000006,4207.730000000006,12673
2026-06-19T01:00:00+00:00,4207.730000000006,4211.860000000006,4201.150000000006,4208.180000000007,15522
2026-06-19T01:30:00+00:00,4208.180000000007,4208.190000000006,4201.280000000006,4202.1300000000065,10438
2026-06-19T02:00:00+00:00,4202.1300000000065,4203.460000000006,4192.400000000006,4196.670000000006,16748
2026-06-19T02:30:00+00:00,4196.670000000006,4200.960000000006,4188.990000000006,4193.600000000007,9226
2026-06-19T03:00:00+00:00,4193.600000000007,4194.490000000006,4182.110000000006,4184.650000000006,13797
2026-06-19T03:30:00+00:00,4184.650000000006,4184.990000000006,4162.430000000007,4170.620000000006,16952
2026-06-19T04:00:00+00:00,4170.620000000006,4172.520000000006,4158.400000000006,4163.730000000006,20417
2026-06-19T04:30:00+00:00,4163.730000000006,4164.6300000000065,4142.3400000000065,4143.000000000006,18862
2026-06-19T05:00:00+00:00,4143.000000000006,4151.670000000006,4138.910000000006,4151.010000000007,21797
2026-06-19T05:30:00+00:00,4151.010000000007,4158.780000000006,4147.670000000006,4156.980000000006,17376
2026-06-19T06:00:00+00:00,4156.980000000006,4165.440000000006,4150.750000000006,4159.360000000006,20652
2026-06-19T06:30:00+00:00,4159.360000000006,4167.870000000006,4149.900000000006,4164.950000000006,17034
2026-06-19T07:00:00+00:00,4164.950000000006,4177.430000000007,4164.800000000007,4169.670000000006,17801
2026-06-19T07:30:00+00:00,4169.670000000006,4180.010000000007,4168.280000000006,4175.200000000006,13418
2026-06-19T08:00:00+00:00,4175.200000000006,4195.120000000006,4172.430000000007,4193.480000000006,18789
2026-06-19T08:30:00+00:00,4193.480000000006,4195.730000000006,4181.790000000006,4186.470000000007,13993
2026-06-19T09:00:00+00:00,4186.470000000007,4188.250000000006,4179.200000000006,4180.020000000006,14838
2026-06-19T09:30:00+00:00,4180.020000000006,4184.540000000006,4178.240000000006,4180.240000000006,10221
2026-06-19T10:00:00+00:00,4180.240000000006,4180.510000000007,4169.910000000006,4170.950000000006,13519
2026-06-19T10:30:00+00:00,4170.950000000006,4172.5900000000065,4165.300000000007,4166.980000000006,15351
2026-06-19T11:00:00+00:00,4166.980000000006,4167.390000000007,4159.780000000006,4161.440000000006,16355
2026-06-19T11:30:00+00:00,4161.440000000006,4172.160000000006,4159.170000000006,4169.930000000007,13656
2026-06-19T12:00:00+00:00,4169.930000000007,4177.600000000007,4168.390000000007,4168.990000000006,14200
2026-06-19T12:30:00+00:00,4168.990000000006,4197.170000000006,4164.430000000007,4196.100000000007,30234
2026-06-19T13:00:00+00:00,4196.100000000007,4200.270000000006,4179.030000000006,4181.3400000000065,28938
2026-06-19T13:30:00+00:00,4181.3400000000065,4185.360000000006,4167.5900000000065,4168.620000000006,21197
2026-06-19T14:00:00+00:00,4168.620000000006,4171.910000000006,4160.850000000007,4166.500000000006,18247
2026-06-19T14:30:00+00:00,4166.500000000006,4168.5900000000065,4159.730000000006,4166.500000000006,16312
2026-06-19T15:00:00+00:00,4166.500000000006,4171.330000000006,4165.280000000006,4168.520000000006,13073
2026-06-19T15:30:00+00:00,4168.520000000006,4170.820000000006,4164.790000000006,4168.370000000006,8274
2026-06-19T16:00:00+00:00,4168.370000000006,4168.440000000006,4161.510000000007,4164.130000000006,6272.549311553141
2026-06-19T16:30:00+00:00,4164.130000000006,4175.060000000006,4164.130000000006,4172.650000000006,7237
2026-06-19T17:00:00+00:00,4172.650000000006,4173.410000000006,4155.93,4156.12,384
2026-06-19T17:30:00+00:00,4156.12,4160.32,4156.02,4159.07,1570
2026-06-19T18:00:00+00:00,4159.07,4161,4158.37,4158.37,338
2026-06-19T18:30:00+00:00,4158.37,4159.18,4157.38,4157.46,8758
2026-06-19T19:00:00+00:00,4157.46,4158.75,4156.75,4158.46,2397
2026-06-19T19:30:00+00:00,4158.46,4161.02,4158.26,4159.92,895
2026-06-19T20:00:00+00:00,4159.92,4161.85,4159.92,4161.06,41
2026-06-21T22:00:00+00:00,4141.98,4149.349999999999,4134.129999999999,4138.509999999999,16520.168431841477
2026-06-21T22:30:00+00:00,4138.509999999999,4143.719999999999,4136.49,4143.049999999999,8742
2026-06-21T23:00:00+00:00,4143.049999999999,4151.469999999999,4140.429999999999,4143.179999999999,12976
2026-06-21T23:30:00+00:00,4143.179999999999,4143.549999999999,4122.839999999999,4126.65,19138
2026-06-22T00:00:00+00:00,4126.65,4157.339999999999,4126.48,4154.209999999999,33481
2026-06-22T00:30:00+00:00,4154.209999999999,4187.69,4152.32,4187.69,24038
2026-06-22T01:00:00+00:00,4187.69,4207.629999999999,4187.409999999999,4193.789999999999,58419
2026-06-22T01:30:00+00:00,4193.789999999999,4194.079999999999,4176.339999999999,4177.639999999999,33503
2026-06-22T02:00:00+00:00,4177.639999999999,4181.9,4170.07,4175.57,22377
2026-06-22T02:30:00+00:00,4175.57,4186.949999999999,4173.889999999999,4175.009999999999,23730
2026-06-22T03:00:00+00:00,4175.009999999999,4176.61,4160.349999999999,4166.82,21473
2026-06-22T03:30:00+00:00,4166.82,4167.44,4157.339999999999,4158.139999999999,10025
2026-06-22T04:00:00+00:00,4158.139999999999,4165.589999999999,4157.32,4163.19,11651
2026-06-22T04:30:00+00:00,4163.19,4168.849999999999,4161.3099999999995,4168.449999999999,10265
2026-06-22T05:00:00+00:00,4168.449999999999,4180.86,4166.07,4180.669999999999,14131
2026-06-22T05:30:00+00:00,4180.669999999999,4185.199999999999,4175.999999999999,4180.36,25186
2026-06-22T06:00:00+00:00,4180.36,4187.379999999999,4177.719999999999,4183.249999999999,22231
2026-06-22T06:30:00+00:00,4183.249999999999,4194.0599999999995,4181.459999999999,4184.2699999999995,17445
2026-06-22T07:00:00+00:00,4184.2699999999995,4188.53,4183.579999999999,4184.139999999999,16596
2026-06-22T07:30:00+00:00,4184.139999999999,4186.449999999999,4175.449999999999,4176.99,15247
2026-06-22T08:00:00+00:00,4176.99,4181.959999999999,4175.32,4178.329999999999,18656
2026-06-22T08:30:00+00:00,4178.329999999999,4184.5199999999995,4175.659999999999,4184.07,12823
2026-06-22T09:00:00+00:00,4184.07,4196.249999999999,4182.57,4190.759999999999,15175
2026-06-22T09:30:00+00:00,4190.759999999999,4196.879999999999,4188.089999999999,4194.869999999999,12665
2026-06-22T10:00:00+00:00,4194.869999999999,4200.94,4194.509999999999,4196.749999999999,13039
2026-06-22T10:30:00+00:00,4196.749999999999,4198.409999999999,4190.19,4191.409999999999,9250
2026-06-22T11:00:00+00:00,4191.409999999999,4201.969999999999,4189.98,4190.57,19998
2026-06-22T11:30:00+00:00,4190.57,4194.929999999999,4188.009999999999,4193.98,13432
2026-06-22T12:00:00+00:00,4193.98,4198.619999999999,4191.86,4195.2699999999995,18071
2026-06-22T12:30:00+00:00,4195.2699999999995,4195.549999999999,4178.869999999999,4180.139999999999,18707
2026-06-22T13:00:00+00:00,4180.139999999999,4183.65,4172.009999999999,4173.749999999999,38110
2026-06-22T13:30:00+00:00,4173.749999999999,4192.36,4169.539999999999,4186.219999999999,51504
2026-06-22T14:00:00+00:00,4186.219999999999,4197.499999999999,4177.82,4178.57,56624
2026-06-22T14:30:00+00:00,4178.57,4192.889999999999,4173.15,4184.82,46003
2026-06-22T15:00:00+00:00,4184.82,4188.0199999999995,4174.82,4175.82,41234
2026-06-22T15:30:00+00:00,4175.82,4177.099999999999,4156.499999999999,4169.409999999999,30704
2026-06-22T16:00:00+00:00,4169.409999999999,4171.69,4160.869999999999,4169.219999999999,23889
2026-06-22T16:30:00+00:00,4169.219999999999,4179.699999999999,4167.36,4176.5199999999995,16038
2026-06-22T17:00:00+00:00,4176.5199999999995,4178.339999999999,4170.0199999999995,4170.759999999999,16026
2026-06-22T17:30:00+00:00,4170.759999999999,4171.589999999999,4163.759999999999,4169.8099999999995,14573
2026-06-22T18:00:00+00:00,4169.8099999999995,4176.49,4169.159999999999,4174.639999999999,18276
2026-06-22T18:30:00+00:00,4174.639999999999,4179.5599999999995,4172.73,4177.98,11822
2026-06-22T19:00:00+00:00,4177.98,4179.9,4174.03,4174.039999999999,11421
2026-06-22T19:30:00+00:00,4174.039999999999,4178.2699999999995,4170.74,4177.4,17962
2026-06-22T20:00:00+00:00,4177.4,4180.459999999999,4175.209999999999,4177.199999999999,4388
2026-06-22T20:30:00+00:00,4177.199999999999,4180.259999999999,4176.19,4177.219999999999,3422
2026-06-22T22:00:00+00:00,4177.219999999999,4179.419999999999,4174.69,4177.82,2995.250960992078
2026-06-22T22:30:00+00:00,4177.82,4179.549999999999,4173.11,4174.54,4433
2026-06-22T23:00:00+00:00,4174.54,4178.009999999999,4174.419999999999,4175.61,3427
2026-06-22T23:30:00+00:00,4175.61,4180.28,4171.669999999999,4172.5199999999995,6062
2026-06-23T00:00:00+00:00,4172.5199999999995,4177.3099999999995,4163.219999999999,4168.82,18405
2026-06-23T00:30:00+00:00,4168.82,4179.49,4166.79,4178.28,20099
2026-06-23T01:00:00+00:00,4178.28,4183.32,4155.73,4163.15,30323
2026-06-23T01:30:00+00:00,4163.15,4163.589999999999,4134.94,4146.11,35199
2026-06-23T02:00:00+00:00,4146.11,4148.25,4133.879999999999,4146.62,19972
2026-06-23T02:30:00+00:00,4146.62,4147.0599999999995,4131.29,4131.7699999999995,21485
2026-06-23T03:00:00+00:00,4131.7699999999995,4134.57,4115.679999999999,4125.71,25201
2026-06-23T03:30:00+00:00,4125.71,4129.889999999999,4118.37,4129.0599999999995,14885
2026-06-23T04:00:00+00:00,4129.0599999999995,4131.87,4122.129999999999,4124.86,11127
2026-06-23T04:30:00+00:00,4124.86,4125.36,4099.349999999999,4102.65,14545
2026-06-23T05:00:00+00:00,4102.65,4122.46,4099.96,4109.9,19744
2026-06-23T05:30:00+00:00,4109.9,4118.849999999999,4101.74,4105.98,38063
2026-06-23T06:00:00+00:00,4105.98,4111.94,4095.99,4101.41,38345
2026-06-23T06:30:00+00:00,4101.41,4106.12,4095.129999999999,4099.12,28630
2026-06-23T07:00:00+00:00,4099.12,4109.66,4094.7999999999993,4103.04,24632
2026-06-23T07:30:00+00:00,4103.04,4104.28,4081.41,4083.6399999999994,26386
2026-06-23T08:00:00+00:00,4083.6399999999994,4084.96,4075.5699999999997,4083.0199999999995,29370
2026-06-23T08:30:00+00:00,4083.0199999999995,4095.75,4081.5699999999997,4090.29,24808
2026-06-23T09:00:00+00:00,4090.29,4101.849999999999,4088.74,4097.62,17042
2026-06-23T09:30:00+00:00,4097.62,4107.16,4096.96,4107.139999999999,14255
2026-06-23T10:00:00+00:00,4107.139999999999,4118.259999999999,4107.139999999999,4115.15,16664
2026-06-23T10:30:00+00:00,4115.15,4117.04,4104.45,4104.639999999999,18309
2026-06-23T11:00:00+00:00,4104.639999999999,4116.78,4102.219999999999,4112.0599999999995,22825
2026-06-23T11:30:00+00:00,4112.0599999999995,4113.589999999999,4103.2699999999995,4108.139999999999,20927
2026-06-23T12:00:00+00:00,4108.139999999999,4112.129999999999,4096.589999999999,4100.0599999999995,24431
2026-06-23T12:30:00+00:00,4100.0599999999995,4107.36,4097.29,4098.16,23304
2026-06-23T13:00:00+00:00,4098.16,4104.29,4090.1899999999996,4100.78,34162
2026-06-23T13:30:00+00:00,4100.78,4125.25,4094.8099999999995,4120.24,61274
2026-06-23T14:00:00+00:00,4120.24,4130.099999999999,4113.69,4117.5199999999995,54401
2026-06-23T14:30:00+00:00,4117.5199999999995,4117.94,4107.58,4114.96,48413
2026-06-23T15:00:00+00:00,4114.96,4120.36,4108.25,4111.98,31981
2026-06-23T15:30:00+00:00,4111.98,4126.5599999999995,4111.5,4123.46,28476
2026-06-23T16:00:00+00:00,4123.46,4124.8099999999995,4117.799999999999,4121.129999999999,15675
2026-06-23T16:30:00+00:00,4121.129999999999,4128.759999999999,4116.4,4119.23,18355
2026-06-23T17:00:00+00:00,4119.23,4124.78,4114.71,4115.839999999999,17062
2026-06-23T17:30:00+00:00,4115.839999999999,4118,4112.549999999999,4112.9,14127
2026-06-23T18:00:00+00:00,4112.9,4115.839999999999,4105.49,4105.96,14697
2026-06-23T18:30:00+00:00,4105.96,4107.66,4097.54,4102.71,17420
2026-06-23T19:00:00+00:00,4102.71,4111.0599999999995,4101.78,4106.599999999999,23246
2026-06-23T19:30:00+00:00,4106.599999999999,4109.15,4096.08,4096.719999999999,25233
2026-06-23T20:00:00+00:00,4096.719999999999,4097.65,4092.5299999999997,4095.8899999999994,6927
2026-06-23T20:30:00+00:00,4095.8899999999994,4096.549999999999,4093.1499999999996,4096.12,4505
2026-06-23T22:00:00+00:00,4096.12,4100.5,4090.2199999999993,4091.5599999999995,8776.203994399779
2026-06-23T22:30:00+00:00,4091.5599999999995,4094.5699999999997,4082.25,4089.74,14810
2026-06-23T23:00:00+00:00,4089.74,4089.8199999999997,4080.35,4083.0599999999995,12074
2026-06-23T23:30:00+00:00,4083.0599999999995,4085.9799999999996,4066.06,4084.75,24132
2026-06-24T00:00:00+00:00,4084.75,4097.58,4079.0299999999997,4085.1899999999996,40823
2026-06-24T00:30:00+00:00,4085.1899999999996,4085.8899999999994,4079.2799999999997,4082.66,28413
2026-06-24T01:00:00+00:00,4082.66,4086.3899999999994,4053.87,4083.7699999999995,62881
2026-06-24T01:30:00+00:00,4083.7699999999995,4087.83,4067.8599999999997,4074.4599999999996,46066
2026-06-24T02:00:00+00:00,4074.4599999999996,4081.4999999999995,4056.89,4059.08,27996
2026-06-24T02:30:00+00:00,4059.08,4062.35,4037.58,4046.6699999999996,35871
2026-06-24T03:00:00+00:00,4046.6699999999996,4051.0099999999998,4035.7799999999997,4041.97,32733
2026-06-24T03:30:00+00:00,4041.97,4056.0699999999997,4040.99,4048.1899999999996,25037
2026-06-24T04:00:00+00:00,4048.1899999999996,4052.8399999999997,4040.5299999999997,4048.64,21328
2026-06-24T04:30:00+00:00,4048.64,4052.5099999999998,4047.3599999999997,4050.0499999999997,16120
2026-06-24T05:00:00+00:00,4050.0499999999997,4059.93,4046.33,4058.8999999999996,19781
2026-06-24T05:30:00+00:00,4058.8999999999996,4071.6699999999996,4056.6699999999996,4061.29,29571
2026-06-24T06:00:00+00:00,4061.29,4083.0999999999995,4061.14,4073.1499999999996,35008
2026-06-24T06:30:00+00:00,4073.1499999999996,4079.9599999999996,4069.7599999999998,4072.6299999999997,22371
2026-06-24T07:00:00+00:00,4072.6299999999997,4076.2499999999995,4068.6899999999996,4069.79,18046
2026-06-24T07:30:00+00:00,4069.79,4071.8399999999997,4059.16,4060.31,19433
2026-06-24T08:00:00+00:00,4060.31,4066.3399999999997,4058.6299999999997,4066.0299999999997,20897
2026-06-24T08:30:00+00:00,4066.0299999999997,4073.18,4061.0699999999997,4061.8399999999997,20383
2026-06-24T09:00:00+00:00,4061.8399999999997,4064.6299999999997,4053.7799999999997,4054.74,19487
2026-06-24T09:30:00+00:00,4054.74,4057.7699999999995,4049.6299999999997,4050.06,15500
2026-06-24T10:00:00+00:00,4050.06,4051.9799999999996,4040.5499999999997,4046.4199999999996,21524
2026-06-24T10:30:00+00:00,4046.4199999999996,4052.4199999999996,4039.81,4041.2,18099
2026-06-24T11:00:00+00:00,4041.2,4044.1299999999997,4023.04,4029.7799999999997,31293
2026-06-24T11:30:00+00:00,4029.7799999999997,4041.64,4024.3599999999997,4032.1899999999996,41146
2026-06-24T12:00:00+00:00,4032.1899999999996,4034.3599999999997,3991.56,4000.8999999999996,48570
2026-06-24T12:30:00+00:00,4000.8999999999996,4006.31,3973.04,3973.4399999999996,48790
2026-06-24T13:00:00+00:00,3973.4399999999996,3981.2,3950.0499999999997,3960.8999999999996,81108
2026-06-24T13:30:00+00:00,3960.8999999999996,4027.5299999999997,3959.45,4023.7999999999997,89853
2026-06-24T14:00:00+00:00,4023.7999999999997,4026.5299999999997,3999.8399999999997,4009.31,70368
2026-06-24T14:30:00+00:00,4009.31,4020.06,3988.45,3993.5499999999997,52139
2026-06-24T15:00:00+00:00,3993.5499999999997,4000.2,3982.8399999999997,4000.1699999999996,48001
2026-06-24T15:30:00+00:00,4000.1699999999996,4002.31,3985.5499999999997,3987.99,41729
2026-06-24T16:00:00+00:00,3987.99,4002.4999999999995,3980.9399999999996,4001.64,36567
2026-06-24T16:30:00+00:00,4001.64,4007.8199999999997,3991.6699999999996,3992.16,32714
2026-06-24T17:00:00+00:00,3992.16,3996.8399999999997,3975.2999999999997,3976.08,39830
2026-06-24T17:30:00+00:00,3976.08,3976.6699999999996,3958.1299999999997,3958.2999999999997,48048
2026-06-24T18:00:00+00:00,3958.2999999999997,3978.06,3944.39,3975.64,64393
2026-06-24T18:30:00+00:00,3975.64,3979.7,3962.2499999999995,3966.8999999999996,32615
2026-06-24T19:00:00+00:00,3966.8999999999996,3970.6699999999996,3958.9199999999996,3969.54,31461
2026-06-24T19:30:00+00:00,3969.54,3976.37,3964.9799999999996,3973.5499999999997,34216
2026-06-24T20:00:00+00:00,3973.5499999999997,3988.3599999999997,3970.1899999999996,3985.5199999999995,23378
2026-06-24T20:30:00+00:00,3985.5199999999995,3986.8399999999997,3981.16,3983.91,10655.149888258908
2026-06-24T22:00:00+00:00,3983.91,3997.4999999999995,3983.8599999999997,3990.8199999999997,7374.190756660568
2026-06-24T22:30:00+00:00,3990.8199999999997,3995.6699999999996,3981.3999999999996,3985.02,9802
2026-06-24T23:00:00+00:00,3985.02,3989.3799999999997,3979.29,3986.7999999999997,11407
2026-06-24T23:30:00+00:00,3986.7999999999997,4007.4199999999996,3986.4999999999995,4001.1299999999997,14870
2026-06-25T00:00:00+00:00,4001.1299999999997,4005.14,3983.66,3985.06,32329
2026-06-25T00:30:00+00:00,3985.06,3990.1,3967.1899999999996,3979.72,30667
2026-06-25T01:00:00+00:00,3979.72,3994.66,3970.8599999999997,3977.9249999999993,60191.20740635789
2026-06-25T01:30:00+00:00,3977.9249999999993,3983.3999999999987,3959.6900000000005,3964.1200000000003,38387.78884109591
2026-06-25T02:00:00+00:00,3964.1200000000003,3978.9300000000003,3949.5900000000006,3974.22,28922.02639572752
2026-06-25T02:30:00+00:00,3974.22,3975.7149999999997,3947.3449999999993,3955.7149999999992,28114.662957906276
2026-06-25T03:00:00+00:00,3955.7149999999992,3962.1849999999995,3939.1149999999993,3949.374999999999,30359
2026-06-25T03:30:00+00:00,3949.374999999999,3973.9649999999992,3941.6649999999995,3968.2249999999995,22520
2026-06-25T04:00:00+00:00,3968.2249999999995,3970.4049999999993,3960.504999999999,3967.4349999999995,18191
2026-06-25T04:30:00+00:00,3967.4349999999995,3970.124999999999,3956.314999999999,3968.8849999999993,13456
2026-06-25T05:00:00+00:00,3968.8849999999993,3972.8849999999993,3962.004999999999,3966.8249999999994,19750
2026-06-25T05:30:00+00:00,3966.8249999999994,3970.1549999999993,3953.1849999999995,3959.2049999999995,30371
2026-06-25T06:00:00+00:00,3959.2049999999995,3962.0349999999994,3946.8049999999994,3956.9049999999993,25461
2026-06-25T06:30:00+00:00,3956.9049999999993,3958.1149999999993,3948.6749999999993,3950.4549999999995,22022
2026-06-25T07:00:00+00:00,3950.4549999999995,3962.6149999999993,3946.354999999999,3957.9949999999994,20481
2026-06-25T07:30:00+00:00,3957.9949999999994,3962.234999999999,3944.2249999999995,3960.624999999999,18832
2026-06-25T08:00:00+00:00,3960.624999999999,3974.2049999999995,3957.064999999999,3966.564999999999,25061
2026-06-25T08:30:00+00:00,3966.564999999999,3974.9749999999995,3961.334999999999,3961.9749999999995,17002
2026-06-25T09:00:00+00:00,3961.9749999999995,3969.5949999999993,3961.9049999999993,3966.754999999999,15552
2026-06-25T09:30:00+00:00,3966.754999999999,3970.564999999999,3958.8649999999993,3961.1949999999993,15101
2026-06-25T10:00:00+00:00,3961.1949999999993,3962.234999999999,3956.084999999999,3962.044999999999,11691
2026-06-25T10:30:00+00:00,3962.044999999999,3962.274999999999,3953.8649999999993,3957.1349999999993,10304
2026-06-25T11:00:00+00:00,3957.1349999999993,3959.0349999999994,3948.8449999999993,3950.064999999999,14365
2026-06-25T11:30:00+00:00,3950.064999999999,3960.6649999999995,3946.3949999999995,3952.9149999999995,18170
2026-06-25T12:00:00+00:00,3952.9149999999995,3958.9449999999993,3951.6149999999993,3956.604999999999,20670
2026-06-25T12:30:00+00:00,3956.604999999999,3992.2049999999995,3955.6349999999993,3985.4749999999995,59107
2026-06-25T13:00:00+00:00,3985.4749999999995,4006.7449999999994,3984.8049999999994,3995.0149999999994,51652
2026-06-25T13:30:00+00:00,3995.0149999999994,4001.374999999999,3973.7149999999992,3975.084999999999,84640
2026-06-25T14:00:00+00:00,3975.084999999999,4001.2049999999995,3971.6649999999995,3999.4549999999995,86742
2026-06-25T14:30:00+00:00,3999.4549999999995,4001.754999999999,3984.1349999999993,3984.8049999999994,57106
2026-06-25T15:00:00+00:00,3984.8049999999994,4013.4049999999993,3977.9149999999995,3999.6849999999995,62274
2026-06-25T15:30:00+00:00,3999.6849999999995,4015.4749999999995,3994.6149999999993,4014.294999999999,49671
2026-06-25T16:00:00+00:00,4014.294999999999,4016.9049999999993,4006.484999999999,4013.2049999999995,30299
2026-06-25T16:30:00+00:00,4013.2049999999995,4013.6649999999995,3996.5949999999993,4001.504999999999,28387
2026-06-25T17:00:00+00:00,4001.504999999999,4008.6749999999993,3999.734999999999,4005.4649999999992,29371
2026-06-25T17:30:00+00:00,4005.4649999999992,4009.6149999999993,4002.5549999999994,4007.564999999999,19627
2026-06-25T18:00:00+00:00,4007.564999999999,4016.874999999999,3998.874999999999,4016.7649999999994,37833
2026-06-25T18:30:00+00:00,4016.7649999999994,4016.8049999999994,4002.5349999999994,4007.484999999999,23372
2026-06-25T19:00:00+00:00,4007.484999999999,4016.564999999999,4005.4449999999993,4008.9049999999993,18800
2026-06-25T19:30:00+00:00,4008.9049999999993,4010.734999999999,3994.8049999999994,3999.6349999999993,22496
2026-06-25T20:00:00+00:00,3999.6349999999993,4007.8449999999993,3998.4549999999995,4003.5349999999994,9348
2026-06-25T20:30:00+00:00,4003.5349999999994,4003.544999999999,3997.2849999999994,3999.0549999999994,4736
2026-06-25T22:00:00+00:00,3999.0549999999994,4002.6349999999998,3990.5249999999996,3995.2449999999994,9167.742138969967
2026-06-25T22:30:00+00:00,3995.2449999999994,4007.2849999999994,3992.2949999999996,3996.8249999999994,13959
2026-06-25T23:00:00+00:00,3996.8249999999994,4000.9149999999995,3992.0049999999997,4000.6649999999995,8844
2026-06-25T23:30:00+00:00,4000.6649999999995,4001.345,3983.2249999999995,3985.345,14877
2026-06-26T00:00:00+00:00,3985.345,3994.2849999999994,3982.0649999999996,3986.1649999999995,29235
2026-06-26T00:30:00+00:00,3986.1649999999995,3995.4849999999997,3982.8949999999995,3991.2149999999997,24969
2026-06-26T01:00:00+00:00,3991.2149999999997,4000.4149999999995,3984.9649999999997,3993.3949999999995,34083
2026-06-26T01:30:00+00:00,3993.3949999999995,3996.4749999999995,3985.0449999999996,3991.6549999999997,33285
2026-06-26T02:00:00+00:00,3991.6549999999997,3994.0649999999996,3974.9649999999997,3978.095,22837
2026-06-26T02:30:00+00:00,3978.095,3980.2249999999995,3953.865,3961.4849999999997,31306
2026-06-26T03:00:00+00:00,3961.4849999999997,3970.7849999999994,3957.5049999999997,3966.2449999999994,24863
2026-06-26T03:30:00+00:00,3966.2449999999994,3977.3949999999995,3963.8849999999998,3975.3749999999995,20043
2026-06-26T04:00:00+00:00,3975.3749999999995,3982.7949999999996,3969.5049999999997,3978.345,17206
2026-06-26T04:30:00+00:00,3978.345,3986.1549999999997,3972.2949999999996,3982.6249999999995,16604
2026-06-26T05:00:00+00:00,3982.6249999999995,3990.1049999999996,3977.0849999999996,3987.4649999999997,16781
2026-06-26T05:30:00+00:00,3987.4649999999997,3992.2949999999996,3976.615,3978.9949999999994,28680
2026-06-26T06:00:00+00:00,3978.9949999999994,3995.7149999999997,3977.4949999999994,3994.8249999999994,31524
2026-06-26T06:30:00+00:00,3994.8249999999994,4003.9349999999995,3991.5549999999994,4002.865,30652
2026-06-26T07:00:00+00:00,4002.865,4010.6749999999997,3997.5449999999996,4008.7749999999996,20209
2026-06-26T07:30:00+00:00,4008.7749999999996,4009.7249999999995,3998.3049999999994,4001.3249999999994,13762
2026-06-26T08:00:00+00:00,4001.3249999999994,4006.595,3996.4949999999994,4006.2949999999996,18495
2026-06-26T08:30:00+00:00,4006.2949999999996,4008.4749999999995,4000.4449999999997,4001.7949999999996,14644
2026-06-26T09:00:00+00:00,4001.7949999999996,4021.9049999999997,4000.3349999999996,4019.0049999999997,19605
2026-06-26T09:30:00+00:00,4019.0049999999997,4025.0249999999996,4016.0249999999996,4017.8749999999995,18403
2026-06-26T10:00:00+00:00,4017.8749999999995,4022.9149999999995,4013.0349999999994,4018.9949999999994,14006
2026-06-26T10:30:00+00:00,4018.9949999999994,4025.7949999999996,4017.615,4025.4549999999995,14114
2026-06-26T11:00:00+00:00,4025.4549999999995,4026.1549999999997,4016.8749999999995,4023.4949999999994,14311
2026-06-26T11:30:00+00:00,4023.4949999999994,4026.4149999999995,4013.2749999999996,4016.6449999999995,15208
2026-06-26T12:00:00+00:00,4016.6449999999995,4022.3549999999996,4012.7449999999994,4017.4949999999994,17296
2026-06-26T12:30:00+00:00,4017.4949999999994,4032.365,4006.5449999999996,4029.7849999999994,25921
2026-06-26T13:00:00+00:00,4029.7849999999994,4036.865,4013.865,4027.7449999999994,45973
2026-06-26T13:30:00+00:00,4027.7449999999994,4048.7749999999996,4015.5849999999996,4044.0849999999996,64165
2026-06-26T14:00:00+00:00,4044.0849999999996,4063.8749999999995,4038.3349999999996,4055.115,51826
2026-06-26T14:30:00+00:00,4055.115,4062.4949999999994,4047.1349999999998,4051.4149999999995,43473
2026-06-26T15:00:00+00:00,4051.4149999999995,4055.3249999999994,4046.4949999999994,4055.0449999999996,31539
2026-06-26T15:30:00+00:00,4055.0449999999996,4066.8149999999996,4052.4449999999997,4061.2949999999996,31000
2026-06-26T16:00:00+00:00,4061.2949999999996,4064.4249999999997,4053.7849999999994,4057.6349999999998,18919
2026-06-26T16:30:00+00:00,4057.6349999999998,4063.9849999999997,4052.9849999999997,4055.845,15525
2026-06-26T17:00:00+00:00,4055.845,4058.8049999999994,4050.9949999999994,4052.3549999999996,14145
2026-06-26T17:30:00+00:00,4052.3549999999996,4054.0549999999994,4044.6599999999994,4045.6199999999994,17152.726202052105
2026-06-26T18:00:00+00:00,4045.6199999999994,4049.7999999999997,4042.3899999999994,4044.3599999999997,14053
2026-06-26T18:30:00+00:00,4044.3599999999997,4046.4099999999994,4037.9199999999996,4038.2299999999996,9643
2026-06-26T19:00:00+00:00,4038.2299999999996,4040.97,4035.49,4037.3099999999995,12738
2026-06-26T19:30:00+00:00,4037.3099999999995,4045.5999999999995,4036.6899999999996,4042.7299999999996,15900
2026-06-26T20:00:00+00:00,4042.7299999999996,4043.8899999999994,4035.2699999999995,4042.4999999999995,8926
2026-06-26T20:30:00+00:00,4042.4999999999995,4042.5099999999998,4037.5999999999995,4041.3499999999995,3134
2026-06-28T22:00:00+00:00,4041.3499999999995,4052.4799999999996,4019.5799999999995,4023.5799999999995,21343.609221044804
2026-06-28T22:30:00+00:00,4023.5799999999995,4036.0799999999995,4022.0399999999995,4032.189999999999,10153
2026-06-28T23:00:00+00:00,4032.189999999999,4036.9099999999994,4021.5499999999993,4023.129999999999,12863
2026-06-28T23:30:00+00:00,4023.129999999999,4032.6599999999994,4017.9699999999993,4029.3899999999994,15035
2026-06-29T00:00:00+00:00,4029.3899999999994,4031.2399999999993,4014.379999999999,4014.649999999999,39773
2026-06-29T00:30:00+00:00,4014.649999999999,4040.7199999999993,4014.649999999999,4035.6999999999994,26705
2026-06-29T01:00:00+00:00,4035.6999999999994,4040.9999999999995,4019.9899999999993,4025.3699999999994,45483
2026-06-29T01:30:00+00:00,4025.3699999999994,4033.0799999999995,4020.9299999999994,4027.9099999999994,33584
2026-06-29T02:00:00+00:00,4027.9099999999994,4037.3199999999993,4025.4999999999995,4035.1199999999994,28489
2026-06-29T02:30:00+00:00,4035.1199999999994,4038.2699999999995,4024.859999999999,4032.7399999999993,26089
2026-06-29T03:00:00+00:00,4032.7399999999993,4042.2799999999993,4031.1599999999994,4038.8399999999992,19672
2026-06-29T03:30:00+00:00,4038.8399999999992,4039.9299999999994,4031.8199999999993,4035.3299999999995,14612
2026-06-29T04:00:00+00:00,4035.3299999999995,4035.4899999999993,4028.5799999999995,4031.439999999999,10388
2026-06-29T04:30:00+00:00,4031.439999999999,4031.8199999999993,4015.8699999999994,4018.8199999999993,12639
2026-06-29T05:00:00+00:00,4018.8199999999993,4023.9299999999994,4013.5099999999993,4015.689999999999,17672
2026-06-29T05:30:00+00:00,4015.689999999999,4023.5299999999993,4005.3699999999994,4020.7599999999993,33728
2026-06-29T06:00:00+00:00,4020.7599999999993,4030.5999999999995,4019.6199999999994,4027.2699999999995,27265
2026-06-29T06:30:00+00:00,4027.2699999999995,4031.2799999999993,4021.3399999999992,4028.6199999999994,16483
2026-06-29T07:00:00+00:00,4028.6199999999994,4032.8099999999995,4022.3399999999992,4032.4899999999993,20378
2026-06-29T07:30:00+00:00,4032.4899999999993,4035.0599999999995,4027.169999999999,4027.9899999999993,13245
2026-06-29T08:00:00+00:00,4027.9899999999993,4032.3699999999994,4026.7399999999993,4027.6199999999994,15306
2026-06-29T08:30:00+00:00,4027.6199999999994,4033.0399999999995,4010.0199999999995,4013.5099999999993,16771
2026-06-29T09:00:00+00:00,4013.5099999999993,4021.7299999999996,4011.5499999999993,4013.879999999999,15027
2026-06-29T09:30:00+00:00,4013.879999999999,4017.209999999999,3990.439999999999,3998.0199999999995,20508
2026-06-29T10:00:00+00:00,3998.0199999999995,4006.2299999999996,3993.899999999999,4003.919999999999,14993
2026-06-29T10:30:00+00:00,4003.919999999999,4005.2399999999993,3998.209999999999,4003.2499999999995,11510
2026-06-29T11:00:00+00:00,4003.2499999999995,4005.0399999999995,3993.6799999999994,3998.459999999999,11989
2026-06-29T11:30:00+00:00,3998.459999999999,4008.7299999999996,3996.2199999999993,4005.689999999999,15391
2026-06-29T12:00:00+00:00,4005.689999999999,4019.0299999999993,4004.0899999999992,4004.7399999999993,20573
2026-06-29T12:30:00+00:00,4004.7399999999993,4014.3899999999994,4003.9299999999994,4010.1999999999994,15394
2026-06-29T13:00:00+00:00,4010.1999999999994,4018.189999999999,4004.2699999999995,4004.379999999999,22936
2026-06-29T13:30:00+00:00,4004.379999999999,4011.0399999999995,3994.6199999999994,3998.669999999999,47366
2026-06-29T14:00:00+00:00,3998.669999999999,4001.9899999999993,3966.419999999999,3991.3699999999994,62366
2026-06-29T14:30:00+00:00,3991.3699999999994,3996.8299999999995,3984.3299999999995,3991.9999999999995,43206
2026-06-29T15:00:00+00:00,3991.9999999999995,3994.109999999999,3983.0899999999992,3990.6199999999994,34781
2026-06-29T15:30:00+00:00,3990.6199999999994,3996.7799999999993,3983.939999999999,3993.4299999999994,21735
2026-06-29T16:00:00+00:00,3993.4299999999994,3995.0499999999993,3988.2899999999995,3990.149999999999,13258
2026-06-29T16:30:00+00:00,3990.149999999999,3994.4699999999993,3985.0199999999995,3990.2399999999993,11972
2026-06-29T17:00:00+00:00,3990.2399999999993,3998.3899999999994,3988.7799999999993,3990.419999999999,14419
2026-06-29T17:30:00+00:00,3990.419999999999,3991.0399999999995,3985.649999999999,3987.399999999999,9926
2026-06-29T18:00:00+00:00,3987.399999999999,3991.7399999999993,3986.7399999999993,3987.459999999999,9376
2026-06-29T18:30:00+00:00,3987.459999999999,3988.189999999999,3978.3699999999994,3979.8199999999993,6956
2026-06-29T19:00:00+00:00,3979.8199999999993,3983.609999999999,3971.7999999999993,3983.4899999999993,11939
2026-06-29T19:30:00+00:00,3983.4899999999993,3986.0299999999993,3978.8899999999994,3982.3499999999995,12433
2026-06-29T20:00:00+00:00,3982.3499999999995,3984.4099999999994,3979.109999999999,3984.0599999999995,3787
2026-06-29T20:30:00+00:00,3984.0599999999995,3984.149999999999,3980.689999999999,3981.879999999999,2753
2026-06-29T22:00:00+00:00,3981.879999999999,3989.2499999999995,3981.7499999999995,3982.8999999999996,5815.963295378433
2026-06-29T22:30:00+00:00,3982.8999999999996,3983.7599999999998,3976.4799999999996,3981.2099999999996,7418
2026-06-29T23:00:00+00:00,3981.2099999999996,3989.2499999999995,3980.8399999999997,3983.3799999999997,6802
2026-06-29T23:30:00+00:00,3983.3799999999997,3988.99,3980.0199999999995,3981.8499999999995,7325
2026-06-30T00:00:00+00:00,3981.8499999999995,3982.2199999999993,3970.1999999999994,3973.3099999999995,23185
2026-06-30T00:30:00+00:00,3973.3099999999995,3973.9099999999994,3946.5999999999995,3953.5299999999997,28630
2026-06-30T01:00:00+00:00,3953.5299999999997,3954.0599999999995,3908.7299999999996,3945.9499999999994,65235
2026-06-30T01:30:00+00:00,3945.9499999999994,3946.6399999999994,3928.2799999999997,3935.9799999999996,37117
2026-06-30T02:00:00+00:00,3935.9799999999996,3940.4399999999996,3919.1299999999997,3928.6799999999994,29791
2026-06-30T02:30:00+00:00,3928.6799999999994,3937.4199999999996,3920.9699999999993,3929.8999999999996,30950
2026-06-30T03:00:00+00:00,3929.8999999999996,3938.1299999999997,3929.4599999999996,3932.6899999999996,22925
2026-06-30T03:30:00+00:00,3932.6899999999996,3938.1499999999996,3926.9299999999994,3936.8699999999994,16923
2026-06-30T04:00:00+00:00,3936.8699999999994,3950.6499999999996,3935.0499999999997,3949.6699999999996,13097
2026-06-30T04:30:00+00:00,3949.6699999999996,3965.0299999999997,3949.3799999999997,3952.3799999999997,18850
2026-06-30T05:00:00+00:00,3952.3799999999997,3958.0499999999997,3946.4599999999996,3949.8299999999995,16414
2026-06-30T05:30:00+00:00,3949.8299999999995,3952.0999999999995,3941.99,3944.8399999999997,28565
2026-06-30T06:00:00+00:00,3944.8399999999997,3980.4399999999996,3944.8299999999995,3978.9199999999996,34799
2026-06-30T06:30:00+00:00,3978.9199999999996,4000.9399999999996,3977.5699999999997,3996.3599999999997,49195
2026-06-30T07:00:00+00:00,3996.3599999999997,4001.6699999999996,3990.6299999999997,3995.2799999999997,20761
2026-06-30T07:30:00+00:00,3995.2799999999997,3999.8699999999994,3992.3499999999995,3998.9399999999996,13778
2026-06-30T08:00:00+00:00,3998.9399999999996,4004.7599999999998,3987.0299999999997,3992.8599999999997,21367
2026-06-30T08:30:00+00:00,3992.8599999999997,3993.8899999999994,3980.2299999999996,3982.6199999999994,18047
2026-06-30T09:00:00+00:00,3982.6199999999994,3989.7899999999995,3981.6299999999997,3984.2599999999998,13330
2026-06-30T09:30:00+00:00,3984.2599999999998,3991.0399999999995,3979.1199999999994,3991.0399999999995,12496
2026-06-30T10:00:00+00:00,3991.0399999999995,3995.74,3988.3599999999997,3995.4699999999993,10929
2026-06-30T10:30:00+00:00,3995.4699999999993,3998.2199999999993,3992.2499999999995,3996.8299999999995,9351
2026-06-30T11:00:00+00:00,3996.8299999999995,4001.0799999999995,3992.3399999999997,3998.8699999999994,12986
2026-06-30T11:30:00+00:00,3998.8699999999994,4004.3799999999997,3995.1399999999994,4000.8099999999995,13921
2026-06-30T12:00:00+00:00,4000.8099999999995,4001.3899999999994,3981.74,3983.9499999999994,18841
2026-06-30T12:30:00+00:00,3983.9499999999994,3988.8799999999997,3975.4599999999996,3976.4799999999996,24279
2026-06-30T13:00:00+00:00,3976.4799999999996,4000.2999999999997,3975.99,3990.8599999999997,29595
2026-06-30T13:30:00+00:00,3990.8599999999997,3999.6399999999994,3979.8499999999995,3996.1499999999996,51737
2026-06-30T14:00:00+00:00,3996.1499999999996,4030.24,3991.9199999999996,4021.0299999999997,57624
2026-06-30T14:30:00+00:00,4021.0299999999997,4025.5999999999995,4004.2199999999993,4004.2499999999995,43580
2026-06-30T15:00:00+00:00,4004.2499999999995,4006.3299999999995,3988.99,3995.7299999999996,33986
2026-06-30T15:30:00+00:00,3995.7299999999996,4001.8299999999995,3993.7099999999996,3996.3199999999997,23286
2026-06-30T16:00:00+00:00,3996.3199999999997,3998.4499999999994,3992.8399999999997,3996.4799999999996,14473
2026-06-30T16:30:00+00:00,3996.4799999999996,4000.9299999999994,3992.7699999999995,3992.9699999999993,12319
2026-06-30T17:00:00+00:00,3992.9699999999993,3995.0899999999997,3987.3799999999997,3992.49,16467
2026-06-30T17:30:00+00:00,3992.49,3999.0599999999995,3992.1999999999994,3997.6299999999997,9426
2026-06-30T18:00:00+00:00,3997.6299999999997,4000.74,3997.3599999999997,3998.3099999999995,9469
2026-06-30T18:30:00+00:00,3998.3099999999995,3999.4199999999996,3995.0799999999995,3995.2699999999995,7937
2026-06-30T19:00:00+00:00,3995.2699999999995,3996.3099999999995,3987.9599999999996,3987.9599999999996,10710
2026-06-30T19:30:00+00:00,3987.9599999999996,3990.2899999999995,3981.5299999999997,3982.7699999999995,23281
2026-06-30T20:00:00+00:00,3982.7699999999995,3988.1499999999996,3979.2699999999995,3980.0299999999997,7436
2026-06-30T20:30:00+00:00,3980.0299999999997,3980.5499999999997,3973.4199999999996,3974.6299999999997,4892
2026-06-30T22:00:00+00:00,3974.6299999999997,3984.8299999999995,3973.48,3981.1099999999997,7978.252572654443
2026-06-30T22:30:00+00:00,3981.1099999999997,3985.1399999999994,3978.2699999999995,3980.3999999999996,5084
2026-06-30T23:00:00+00:00,3980.3999999999996,3985.6399999999994,3975.2899999999995,3978.5399999999995,7990
2026-06-30T23:30:00+00:00,3978.5399999999995,3979.8899999999994,3972.5799999999995,3972.9499999999994,8484
2026-07-01T00:00:00+00:00,3972.9499999999994,3976.9599999999996,3968.4799999999996,3968.9399999999996,18130
2026-07-01T00:30:00+00:00,3968.9399999999996,3972.8599999999997,3960.2199999999993,3963.8799999999997,17768
2026-07-01T01:00:00+00:00,3963.8799999999997,3967.0199999999995,3942.3599999999997,3953.1299999999997,39844
2026-07-01T01:30:00+00:00,3953.1299999999997,3955.8099999999995,3940.8499999999995,3945.1999999999994,27511
2026-07-01T02:00:00+00:00,3945.1999999999994,3949.8299999999995,3937.5399999999995,3948.1999999999994,22099
2026-07-01T02:30:00+00:00,3948.1999999999994,3953.3599999999997,3945.6599999999994,3946.5299999999993,17800
2026-07-01T03:00:00+00:00,3946.5299999999993,3954.3599999999997,3945.6199999999994,3948.7299999999996,14694
2026-07-01T03:30:00+00:00,3948.7299999999996,3949.6399999999994,3943.7899999999995,3947.7399999999993,9203
2026-07-01T04:00:00+00:00,3947.7399999999993,3948.4499999999994,3941.4399999999996,3944.9099999999994,8438
2026-07-01T04:30:00+00:00,3944.9099999999994,3950.2599999999993,3939.6399999999994,3943.8799999999997,9577
2026-07-01T05:00:00+00:00,3943.8799999999997,3944.6099999999997,3936.7899999999995,3940.0699999999997,11532
2026-07-01T05:30:00+00:00,3940.0699999999997,3946.1499999999996,3937.6699999999996,3941.3099999999995,21926
2026-07-01T06:00:00+00:00,3941.3099999999995,3944.6999999999994,3930.3399999999997,3934.5999999999995,23867
2026-07-01T06:30:00+00:00,3934.5999999999995,3940.9299999999994,3930.4399999999996,3938.9999999999995,15104
2026-07-01T07:00:00+00:00,3938.9999999999995,3940.9699999999993,3927.1899999999996,3931.4699999999993,18476
2026-07-01T07:30:00+00:00,3931.4699999999993,3945.7199999999993,3927.9099999999994,3943.2499999999995,17515
2026-07-01T08:00:00+00:00,3943.2499999999995,3951.7599999999993,3936.5899999999997,3945.9799999999996,15340
2026-07-01T08:30:00+00:00,3945.9799999999996,3947.0199999999995,3938.5999999999995,3941.7899999999995,11888
2026-07-01T09:00:00+00:00,3941.7899999999995,3947.7199999999993,3939.9199999999996,3946.0499999999997,11526
2026-07-01T09:30:00+00:00,3946.0499999999997,3953.3599999999997,3944.7599999999993,3951.6599999999994,9562
2026-07-01T10:00:00+00:00,3951.6599999999994,3956.9099999999994,3948.3899999999994,3954.4999999999995,10067
2026-07-01T10:30:00+00:00,3954.4999999999995,3965.7299999999996,3953.6599999999994,3965.7099999999996,10158
2026-07-01T11:00:00+00:00,3965.7099999999996,3995.8999999999996,3965.1899999999996,3994.1899999999996,21109
2026-07-01T11:30:00+00:00,3994.1899999999996,4002.8199999999997,3990.3499999999995,3997.6799999999994,19439
2026-07-01T12:00:00+00:00,3997.6799999999994,4001.2699999999995,3986.5999999999995,3993.1599999999994,25717
2026-07-01T12:30:00+00:00,3993.1599999999994,4000.3899999999994,3989.8599999999997,3990.0699999999997,26468
2026-07-01T13:00:00+00:00,3990.0699999999997,4014.4899999999993,3979.8399999999997,4014.0599999999995,51422
2026-07-01T13:30:00+00:00,4014.0599999999995,4075.4199999999996,4008.7799999999993,4056.5899999999997,83491
2026-07-01T14:00:00+00:00,4056.5899999999997,4074.06,4050.2099999999996,4067.7399999999993,60474
2026-07-01T14:30:00+00:00,4067.7399999999993,4083.229999999999,4053.4999999999995,4060.5199999999995,50091
2026-07-01T15:00:00+00:00,4060.5199999999995,4061.8799999999997,4045.6999999999994,4051.2199999999993,33695
2026-07-01T15:30:00+00:00,4051.2199999999993,4055.4499999999994,4043.9099999999994,4048.2899999999995,24183
2026-07-01T16:00:00+00:00,4048.2899999999995,4055.6699999999996,4047.6699999999996,4048.7499999999995,19315
2026-07-01T16:30:00+00:00,4048.7499999999995,4050.6999999999994,4037.6999999999994,4038.4699999999993,17761
2026-07-01T17:00:00+00:00,4038.4699999999993,4040.8399999999997,4034.9199999999996,4035.1999999999994,17498
2026-07-01T17:30:00+00:00,4035.1999999999994,4040.5499999999997,4034.4899999999993,4035.3999999999996,12493
2026-07-01T18:00:00+00:00,4035.3999999999996,4037.8999999999996,4028.3499999999995,4028.5299999999993,15388
2026-07-01T18:30:00+00:00,4028.5299999999993,4033.2599999999993,4024.9899999999993,4029.4399999999996,12545
2026-07-01T19:00:00+00:00,4029.4399999999996,4035.5699999999997,4023.7799999999993,4026.2099999999996,12555
2026-07-01T19:30:00+00:00,4026.2099999999996,4026.9899999999993,4001.5399999999995,4006.0399999999995,17037
2026-07-01T20:00:00+00:00,4006.0399999999995,4006.9899999999993,3995.7999999999997,4005.7799999999993,11195
2026-07-01T20:30:00+00:00,4005.7799999999993,4006.2899999999995,3997.0499999999997,3998.0499999999997,6075
2026-07-01T22:00:00+00:00,3998.0499999999997,4008.12,3997.1099999999997,4005.5099999999998,6616.7242486584155
2026-07-01T22:30:00+00:00,4005.5099999999998,4012.27,4003.99,4012.1299999999997,5155
2026-07-01T23:00:00+00:00,4012.1299999999997,4012.27,4001.2399999999993,4004.7499999999995,6141.650895993596
2026-07-01T23:30:00+00:00,4004.7499999999995,4008.0499999999997,4000.5699999999997,4002.3899999999994,8135
2026-07-02T00:00:00+00:00,4002.3899999999994,4015.8599999999997,3998.1699999999996,4013.8499999999995,24914
2026-07-02T00:30:00+00:00,4013.8499999999995,4020.1799999999994,4005.3699999999994,4019.3699999999994,18934
2026-07-02T01:00:00+00:00,4019.3699999999994,4036.0999999999995,4017.4299999999994,4020.6699999999996,32820
2026-07-02T01:30:00+00:00,4020.6699999999996,4023.8999999999996,4012.6499999999996,4017.5599999999995,28757
2026-07-02T02:00:00+00:00,4017.5599999999995,4022.3999999999996,4008.6199999999994,4019.1299999999997,19693
2026-07-02T02:30:00+00:00,4019.1299999999997,4028.4899999999993,4015.0999999999995,4024.4999999999995,21317
2026-07-02T03:00:00+00:00,4024.4999999999995,4034.7799999999997,4022.9699999999993,4032.8599999999997,17493
2026-07-02T03:30:00+00:00,4032.8599999999997,4041.6699999999996,4029.1499999999996,4037.4399999999996,13544
2026-07-02T04:00:00+00:00,4037.4399999999996,4040.4799999999996,4031.5099999999998,4033.0199999999995,10299
2026-07-02T04:30:00+00:00,4033.0199999999995,4033.9899999999993,4027.8999999999996,4028.3099999999995,9828
2026-07-02T05:00:00+00:00,4028.3099999999995,4029.7499999999995,4021.7599999999998,4024.9499999999994,13201
2026-07-02T05:30:00+00:00,4024.9499999999994,4035.1399999999994,4020.6599999999994,4033.5099999999998,26852
2026-07-02T06:00:00+00:00,4033.5099999999998,4047.2599999999998,4033.1699999999996,4041.5699999999997,23916
2026-07-02T06:30:00+00:00,4041.5699999999997,4044.1099999999997,4033.4599999999996,4040.7099999999996,25024
2026-07-02T07:00:00+00:00,4040.7099999999996,4041.5299999999997,4028.1999999999994,4029.7799999999997,21162
2026-07-02T07:30:00+00:00,4029.7799999999997,4042.9899999999993,4028.3099999999995,4031.6499999999996,17124
2026-07-02T08:00:00+00:00,4031.6499999999996,4045.2399999999993,4028.6099999999997,4042.6299999999997,20343
2026-07-02T08:30:00+00:00,4042.6299999999997,4047.5599999999995,4039.4699999999993,4043.5099999999998,16886
2026-07-02T09:00:00+00:00,4043.5099999999998,4044.5599999999995,4033.6299999999997,4035.1399999999994,13792
2026-07-02T09:30:00+00:00,4035.1399999999994,4039.7299999999996,4031.3099999999995,4032.7799999999997,14938
2026-07-02T10:00:00+00:00,4032.7799999999997,4035.4199999999996,4029.3699999999994,4033.6799999999994,12076
2026-07-02T10:30:00+00:00,4033.6799999999994,4036.1099999999997,4029.0599999999995,4033.8099999999995,11238
2026-07-02T11:00:00+00:00,4033.8099999999995,4034.7499999999995,4024.6399999999994,4032.8999999999996,15310
2026-07-02T11:30:00+00:00,4032.8999999999996,4039.6099999999997,4030.7199999999993,4032.6199999999994,15216
2026-07-02T12:00:00+00:00,4032.6199999999994,4041.0499999999997,4028.7399999999993,4032.3199999999997,20840
2026-07-02T12:30:00+00:00,4032.3199999999997,4107.929999999999,4032.0899999999997,4085.069999999999,85343
2026-07-02T13:00:00+00:00,4085.069999999999,4097.109999999999,4076.6899999999987,4080.6799999999994,55722
2026-07-02T13:30:00+00:00,4080.6799999999994,4111.509999999999,4077.5199999999995,4103.949999999999,69928
2026-07-02T14:00:00+00:00,4103.949999999999,4105.599999999999,4081.3399999999992,4083.739999999999,58008
2026-07-02T14:30:00+00:00,4083.739999999999,4097.299999999999,4082.069999999999,4096.029999999999,56669
2026-07-02T15:00:00+00:00,4096.029999999999,4099.029999999999,4082.1399999999994,4089.869999999999,45954
2026-07-02T15:30:00+00:00,4089.869999999999,4098.579999999999,4089.869999999999,4095.789999999999,30813
2026-07-02T16:00:00+00:00,4095.789999999999,4097.719999999999,4082.7599999999993,4083.869999999999,25657
2026-07-02T16:30:00+00:00,4083.869999999999,4087.709999999999,4067.789999999999,4085.5099999999993,32105
2026-07-02T17:00:00+00:00,4085.5099999999993,4087.249999999999,4078.8499999999995,4079.959999999999,27447
2026-07-02T17:30:00+00:00,4079.959999999999,4081.8999999999987,4073.1899999999987,4074.2199999999993,24145
2026-07-02T18:00:00+00:00,4074.2199999999993,4091.1399999999994,4073.289999999999,4090.579999999999,29544
2026-07-02T18:30:00+00:00,4090.579999999999,4094.529999999999,4087.2999999999993,4090.039999999999,15606
2026-07-02T19:00:00+00:00,4090.039999999999,4091.879999999999,4075.579999999999,4080.0599999999995,18923
2026-07-02T19:30:00+00:00,4080.0599999999995,4091.5599999999995,4078.319999999999,4088.779999999999,19371
2026-07-02T20:00:00+00:00,4088.779999999999,4092.569999999999,4083.749999999999,4090.989999999999,6942
2026-07-02T20:30:00+00:00,4090.989999999999,4092.569999999999,4085.9299999999994,4089.3599999999988,3748
2026-07-02T22:00:00+00:00,4089.3599999999988,4094.039999999999,4086.779999999999,4090.0199999999986,4144.754329357061
2026-07-02T22:30:00+00:00,4090.0199999999986,4092.079999999999,4087.999999999999,4090.2299999999987,3264
2026-07-02T23:00:00+00:00,4090.2299999999987,4096.059999999999,4089.6899999999987,4095.569999999999,4933
2026-07-02T23:30:00+00:00,4095.569999999999,4099.439999999999,4086.699999999999,4091.8899999999985,15126
2026-07-03T00:00:00+00:00,4126.15,4140.87,4122.58,4136.72,32866
2026-07-03T00:30:00+00:00,4136.72,4150.95,4132.7,4147.1,22469
2026-07-03T01:00:00+00:00,4147.1,4194.21,4146.22,4187.48,50163
2026-07-03T01:30:00+00:00,4187.48,4195.42,4175.18,4182.31,30320
2026-07-03T02:00:00+00:00,4182.31,4184.42,4176.31,4179.02,17327
2026-07-03T02:30:00+00:00,4179.02,4186.95,4177.95,4183.25,18204
2026-07-03T03:00:00+00:00,4183.25,4184.41,4179.21,4181.35,13011
2026-07-03T03:30:00+00:00,4181.35,4183.16,4175.13,4175.97,10248
2026-07-03T04:00:00+00:00,4175.97,4182.91,4172.93,4178.39,8983
2026-07-03T04:30:00+00:00,4178.39,4178.86,4174.52,4178.85,5740
2026-07-03T05:00:00+00:00,4178.85,4181.16,4172.97,4176,9827
2026-07-03T05:30:00+00:00,4176,4181.82,4169.03,4171.17,17687
2026-07-03T06:00:00+00:00,4171.17,4171.8,4160.5,4164.73,19559
2026-07-03T06:30:00+00:00,4164.73,4174.37,4164.23,4172.94,15904
2026-07-03T07:00:00+00:00,4172.94,4181.08,4169.12,4175.35,12814
2026-07-03T07:30:00+00:00,4175.35,4181.55,4173.64,4177.45,11097
2026-07-03T08:00:00+00:00,4177.45,4185.86,4177.41,4183.07,12156
2026-07-03T08:30:00+00:00,4183.07,4186.55,4176.69,4180.97,11026
2026-07-03T09:00:00+00:00,4180.97,4181.85,4171.07,4171.85,10338
2026-07-03T09:30:00+00:00,4171.85,4174.94,4168.34,4171.84,9857
2026-07-03T10:00:00+00:00,4171.84,4181.23,4170.51,4178.3,7198
2026-07-03T10:30:00+00:00,4178.3,4179.01,4174.58,4177.11,5452
2026-07-03T11:00:00+00:00,4177.11,4186.04,4175.5,4183.09,8197
2026-07-03T11:30:00+00:00,4183.09,4186.26,4178.54,4180.95,6556
2026-07-03T12:00:00+00:00,4180.95,4183.2,4172.07,4174.72,9948
2026-07-03T12:30:00+00:00,4174.72,4177.68,4172.2,4176.71,8403
2026-07-03T13:00:00+00:00,4176.71,4179.27,4164.43,4171.55,19112
2026-07-03T13:30:00+00:00,4171.55,4171.8,4163.46,4164.66,15206
2026-07-03T14:00:00+00:00,4164.66,4167.06,4155.28,4166.15,15402
2026-07-03T14:30:00+00:00,4166.15,4171.23,4163.32,4169.72,9516
2026-07-03T15:00:00+00:00,4169.72,4174.34,4166.86,4167.38,9403
2026-07-03T15:30:00+00:00,4167.38,4169,4164.41,4164.75,7180
2026-07-03T16:00:00+00:00,4164.75,4167.63,4162.82,4166.74,6281
2026-07-03T16:30:00+00:00,4166.74,4176.39,4166.72,4174.8,7540
2026-07-03T17:00:00+00:00,4174.8,4174.85,4174.06,4174.44,110
2026-07-05T22:00:00+00:00,4174.44,4186.139999999999,4173.03,4184.9,14757.417845177217
2026-07-05T22:30:00+00:00,4184.9,4191.709999999999,4183.209999999999,4188.139999999999,9660
2026-07-05T23:00:00+00:00,4188.139999999999,4202.32,4186.73,4200.78,8630
2026-07-05T23:30:00+00:00,4200.78,4201.7,4177.169999999999,4183.28,19594
2026-07-06T00:00:00+00:00,4183.28,4185.829999999999,4170.339999999999,4174.879999999999,33423
2026-07-06T00:30:00+00:00,4174.879999999999,4189.389999999999,4174.24,4179.969999999999,26880
2026-07-06T01:00:00+00:00,4179.969999999999,4193.289999999999,4172.61,4190.0199999999995,40839
2026-07-06T01:30:00+00:00,4190.0199999999995,4203.509999999999,4185.139999999999,4186.409999999999,36735
2026-07-06T02:00:00+00:00,4186.409999999999,4188.259999999999,4176.129999999999,4178.099999999999,25657
2026-07-06T02:30:00+00:00,4178.099999999999,4179.099999999999,4168.659999999999,4174.549999999999,28177
2026-07-06T03:00:00+00:00,4174.549999999999,4176.909999999999,4162.95,4166.049999999999,20252
2026-07-06T03:30:00+00:00,4166.049999999999,4169.73,4161.339999999999,4165.679999999999,13699
2026-07-06T04:00:00+00:00,4165.679999999999,4166.959999999999,4160.549999999999,4161.45,10414
2026-07-06T04:30:00+00:00,4161.45,4162.709999999999,4157.61,4160.039999999999,10440
2026-07-06T05:00:00+00:00,4160.039999999999,4161.469999999999,4150.959999999999,4152.98,12717
2026-07-06T05:30:00+00:00,4152.98,4160.82,4144.879999999999,4148.07,24857
2026-07-06T06:00:00+00:00,4148.07,4157.129999999999,4145.99,4156.829999999999,17110
2026-07-06T06:30:00+00:00,4156.829999999999,4159.9,4149.2699999999995,4150.8099999999995,15172
2026-07-06T07:00:00+00:00,4150.8099999999995,4156.179999999999,4147.469999999999,4153.28,16107
2026-07-06T07:30:00+00:00,4153.28,4166.679999999999,4151.49,4164.69,11575
2026-07-06T08:00:00+00:00,4164.69,4166.3099999999995,4153.849999999999,4155.82,12585
2026-07-06T08:30:00+00:00,4155.82,4156.339999999999,4147.57,4150.82,11028
2026-07-06T09:00:00+00:00,4150.82,4151.719999999999,4141.869999999999,4143.98,10572
2026-07-06T09:30:00+00:00,4143.98,4145.11,4136.57,4143.61,13140
2026-07-06T10:00:00+00:00,4143.61,4151.289999999999,4142.539999999999,4149.329999999999,8513
2026-07-06T10:30:00+00:00,4149.329999999999,4156.24,4149.089999999999,4155.28,10452
2026-07-06T11:00:00+00:00,4155.28,4159.999999999999,4151.8099999999995,4155.329999999999,12316
2026-07-06T11:30:00+00:00,4155.329999999999,4159.15,4152.2699999999995,4155.7,10013
2026-07-06T12:00:00+00:00,4155.7,4158.849999999999,4145.419999999999,4146.11,16776
2026-07-06T12:30:00+00:00,4146.11,4146.7,4131.849999999999,4139.929999999999,20990
2026-07-06T13:00:00+00:00,4139.929999999999,4149.03,4137.24,4142.579999999999,24660
2026-07-06T13:30:00+00:00,4142.579999999999,4150.86,4136.4,4140.869999999999,37244
2026-07-06T14:00:00+00:00,4140.869999999999,4147.53,4132.74,4137.599999999999,33915
2026-07-06T14:30:00+00:00,4137.599999999999,4142.249999999999,4128.759999999999,4138.549999999999,24749
2026-07-06T15:00:00+00:00,4138.549999999999,4151.349999999999,4137.869999999999,4150.889999999999,20214
2026-07-06T15:30:00+00:00,4150.889999999999,4152.419999999999,4145.11,4148.629999999999,15181
2026-07-06T16:00:00+00:00,4148.629999999999,4148.839999999999,4140.619999999999,4146.089999999999,11885
2026-07-06T16:30:00+00:00,4146.089999999999,4156.659999999999,4145.669999999999,4155.36,13708
2026-07-06T17:00:00+00:00,4155.36,4159.94,4150.639999999999,4155.879999999999,17323
2026-07-06T17:30:00+00:00,4155.879999999999,4162.03,4155.169999999999,4161.509999999999,15669
2026-07-06T18:00:00+00:00,4161.509999999999,4163.409999999999,4155.719999999999,4162.179999999999,11362
2026-07-06T18:30:00+00:00,4162.179999999999,4167.94,4159.99,4164.219999999999,10741
2026-07-06T19:00:00+00:00,4164.219999999999,4165.909999999999,4159.139999999999,4163.209999999999,9347
2026-07-06T19:30:00+00:00,4163.209999999999,4165.49,4160.15,4164.099999999999,13103
2026-07-06T20:00:00+00:00,4164.099999999999,4164.959999999999,4161.03,4163.369999999999,3872
2026-07-06T20:30:00+00:00,4163.369999999999,4166.099999999999,4162.919999999999,4164.749999999999,3020
2026-07-06T22:00:00+00:00,4164.749999999999,4168.12,4162.789999999999,4166.69,3640.0170004250103
2026-07-06T22:30:00+00:00,4166.69,4169.03,4164.549999999999,4164.549999999999,3834
2026-07-06T23:00:00+00:00,4164.549999999999,4166.36,4163.4,4163.63,3725
2026-07-06T23:30:00+00:00,4163.63,4165.96,4157.299999999999,4157.79,7167
2026-07-07T00:00:00+00:00,4157.79,4161.28,4152.5,4160.33,20873
2026-07-07T00:30:00+00:00,4160.33,4163.19,4145.75,4146.639999999999,20036
2026-07-07T01:00:00+00:00,4146.639999999999,4148.599999999999,4126.15,4133.32,37995
2026-07-07T01:30:00+00:00,4133.32,4146.719999999999,4132.849999999999,4142.44,21221
2026-07-07T02:00:00+00:00,4142.44,4145.92,4138.03,4141.25,14553
2026-07-07T02:30:00+00:00,4141.25,4145.29,4131.799999999999,4137.17,16181
2026-07-07T03:00:00+00:00,4137.17,4140.63,4129.759999999999,4132.62,17009
2026-07-07T03:30:00+00:00,4132.62,4135.349999999999,4124.969999999999,4131.599999999999,12226
2026-07-07T04:00:00+00:00,4131.599999999999,4141.98,4131.099999999999,4132.75,11952
2026-07-07T04:30:00+00:00,4132.75,4133.04,4126.58,4127.36,9463
2026-07-07T05:00:00+00:00,4127.36,4131.99,4121.3099999999995,4128.7699999999995,16154
2026-07-07T05:30:00+00:00,4128.7699999999995,4129.12,4117.04,4124.3099999999995,30586
2026-07-07T06:00:00+00:00,4124.3099999999995,4130.25,4122.13,4127.12,19096
2026-07-07T06:30:00+00:00,4127.12,4133.33,4125.41,4131.03,15608
2026-07-07T07:00:00+00:00,4131.03,4132.839999999999,4124.99,4127.12,13633
2026-07-07T07:30:00+00:00,4127.12,4134.08,4125.009999999999,4125.41,12227
2026-07-07T08:00:00+00:00,4125.41,4139.799999999999,4124.96,4139.099999999999,16472
2026-07-07T08:30:00+00:00,4139.099999999999,4139.8099999999995,4122.42,4126.639999999999,13360
2026-07-07T09:00:00+00:00,4126.639999999999,4131.58,4120.339999999999,4122.25,12624
2026-07-07T09:30:00+00:00,4122.25,4134.42,4122.219999999999,4131.67,12651
2026-07-07T10:00:00+00:00,4131.67,4139.42,4131.65,4137.99,10861
2026-07-07T10:30:00+00:00,4137.99,4138.099999999999,4134.12,4136.219999999999,9031
2026-07-07T11:00:00+00:00,4136.219999999999,4146.009999999999,4132.2,4143.63,13945
2026-07-07T11:30:00+00:00,4143.63,4158.5,4139.92,4157.3099999999995,14568
2026-07-07T12:00:00+00:00,4157.3099999999995,4175.74,4155.139999999999,4166.5,25887
2026-07-07T12:30:00+00:00,4166.5,4173.33,4162.049999999999,4172.91,19500
2026-07-07T13:00:00+00:00,4172.91,4178.98,4160.61,4167.099999999999,35151
2026-07-07T13:30:00+00:00,4167.099999999999,4181.12,4156.57,4159.21,49291
2026-07-07T14:00:00+00:00,4159.21,4164.42,4151.509999999999,4158.679999999999,52598
2026-07-07T14:30:00+00:00,4158.679999999999,4159.87,4144.07,4154.719999999999,41492
2026-07-07T15:00:00+00:00,4154.719999999999,4156.2699999999995,4142.29,4143.63,39340
2026-07-07T15:30:00+00:00,4143.63,4148.98,4136.36,4139.5,28473
2026-07-07T16:00:00+00:00,4139.5,4147.759999999999,4137.5,4146.53,20401
2026-07-07T16:30:00+00:00,4146.53,4147.3099999999995,4141.5,4145.7,13896
2026-07-07T17:00:00+00:00,4145.7,4147.54,4141.12,4146.71,14865
2026-07-07T17:30:00+00:00,4146.71,4148.8099999999995,4143.5199999999995,4145.12,14883
2026-07-07T18:00:00+00:00,4145.12,4145.849999999999,4140.65,4142.28,17983
2026-07-07T18:30:00+00:00,4142.28,4143.21,4125.599999999999,4127.599999999999,30084
2026-07-07T19:00:00+00:00,4127.599999999999,4128.429999999999,4092.8599999999997,4104.0599999999995,48448
2026-07-07T19:30:00+00:00,4104.0599999999995,4118.3099999999995,4103.929999999999,4114.75,26712
2026-07-07T20:00:00+00:00,4114.75,4116.41,4106.98,4111.5,8387
2026-07-07T20:30:00+00:00,4111.5,4111.82,4104.179999999999,4106.24,6589
2026-07-07T22:00:00+00:00,4106.24,4111.3,4091.6,4097.7,8820.417258702179
2026-07-07T22:30:00+00:00,4097.7,4100.76,4093.79,4096.66,7781
2026-07-07T23:00:00+00:00,4096.66,4105.92,4093.94,4102.97,11197
2026-07-07T23:30:00+00:00,4102.97,4103.53,4093.95,4096.63,11016
2026-07-08T00:00:00+00:00,4096.63,4106.07,4094.92,4103.54,33507
2026-07-08T00:30:00+00:00,4103.54,4124.91,4101.92,4109.64,31569
2026-07-08T01:00:00+00:00,4109.64,4115.92,4095.92,4100.66,50891
2026-07-08T01:30:00+00:00,4100.66,4111.04,4094.37,4109.3,41552
2026-07-08T02:00:00+00:00,4109.3,4123.0599999999995,4103.87,4116.95,27919
2026-07-08T02:30:00+00:00,4116.95,4119.21,4111.47,4112.62,23224
2026-07-08T03:00:00+00:00,4112.62,4128.89,4112.55,4127.98,24228
2026-07-08T03:30:00+00:00,4127.98,4129.22,4120.849999999999,4121.58,14879
2026-07-08T04:00:00+00:00,4121.58,4126.95,4118.37,4123.97,14673
2026-07-08T04:30:00+00:00,4123.97,4126.2699999999995,4120.15,4123.25,15787
2026-07-08T05:00:00+00:00,4123.25,4132.13,4119.99,4120.01,21121
2026-07-08T05:30:00+00:00,4120.01,4129.79,4119.17,4125.86,30583
2026-07-08T06:00:00+00:00,4125.86,4131.68,4120.14,4127.57,25552
2026-07-08T06:30:00+00:00,4127.57,4127.94,4121.49,4121.69,20273
2026-07-08T07:00:00+00:00,4121.69,4123.38,4112.78,4118.34,19538
2026-07-08T07:30:00+00:00,4118.34,4125.349999999999,4116.2699999999995,4119.43,16441
2026-07-08T08:00:00+00:00,4119.43,4119.48,4078.73,4086.5299999999997,58518
2026-07-08T08:30:00+00:00,4086.5299999999997,4090.15,4050.18,4054.94,74754
2026-07-08T09:00:00+00:00,4054.94,4059.13,4048.2999999999997,4054.74,45875
2026-07-08T09:30:00+00:00,4054.74,4056.7,4039.42,4041.3599999999997,35213
2026-07-08T10:00:00+00:00,4041.3599999999997,4053.91,4038.48,4048.83,26700
2026-07-08T10:30:00+00:00,4048.83,4056.66,4048.1099999999997,4051.2,24539
2026-07-08T11:00:00+00:00,4051.2,4055.3399999999997,4045.75,4048.02,22626
2026-07-08T11:30:00+00:00,4048.02,4070.8599999999997,4039.43,4060.25,38799
2026-07-08T12:00:00+00:00,4060.25,4075.87,4056.9,4069.0099999999998,35163
2026-07-08T12:30:00+00:00,4069.0099999999998,4084.45,4066.08,4070.5499999999997,44007
2026-07-08T13:00:00+00:00,4070.5499999999997,4081.27,4063.21,4064.75,55228
2026-07-08T13:30:00+00:00,4064.75,4078.39,4064.75,4068.74,77322
2026-07-08T14:00:00+00:00,4068.74,4069.5499999999997,4049.56,4058.2799999999997,63067
2026-07-08T14:30:00+00:00,4058.2799999999997,4059.48,4031.71,4038.83,64232
2026-07-08T15:00:00+00:00,4038.83,4041.92,4024.43,4028.8599999999997,56575
2026-07-08T15:30:00+00:00,4028.8599999999997,4036.5299999999997,4019.5499999999997,4032.29,46085
2026-07-08T16:00:00+00:00,4032.29,4043.15,4031.16,4041.52,36694
2026-07-08T16:30:00+00:00,4041.52,4062.52,4037.5299999999997,4061.62,44443
2026-07-08T17:00:00+00:00,4061.62,4071.92,4057.62,4071.2,34956
2026-07-08T17:30:00+00:00,4071.2,4074.5699999999997,4062.3599999999997,4063.33,22164
2026-07-08T18:00:00+00:00,4063.33,4073.79,4061.17,4067.71,35199
2026-07-08T18:30:00+00:00,4067.71,4089.67,4065.1099999999997,4082.44,32165
2026-07-08T19:00:00+00:00,4082.44,4089.15,4082.44,4086.38,26224
2026-07-08T19:30:00+00:00,4086.38,4089.29,4076.37,4077.92,25874
2026-07-08T20:00:00+00:00,4077.92,4081.68,4072.39,4075.02,11610
2026-07-08T20:30:00+00:00,4075.02,4078.0299999999997,4069.52,4073.39,8810
2026-07-08T22:00:00+00:00,4073.39,4076.5699999999997,4069.2799999999997,4071.06,8055.3085937877395
2026-07-08T22:30:00+00:00,4071.06,4076.86,4070.2799999999997,4073.66,6877
2026-07-08T23:00:00+00:00,4073.66,4074.9100000000003,4070.66,4074.65,5118.9897869652195
2026-07-08T23:30:00+00:00,4074.65,4074.65,4068.53,4073.2700000000004,8779
2026-07-09T00:00:00+00:00,4073.2700000000004,4086.8900000000003,4070.9,4074.8300000000004,25892
2026-07-09T00:30:00+00:00,4074.8300000000004,4078.7200000000003,4067.2000000000003,4070.67,19692
2026-07-09T01:00:00+00:00,4070.67,4075.82,4062.0000000000005,4063.51,36291
2026-07-09T01:30:00+00:00,4063.51,4073.01,4059.1200000000003,4069.7200000000003,21988
2026-07-09T02:00:00+00:00,4069.7200000000003,4079.7400000000002,4068.96,4077.53,16312
2026-07-09T02:30:00+00:00,4077.53,4078.8100000000004,4061.4,4061.94,18616
2026-07-09T03:00:00+00:00,4061.94,4064.5800000000004,4051.2000000000003,4055.13,21279
2026-07-09T03:30:00+00:00,4055.13,4061.1000000000004,4053.2900000000004,4061.0800000000004,10749
2026-07-09T04:00:00+00:00,4061.0800000000004,4061.55,4054.1800000000003,4055.92,10573
2026-07-09T04:30:00+00:00,4055.92,4061.5600000000004,4053.2500000000005,4061.2500000000005,10172
2026-07-09T05:00:00+00:00,4061.2500000000005,4073.09,4060.5600000000004,4069.2500000000005,20365
2026-07-09T05:30:00+00:00,4069.2500000000005,4081.21,4061.69,4078.76,22989
2026-07-09T06:00:00+00:00,4078.76,4100.1,4078.1800000000003,4099.340000000001,31261
2026-07-09T06:30:00+00:00,4099.340000000001,4105.1,4092.9000000000005,4104.950000000001,20887
2026-07-09T07:00:00+00:00,4104.950000000001,4107.380000000001,4098.410000000001,4105.870000000001,18027
2026-07-09T07:30:00+00:00,4105.870000000001,4108.170000000001,4100.550000000001,4104.910000000001,13147
2026-07-09T08:00:00+00:00,4104.910000000001,4114.710000000001,4102.150000000001,4111.77,18551
2026-07-09T08:30:00+00:00,4111.77,4113.68,4104.670000000001,4105.14,13110
2026-07-09T09:00:00+00:00,4105.14,4109.420000000001,4102.840000000001,4105.340000000001,12577
2026-07-09T09:30:00+00:00,4105.340000000001,4107.030000000001,4100.120000000001,4103.2300000000005,13246
2026-07-09T10:00:00+00:00,4103.2300000000005,4107.130000000001,4100.800000000001,4101.130000000001,9991
2026-07-09T10:30:00+00:00,4101.130000000001,4102.360000000001,4090.5900000000006,4096.080000000001,14284
2026-07-09T11:00:00+00:00,4096.080000000001,4104.260000000001,4094.6900000000005,4097.47,14777
2026-07-09T11:30:00+00:00,4097.47,4107.540000000001,4095.7800000000007,4105.68,14637
2026-07-09T12:00:00+00:00,4105.68,4116.910000000001,4102.080000000001,4103.790000000001,22803
2026-07-09T12:30:00+00:00,4103.790000000001,4119.550000000001,4103.790000000001,4104.630000000001,23210
2026-07-09T13:00:00+00:00,4104.630000000001,4124.4400000000005,4103.670000000001,4123.000000000001,29926
2026-07-09T13:30:00+00:00,4123.000000000001,4126.550000000001,4114.710000000001,4118.89,39688
2026-07-09T14:00:00+00:00,4118.89,4133.420000000001,4111.070000000001,4121.670000000001,41920
2026-07-09T14:30:00+00:00,4121.670000000001,4125.010000000001,4115.06,4124.630000000001,26857
2026-07-09T15:00:00+00:00,4124.630000000001,4127.89,4121.650000000001,4124.750000000001,22062
2026-07-09T15:30:00+00:00,4124.750000000001,4129.750000000001,4123.130000000001,4123.900000000001,17608
2026-07-09T16:00:00+00:00,4123.900000000001,4130.260000000001,4122.530000000001,4129.590000000001,15060
2026-07-09T16:30:00+00:00,4129.590000000001,4135.040000000001,4124.910000000001,4124.910000000001,14369
2026-07-09T17:00:00+00:00,4124.910000000001,4128.960000000001,4121.97,4128.550000000001,17398
2026-07-09T17:30:00+00:00,4128.550000000001,4135.000000000001,4126.110000000001,4133.1900000000005,14373
2026-07-09T18:00:00+00:00,4133.1900000000005,4133.370000000001,4119.960000000001,4120.97,12784
2026-07-09T18:30:00+00:00,4120.97,4122.510000000001,4118.410000000001,4121.460000000001,9272
2026-07-09T19:00:00+00:00,4121.460000000001,4123.89,4117.620000000001,4117.77,8864
2026-07-09T19:30:00+00:00,4117.77,4120.6900000000005,4115.670000000001,4119.450000000001,11946
2026-07-09T20:00:00+00:00,4119.450000000001,4121.090000000001,4117.570000000001,4118.1900000000005,3960
2026-07-09T20:30:00+00:00,4118.1900000000005,4122.570000000001,4117.750000000001,4120.340000000001,3328
2026-07-09T22:00:00+00:00,4120.340000000001,4123.910000000001,4118.1100000000015,4119.3200000000015,4903.77466212621
2026-07-09T22:30:00+00:00,4119.3200000000015,4121.060000000001,4117.790000000001,4117.800000000001,3510
2026-07-09T23:00:00+00:00,4117.800000000001,4121.300000000001,4117.450000000001,4118.520000000001,3497
2026-07-09T23:30:00+00:00,4118.520000000001,4121.020000000001,4116.990000000001,4119.770000000001,3542
2026-07-10T00:00:00+00:00,4119.770000000001,4122.0700000000015,4113.240000000001,4115.850000000001,13173
2026-07-10T00:30:00+00:00,4115.850000000001,4124.500000000001,4110.740000000001,4122.420000000001,14358
2026-07-10T01:00:00+00:00,4122.420000000001,4127.350000000001,4115.240000000001,4117.9000000000015,27744
2026-07-10T01:30:00+00:00,4117.9000000000015,4119.770000000001,4104.8600000000015,4113.0700000000015,21880
2026-07-10T02:00:00+00:00,4113.0700000000015,4125.290000000001,4112.3200000000015,4122.080000000001,15265
2026-07-10T02:30:00+00:00,4122.080000000001,4125.3600000000015,4118.490000000001,4124.000000000001,12960
2026-07-10T03:00:00+00:00,4124.000000000001,4131.130000000001,4116.6500000000015,4121.720000000001,14090
2026-07-10T03:30:00+00:00,4121.720000000001,4124.190000000001,4115.5700000000015,4116.530000000001,8159
2026-07-10T04:00:00+00:00,4116.530000000001,4117.380000000001,4108.250000000001,4113.830000000001,8735
2026-07-10T04:30:00+00:00,4113.830000000001,4115.870000000001,4111.090000000001,4111.3200000000015,6096
2026-07-10T05:00:00+00:00,4111.3200000000015,4113.390000000001,4109.190000000001,4110.6500000000015,9034
2026-07-10T05:30:00+00:00,4110.6500000000015,4113.4000000000015,4104.3200000000015,4112.740000000001,20258
2026-07-10T06:00:00+00:00,4112.740000000001,4116.310000000001,4110.160000000001,4110.660000000001,16667
2026-07-10T06:30:00+00:00,4110.660000000001,4112.420000000001,4107.240000000001,4107.940000000001,11857
2026-07-10T07:00:00+00:00,4107.940000000001,4111.720000000001,4105.010000000001,4108.680000000001,9917
2026-07-10T07:30:00+00:00,4108.680000000001,4110.700000000001,4100.590000000001,4105.170000000001,10787
2026-07-10T08:00:00+00:00,4105.170000000001,4105.850000000001,4099.270000000001,4100.630000000001,12799
2026-07-10T08:30:00+00:00,4100.630000000001,4101.880000000001,4091.130000000001,4094.120000000001,11267
2026-07-10T09:00:00+00:00,4094.120000000001,4099.850000000001,4090.570000000001,4099.080000000001,10252
2026-07-10T09:30:00+00:00,4099.080000000001,4101.760000000001,4094.5300000000007,4100.6500000000015,7489
2026-07-10T10:00:00+00:00,4100.6500000000015,4109.040000000001,4100.410000000001,4105.680000000001,8816
2026-07-10T10:30:00+00:00,4105.680000000001,4106.740000000001,4100.690000000001,4101.000000000001,7552
2026-07-10T11:00:00+00:00,4101.000000000001,4104.490000000001,4096.210000000001,4096.270000000001,9062
2026-07-10T11:30:00+00:00,4096.270000000001,4104.160000000001,4092.3500000000013,4098.530000000001,11659
2026-07-10T12:00:00+00:00,4098.530000000001,4113.600000000001,4097.220000000001,4102.310000000001,22584
2026-07-10T12:30:00+00:00,4102.310000000001,4103.340000000001,4093.710000000001,4096.880000000001,16838
2026-07-10T13:00:00+00:00,4096.880000000001,4102.940000000001,4081.770000000001,4083.500000000001,22028
2026-07-10T13:30:00+00:00,4083.500000000001,4101.710000000001,4083.1200000000013,4096.180000000001,35667
2026-07-10T14:00:00+00:00,4096.180000000001,4105.270000000001,4093.6600000000008,4103.260000000001,30872
2026-07-10T14:30:00+00:00,4103.260000000001,4104.1500000000015,4068.6400000000012,4089.040000000001,59153
2026-07-10T15:00:00+00:00,4089.040000000001,4104.010000000001,4087.540000000001,4098.510000000001,32527
2026-07-10T15:30:00+00:00,4098.510000000001,4109.660000000001,4097.540000000001,4109.270000000001,24286
2026-07-10T16:00:00+00:00,4109.270000000001,4111.130000000001,4103.510000000001,4110.630000000001,17774
2026-07-10T16:30:00+00:00,4110.630000000001,4111.680000000001,4100.3600000000015,4100.450000000001,13053
2026-07-10T17:00:00+00:00,4100.450000000001,4103.090000000001,4098.3600000000015,4101.530000000001,15890
2026-07-10T17:30:00+00:00,4101.530000000001,4103.1100000000015,4096.565,4096.975,9836.287322862067
2026-07-10T18:00:00+00:00,4096.975,4101.8550000000005,4096.295,4099.185,10653
2026-07-10T18:30:00+00:00,4099.185,4100.005,4094.375,4097.475,8327
2026-07-10T19:00:00+00:00,4097.475,4099.645,4094.075,4098.055,6193
2026-07-10T19:30:00+00:00,4098.055,4105.435,4096.785,4104.3550000000005,8981
2026-07-10T20:00:00+00:00,4104.3550000000005,4111.325,4104.295,4107.585,5095
2026-07-10T20:30:00+00:00,4107.585,4108.815,4106.725,4107.845,1547
2026-07-12T22:00:00+00:00,4107.845,4108.6050000000005,4075.0750000000003,4079.295,15601.829588138386
2026-07-12T22:30:00+00:00,4079.295,4081.485,4064.0350000000003,4071.5350000000003,9391
2026-07-12T23:00:00+00:00,4071.5350000000003,4071.8250000000003,4063.295,4069.875,12772
2026-07-12T23:30:00+00:00,4069.875,4079.885,4066.8650000000002,4079.6850000000004,18128
2026-07-13T00:00:00+00:00,4079.6850000000004,4086.2650000000003,4069.335,4069.7450000000003,31068
2026-07-13T00:30:00+00:00,4069.7450000000003,4072.7250000000004,4056.0350000000003,4069.215,30076
2026-07-13T01:00:00+00:00,4069.215,4077.215,4060.635,4074.925,47930
2026-07-13T01:30:00+00:00,4074.925,4085.005,4062.3450000000003,4067.665,39226
2026-07-13T02:00:00+00:00,4067.665,4070.125,4061.585,4062.4350000000004,30442
2026-07-13T02:30:00+00:00,4062.4350000000004,4072.635,4059.655,4063.5950000000003,24541
2026-07-13T03:00:00+00:00,4063.5950000000003,4064.485,4048.1850000000004,4057.065,23481
2026-07-13T03:30:00+00:00,4057.065,4057.715,4052.2050000000004,4055.6850000000004,12838
2026-07-13T04:00:00+00:00,4055.6850000000004,4055.695,4045.235,4050.5350000000003,15306
2026-07-13T04:30:00+00:00,4050.5350000000003,4054.385,4047.8250000000003,4054.005,9703
2026-07-13T05:00:00+00:00,4054.005,4068.385,4049.9750000000004,4053.3250000000003,20867
2026-07-13T05:30:00+00:00,4053.3250000000003,4060.945,4047.125,4048.715,31202
2026-07-13T06:00:00+00:00,4048.715,4056.585,4038.8250000000003,4056.215,30726
2026-07-13T06:30:00+00:00,4056.215,4058.715,4047.195,4050.6850000000004,20444
2026-07-13T07:00:00+00:00,4050.6850000000004,4056.375,4044.085,4053.965,18463
2026-07-13T07:30:00+00:00,4053.965,4060.3050000000003,4051.2250000000004,4060.0550000000003,15564
2026-07-13T08:00:00+00:00,4060.0550000000003,4075.925,4058.275,4069.2650000000003,26015
2026-07-13T08:30:00+00:00,4069.2650000000003,4073.665,4066.895,4069.735,15429
2026-07-13T09:00:00+00:00,4069.735,4071.875,4066.355,4067.7050000000004,13225
2026-07-13T09:30:00+00:00,4067.7050000000004,4069.125,4063.2450000000003,4063.385,12439
2026-07-13T10:00:00+00:00,4063.385,4065.645,4059.4350000000004,4060.255,10742
2026-07-13T10:30:00+00:00,4060.255,4063.3050000000003,4041.5750000000003,4055.8050000000003,20477
2026-07-13T11:00:00+00:00,4055.8050000000003,4063.145,4052.895,4058.0150000000003,18786
2026-07-13T11:30:00+00:00,4058.0150000000003,4063.5550000000003,4050.0150000000003,4051.565,18368
2026-07-13T12:00:00+00:00,4051.565,4058.835,4048.6850000000004,4054.065,22133
2026-07-13T12:30:00+00:00,4054.065,4062.655,4053.605,4062.4350000000004,19648
2026-07-13T13:00:00+00:00,4062.4350000000004,4062.6850000000004,4053.665,4057.395,31616
2026-07-13T13:30:00+00:00,4057.395,4059.195,4036.635,4038.505,61343
2026-07-13T14:00:00+00:00,4038.505,4042.065,3997.485,4011.9550000000004,77333
2026-07-13T14:30:00+00:00,4011.9550000000004,4012.195,3994.665,4010.335,53293
2026-07-13T15:00:00+00:00,4010.335,4015.5350000000003,4005.875,4011.5950000000003,35195
2026-07-13T15:30:00+00:00,4011.5950000000003,4012.7650000000003,4005.3650000000002,4011.165,28443
2026-07-13T16:00:00+00:00,4011.165,4013.125,3995.3250000000003,3999.025,25748
2026-07-13T16:30:00+00:00,3999.025,4000.0350000000003,3981.565,3988.2850000000003,50960
2026-07-13T17:00:00+00:00,3988.2850000000003,3997.135,3987.1150000000002,3994.1150000000002,29124
2026-07-13T17:30:00+00:00,3994.1150000000002,3996.065,3987.045,3988.3450000000003,26264
2026-07-13T18:00:00+00:00,3988.3450000000003,3991.965,3981.795,3990.3450000000003,34504
2026-07-13T18:30:00+00:00,3990.3450000000003,4000.3050000000003,3989.145,3996.5150000000003,21793
2026-07-13T19:00:00+00:00,3996.5150000000003,3999.565,3992.0750000000003,3993.3450000000003,21410
2026-07-13T19:30:00+00:00,3993.3450000000003,3997.545,3988.605,3997.025,24903
2026-07-13T20:00:00+00:00,3997.025,4001.375,3991.3250000000003,3994.9950000000003,9937
2026-07-13T20:30:00+00:00,3994.9950000000003,3997.715,3992.425,3996.665,8098
2026-07-13T22:00:00+00:00,3996.665,4005.4049999999997,3996.665,4003.815,5447.8735170037035
2026-07-13T22:30:00+00:00,4003.815,4004.9849999999997,3999.975,4000.395,6056
2026-07-13T23:00:00+00:00,4000.395,4002.525,3996.4449999999997,3996.865,6808
2026-07-13T23:30:00+00:00,3996.865,4001.475,3991.725,4000.615,13439
2026-07-14T00:00:00+00:00,4000.615,4004.345,3982.605,3994.575,44003
2026-07-14T00:30:00+00:00,3994.575,4006.805,3993.705,4003.605,36622
2026-07-14T01:00:00+00:00,4003.605,4004.355,3991.4849999999997,3997.335,43063
2026-07-14T01:30:00+00:00,3997.335,4011.6349999999998,3992.245,4009.9649999999997,32417
2026-07-14T02:00:00+00:00,4009.9649999999997,4018.595,4005.375,4017.305,22714
2026-07-14T02:30:00+00:00,4017.305,4018.585,4008.4849999999997,4011.775,19021
2026-07-14T03:00:00+00:00,4011.775,4018.325,4010.555,4017.4849999999997,17293
2026-07-14T03:30:00+00:00,4017.4849999999997,4018.565,4013.295,4016.3849999999998,12095
2026-07-14T04:00:00+00:00,4016.3849999999998,4018.1349999999998,4012.815,4015.125,10020
2026-07-14T04:30:00+00:00,4015.125,4022.865,4015.075,4019.575,10544
2026-07-14T05:00:00+00:00,4019.575,4023.515,4019.055,4022.065,9943
2026-07-14T05:30:00+00:00,4022.065,4033.265,4021.775,4030.685,20188
2026-07-14T06:00:00+00:00,4030.685,4032.575,4021.975,4022.495,16758
2026-07-14T06:30:00+00:00,4022.495,4026.185,4021.075,4023.4649999999997,14719
2026-07-14T07:00:00+00:00,4023.4649999999997,4029.335,4020.205,4025.6749999999997,16522
2026-07-14T07:30:00+00:00,4025.6749999999997,4028.9849999999997,4019.525,4020.115,17145
2026-07-14T08:00:00+00:00,4020.115,4022.625,4013.845,4021.1549999999997,19578
2026-07-14T08:30:00+00:00,4021.1549999999997,4023.335,4015.285,4015.345,13150
2026-07-14T09:00:00+00:00,4015.345,4023.915,4013.265,4015.1549999999997,14249
2026-07-14T09:30:00+00:00,4015.1549999999997,4023.345,4013.185,4021.165,15322
2026-07-14T10:00:00+00:00,4021.165,4021.7149999999997,4015.115,4017.165,11680
2026-07-14T10:30:00+00:00,4017.165,4022.345,4014.555,4021.185,14300
2026-07-14T11:00:00+00:00,4021.185,4027.8849999999998,4014.815,4024.365,19225
2026-07-14T11:30:00+00:00,4024.365,4031.475,4023.845,4030.6349999999998,15631
2026-07-14T12:00:00+00:00,4030.6349999999998,4035.4849999999997,4022.645,4029.2349999999997,21832
2026-07-14T12:30:00+00:00,4029.2349999999997,4103.085,4028.4449999999997,4075.6549999999997,77538
2026-07-14T13:00:00+00:00,4075.6549999999997,4085.805,4070.315,4080.9849999999997,48166
2026-07-14T13:30:00+00:00,4080.9849999999997,4088.045,4073.705,4075.895,61807
2026-07-14T14:00:00+00:00,4075.895,4084.745,4070.125,4076.265,57190
2026-07-14T14:30:00+00:00,4076.265,4089.9649999999997,4072.745,4084.505,49540
2026-07-14T15:00:00+00:00,4084.505,4100.155,4078.1749999999997,4084.415,42434
2026-07-14T15:30:00+00:00,4084.415,4086.265,4063.915,4065.565,38566
2026-07-14T16:00:00+00:00,4065.565,4066.4649999999997,4057.2149999999997,4058.805,26766
2026-07-14T16:30:00+00:00,4058.805,4062.275,4057.095,4060.995,17673
2026-07-14T17:00:00+00:00,4060.995,4064.1549999999997,4053.515,4062.285,19200
2026-07-14T17:30:00+00:00,4062.285,4064.495,4057.725,4062.1749999999997,11990
2026-07-14T18:00:00+00:00,4062.1749999999997,4062.6349999999998,4056.005,4057.855,14602
2026-07-14T18:30:00+00:00,4057.855,4058.975,4042.415,4053.6349999999998,21387
2026-07-14T19:00:00+00:00,4053.6349999999998,4056.915,4050.645,4051.005,13010
2026-07-14T19:30:00+00:00,4051.005,4056.315,4046.9449999999997,4055.1749999999997,17432
2026-07-14T20:00:00+00:00,4055.1749999999997,4055.825,4051.4849999999997,4052.4649999999997,5124
2026-07-14T20:30:00+00:00,4052.4649999999997,4052.9449999999997,4048.255,4051.4849999999997,4915
2026-07-14T22:00:00+00:00,4051.4849999999997,4051.605,4046.6150000000002,4049.545,6220.352699492842
2026-07-14T22:30:00+00:00,4049.545,4050.775,4046.525,4047.065,5116
2026-07-14T23:00:00+00:00,4047.065,4051.805,4044.645,4051.725,5508
2026-07-14T23:30:00+00:00,4051.725,4054.185,4049.3650000000002,4050.985,7927
2026-07-15T00:00:00+00:00,4050.985,4056.435,4048.965,4056.435,19649
2026-07-15T00:30:00+00:00,4056.435,4058.775,4050.155,4057.0750000000003,12646
2026-07-15T01:00:00+00:00,4057.0750000000003,4060.165,4050.685,4052.475,28598
2026-07-15T01:30:00+00:00,4052.475,4052.785,4033.585,4035.225,26903
2026-07-15T02:00:00+00:00,4035.225,4040.145,4027.285,4031.205,19251
2026-07-15T02:30:00+00:00,4031.205,4039.8650000000002,4030.625,4033.185,16000
2026-07-15T03:00:00+00:00,4033.185,4038.485,4028.055,4028.955,15444
2026-07-15T03:30:00+00:00,4028.955,4033.785,4025.925,4029.265,9700
2026-07-15T04:00:00+00:00,4029.265,4033.225,4028.005,4031.635,7334
2026-07-15T04:30:00+00:00,4031.635,4033.135,4026.0750000000003,4031.145,7771
2026-07-15T05:00:00+00:00,4031.145,4034.135,4022.635,4023.015,14352
2026-07-15T05:30:00+00:00,4023.015,4034.655,4019.785,4032.655,19486
2026-07-15T06:00:00+00:00,4032.655,4033.195,4019.295,4024.545,19412
2026-07-15T06:30:00+00:00,4024.545,4031.8650000000002,4020.495,4030.105,17574
2026-07-15T07:00:00+00:00,4030.105,4032.315,4018.145,4021.975,16966
2026-07-15T07:30:00+00:00,4021.975,4025.0950000000003,4017.695,4022.545,14980
2026-07-15T08:00:00+00:00,4022.545,4024.895,4015.335,4024.805,20036
2026-07-15T08:30:00+00:00,4024.805,4031.185,4022.535,4029.165,12876
2026-07-15T09:00:00+00:00,4029.165,4032.295,4024.985,4025.515,12976
2026-07-15T09:30:00+00:00,4025.515,4028.505,4023.505,4028.335,10774
2026-07-15T10:00:00+00:00,4028.335,4033.945,4024.525,4026.885,15695
2026-07-15T10:30:00+00:00,4026.885,4032.155,4024.955,4025.995,12627
2026-07-15T11:00:00+00:00,4025.995,4030.905,4025.6150000000002,4028.775,14171
2026-07-15T11:30:00+00:00,4028.775,4038.255,4027.265,4036.315,13771
2026-07-15T12:00:00+00:00,4036.315,4040.665,4033.895,4037.265,19781
2026-07-15T12:30:00+00:00,4037.265,4069.6150000000002,4036.955,4065.815,38190
2026-07-15T13:00:00+00:00,4065.815,4072.185,4051.995,4053.645,35029
2026-07-15T13:30:00+00:00,4053.645,4064.645,4052.975,4059.725,38065
2026-07-15T14:00:00+00:00,4059.725,4063.905,4053.5750000000003,4056.435,38861
2026-07-15T14:30:00+00:00,4056.435,4062.085,4051.245,4058.5750000000003,37410
2026-07-15T15:00:00+00:00,4058.5750000000003,4061.015,4037.445,4046.905,37736
2026-07-15T15:30:00+00:00,4046.905,4049.005,4042.715,4044.975,25880
2026-07-15T16:00:00+00:00,4044.975,4045.955,4030.955,4032.675,30440
2026-07-15T16:30:00+00:00,4032.675,4036.055,4024.775,4031.715,35124
2026-07-15T17:00:00+00:00,4031.715,4046.225,4030.985,4045.375,23061
2026-07-15T17:30:00+00:00,4045.375,4064.245,4044.945,4060.295,28393
2026-07-15T18:00:00+00:00,4060.295,4073.285,4059.805,4072.035,23704.551994369733
2026-07-15T18:30:00+00:00,4072.035,4079.3849999999998,4055.785,4057.1249999999995,22655
2026-07-15T19:00:00+00:00,4057.1249999999995,4060.8949999999995,4050.7349999999997,4053.9349999999995,18051
2026-07-15T19:30:00+00:00,4053.9349999999995,4055.4249999999997,4045.725,4054.9449999999997,23156
2026-07-15T20:00:00+00:00,4054.9449999999997,4060.095,4053.1649999999995,4059.2749999999996,6344
2026-07-15T20:30:00+00:00,4059.2749999999996,4061.0049999999997,4057.2749999999996,4057.765,4328
2026-07-15T22:00:00+00:00,4057.765,4064.8649999999993,4057.4649999999997,4061.7549999999997,5958.337213504309
2026-07-15T22:30:00+00:00,4061.7549999999997,4061.8749999999995,4057.6949999999997,4059.1649999999995,4878
2026-07-15T23:00:00+00:00,4059.1649999999995,4061.6849999999995,4056.5349999999994,4057.2549999999997,5220
2026-07-15T23:30:00+00:00,4057.2549999999997,4060.6449999999995,4055.0549999999994,4057.5749999999994,7905
2026-07-16T00:00:00+00:00,4057.5749999999994,4060.0749999999994,4054.524999999999,4058.104999999999,16237
2026-07-16T00:30:00+00:00,4058.104999999999,4060.8249999999994,4043.4649999999992,4044.254999999999,17123
2026-07-16T01:00:00+00:00,4044.254999999999,4050.254999999999,4033.704999999999,4036.774999999999,35694
2026-07-16T01:30:00+00:00,4036.774999999999,4045.724999999999,4036.374999999999,4038.774999999999,22340
2026-07-16T02:00:00+00:00,4038.774999999999,4039.854999999999,4028.454999999999,4034.394999999999,17466
2026-07-16T02:30:00+00:00,4034.394999999999,4035.4049999999993,4023.934999999999,4031.124999999999,20292
2026-07-16T03:00:00+00:00,4031.124999999999,4033.774999999999,4027.474999999999,4033.6549999999993,16082
2026-07-16T03:30:00+00:00,4033.6549999999993,4036.6349999999993,4032.3049999999994,4035.974999999999,9646
2026-07-16T04:00:00+00:00,4035.974999999999,4037.6949999999993,4031.584999999999,4033.7649999999994,7679
2026-07-16T04:30:00+00:00,4033.7649999999994,4035.144999999999,4031.524999999999,4032.7649999999994,5653
2026-07-16T05:00:00+00:00,4032.7649999999994,4033.604999999999,4026.474999999999,4027.334999999999,10835
2026-07-16T05:30:00+00:00,4027.334999999999,4032.7149999999992,4025.0349999999994,4027.024999999999,27696
2026-07-16T06:00:00+00:00,4027.024999999999,4036.1149999999993,4026.644999999999,4030.084999999999,22756
2026-07-16T06:30:00+00:00,4030.084999999999,4031.124999999999,4022.664999999999,4030.234999999999,20492
2026-07-16T07:00:00+00:00,4030.234999999999,4030.254999999999,4023.4049999999993,4024.234999999999,15454
2026-07-16T07:30:00+00:00,4024.234999999999,4031.434999999999,4022.6749999999993,4030.314999999999,16237
2026-07-16T08:00:00+00:00,4030.314999999999,4033.754999999999,4025.0549999999994,4031.934999999999,17837
2026-07-16T08:30:00+00:00,4031.934999999999,4036.294999999999,4031.7149999999992,4034.9049999999993,13126
2026-07-16T09:00:00+00:00,4034.9049999999993,4037.254999999999,4030.5549999999994,4032.7849999999994,10579
2026-07-16T09:30:00+00:00,4032.7849999999994,4036.024999999999,4029.9949999999994,4031.2649999999994,11832
2026-07-16T10:00:00+00:00,4031.2649999999994,4034.564999999999,4029.204999999999,4033.024999999999,9839
2026-07-16T10:30:00+00:00,4033.024999999999,4034.204999999999,4028.394999999999,4029.3049999999994,10962
2026-07-16T11:00:00+00:00,4029.3049999999994,4029.8249999999994,4020.9049999999993,4024.0149999999994,15260
2026-07-16T11:30:00+00:00,4024.0149999999994,4042.224999999999,4023.294999999999,4038.0549999999994,27291
2026-07-16T12:00:00+00:00,4038.0549999999994,4043.0349999999994,4012.354999999999,4024.474999999999,34613
2026-07-16T12:30:00+00:00,4024.474999999999,4029.1749999999993,3990.0149999999994,3991.814999999999,49293
2026-07-16T13:00:00+00:00,3991.814999999999,4005.894999999999,3973.224999999999,4005.254999999999,48411
2026-07-16T13:30:00+00:00,4005.254999999999,4007.9949999999994,3981.394999999999,3989.544999999999,60168
2026-07-16T14:00:00+00:00,3989.544999999999,4000.254999999999,3986.7149999999992,3998.9249999999993,53885
2026-07-16T14:30:00+00:00,3998.9249999999993,4006.2849999999994,3992.1349999999993,3997.5749999999994,39167
2026-07-16T15:00:00+00:00,3997.5749999999994,4016.6149999999993,3988.984999999999,4011.0949999999993,38602
2026-07-16T15:30:00+00:00,4011.0949999999993,4015.8649999999993,4005.204999999999,4006.664999999999,30229
2026-07-16T16:00:00+00:00,4006.664999999999,4007.3049999999994,3982.164999999999,3987.1949999999993,41281
2026-07-16T16:30:00+00:00,3987.1949999999993,3996.5949999999993,3986.604999999999,3991.664999999999,25857
2026-07-16T17:00:00+00:00,3991.664999999999,3992.544999999999,3982.504999999999,3987.1949999999993,26506
2026-07-16T17:30:00+00:00,3987.1949999999993,3988.4249999999993,3979.874999999999,3984.104999999999,27483
2026-07-16T18:00:00+00:00,3984.104999999999,3990.0949999999993,3983.274999999999,3985.954999999999,27097
2026-07-16T18:30:00+00:00,3985.954999999999,3985.954999999999,3976.234999999999,3980.044999999999,25638
2026-07-16T19:00:00+00:00,3980.044999999999,3985.644999999999,3978.184999999999,3978.454999999999,21369
2026-07-16T19:30:00+00:00,3978.454999999999,3982.1549999999993,3968.8449999999993,3979.6549999999993,30892
2026-07-16T20:00:00+00:00,3979.6549999999993,3979.754999999999,3971.5949999999993,3974.5549999999994,6940
2026-07-16T20:30:00+00:00,3974.5549999999994,3976.434999999999,3973.184999999999,3975.504999999999,6302
2026-07-16T22:00:00+00:00,3975.504999999999,3981.934999999999,3975.504999999999,3978.164999999999,6638.587006132448
2026-07-16T22:30:00+00:00,3978.164999999999,3980.074999999999,3974.684999999999,3979.934999999999,4658
2026-07-16T23:00:00+00:00,3979.934999999999,3982.184999999999,3977.054999999999,3979.894999999999,6037
2026-07-16T23:30:00+00:00,3979.894999999999,3987.974999999999,3977.014999999999,3987.4449999999993,12633
2026-07-17T00:00:00+00:00,3987.4449999999993,3992.484999999999,3984.6149999999993,3986.484999999999,28296
2026-07-17T00:30:00+00:00,3986.484999999999,3993.504999999999,3982.124999999999,3993.254999999999,20740
2026-07-17T01:00:00+00:00,3993.254999999999,3997.6349999999993,3988.894999999999,3992.6349999999993,39835
2026-07-17T01:30:00+00:00,3992.6349999999993,3996.994999999999,3980.6549999999993,3984.664999999999,31834
2026-07-17T02:00:00+00:00,3984.664999999999,3988.9249999999993,3981.3849999999993,3984.6549999999993,20374
2026-07-17T02:30:00+00:00,3984.6549999999993,3985.754999999999,3972.204999999999,3980.824999999999,29438
2026-07-17T03:00:00+00:00,3980.824999999999,4010.104999999999,3980.414999999999,4002.734999999999,32366
2026-07-17T03:30:00+00:00,4002.734999999999,4003.164999999999,3992.1349999999993,3993.044999999999,14275
2026-07-17T04:00:00+00:00,3993.044999999999,3993.224999999999,3986.734999999999,3987.804999999999,13214
2026-07-17T04:30:00+00:00,3987.804999999999,3989.604999999999,3981.754999999999,3983.3849999999993,14325
2026-07-17T05:00:00+00:00,3983.3849999999993,3984.3849999999993,3976.874999999999,3981.3449999999993,17203
2026-07-17T05:30:00+00:00,3981.3449999999993,3992.9249999999993,3979.9449999999993,3986.664999999999,34545
2026-07-17T06:00:00+00:00,3986.664999999999,4007.334999999999,3986.664999999999,4005.234999999999,32654
2026-07-17T06:30:00+00:00,4005.234999999999,4008.584999999999,3997.2149999999992,4000.8649999999993,24088
2026-07-17T07:00:00+00:00,4000.8649999999993,4003.914999999999,3994.9049999999993,3997.8849999999993,23191
2026-07-17T07:30:00+00:00,3997.8849999999993,4000.1549999999993,3994.224999999999,3994.3449999999993,17842
2026-07-17T08:00:00+00:00,3994.3449999999993,4001.334999999999,3989.684999999999,3994.004999999999,29604
2026-07-17T08:30:00+00:00,3994.004999999999,4000.954999999999,3989.504999999999,3995.684999999999,18830
2026-07-17T09:00:00+00:00,3995.684999999999,4004.014999999999,3994.294999999999,4000.6149999999993,20579
2026-07-17T09:30:00+00:00,4000.6149999999993,4001.254999999999,3996.1749999999993,3999.574999999999,14493
2026-07-17T10:00:00+00:00,3999.574999999999,4000.724999999999,3995.874999999999,3997.704999999999,16041
2026-07-17T10:30:00+00:00,3997.704999999999,3999.1349999999993,3992.084999999999,3992.4449999999993,11610
2026-07-17T11:00:00+00:00,3992.4449999999993,3997.434999999999,3991.494999999999,3997.2149999999992,17452
2026-07-17T11:30:00+00:00,3997.2149999999992,4000.4049999999993,3992.9049999999993,3995.544999999999,15695
2026-07-17T12:00:00+00:00,3995.544999999999,3997.1749999999993,3985.824999999999,3988.604999999999,21086
2026-07-17T12:30:00+00:00,3988.604999999999,3989.894999999999,3965.6149999999993,3967.544999999999,32187
2026-07-17T13:00:00+00:00,3967.544999999999,3977.284999999999,3961.1149999999993,3969.854999999999,48515
2026-07-17T13:30:00+00:00,3969.854999999999,4004.7149999999992,3965.394999999999,3998.374999999999,82069
2026-07-17T14:00:00+00:00,3998.374999999999,4006.004999999999,3991.814999999999,4000.1149999999993,62235
2026-07-17T14:30:00+00:00,4000.1149999999993,4002.974999999999,3993.6549999999993,4002.724999999999,42931
2026-07-17T15:00:00+00:00,4002.724999999999,4015.584999999999,3999.274999999999,4014.9649999999992,46338
2026-07-17T15:30:00+00:00,4014.9649999999992,4022.754999999999,4010.824999999999,4020.744999999999,35524
2026-07-17T16:00:00+00:00,4020.744999999999,4025.264999999999,4012.494999999999,4020.164999999999,34666
2026-07-17T16:30:00+00:00,4020.164999999999,4022.1949999999993,4014.204999999999,4016.554999999999,20091
2026-07-17T17:00:00+00:00,4016.554999999999,4020.6349999999993,4013.934999999999,4015.414999999999,17783
2026-07-17T17:30:00+00:00,4015.414999999999,4016.054999999999,4009.9649999999992,4011.524999999999,16518
2026-07-17T18:00:00+00:00,4011.524999999999,4017.6149999999993,4009.264999999999,4016.8649999999993,20787
2026-07-17T18:30:00+00:00,4016.8649999999993,4017.584999999999,4008.1149999999993,4012.734999999999,14107
2026-07-17T19:00:00+00:00,4012.734999999999,4013.074999999999,4003.874999999999,4006.804999999999,15539
2026-07-17T19:30:00+00:00,4006.804999999999,4018.144999999999,4006.484999999999,4016.914999999999,20816
2026-07-17T20:00:00+00:00,4016.914999999999,4017.314999999999,4010.074999999999,4012.224999999999,6906
2026-07-17T20:30:00+00:00,4012.224999999999,4015.084999999999,4010.044999999999,4014.8849999999993,3124
2026-07-19T22:00:00+00:00,4014.8849999999993,4020.484999999999,4007.454999999999,4007.744999999999,12171.325676396431
2026-07-19T22:30:00+00:00,4007.744999999999,4012.314999999999,4006.164999999999,4007.6949999999993,8446
2026-07-19T23:00:00+00:00,4007.6949999999993,4008.364999999999,4003.1949999999993,4006.084999999999,8251
2026-07-19T23:30:00+00:00,4006.084999999999,4009.354999999999,4002.394999999999,4008.454999999999,14524
2026-07-20T00:00:00+00:00,4008.454999999999,4018.594999999999,3995.564999999999,4017.164999999999,31858
2026-07-20T00:30:00+00:00,4017.164999999999,4023.414999999999,4011.4449999999993,4021.584999999999,24433
2026-07-20T01:00:00+00:00,4021.584999999999,4033.524999999999,4012.774999999999,4016.094999999999,45350
2026-07-20T01:30:00+00:00,4016.094999999999,4018.834999999999,4008.734999999999,4015.2149999999992,30103
2026-07-20T02:00:00+00:00,4015.2149999999992,4022.894999999999,4014.364999999999,4020.004999999999,24467
2026-07-20T02:30:00+00:00,4020.004999999999,4041.9649999999992,4019.254999999999,4034.834999999999,28147
2026-07-20T03:00:00+00:00,4034.834999999999,4039.894999999999,4031.684999999999,4035.2149999999992,23498
2026-07-20T03:30:00+00:00,4035.2149999999992,4040.9649999999992,4031.684999999999,4037.254999999999,12948
2026-07-20T04:00:00+00:00,4037.254999999999,4039.824999999999,4034.4249999999993,4038.504999999999,9316
2026-07-20T04:30:00+00:00,4038.504999999999,4038.504999999999,4031.474999999999,4031.844999999999,10015
2026-07-20T05:00:00+00:00,4031.844999999999,4034.264999999999,4023.034999999999,4024.144999999999,12296
2026-07-20T05:30:00+00:00,4024.144999999999,4027.684999999999,4018.4049999999993,4021.9049999999993,24558
2026-07-20T06:00:00+00:00,4021.9049999999993,4024.804999999999,4017.124999999999,4018.004999999999,20695
2026-07-20T06:30:00+00:00,4018.004999999999,4020.744999999999,4016.034999999999,4016.974999999999,16361
2026-07-20T07:00:00+00:00,4016.974999999999,4021.804999999999,4015.104999999999,4019.864999999999,16605
2026-07-20T07:30:00+00:00,4019.864999999999,4034.844999999999,4019.684999999999,4030.344999999999,22127
2026-07-20T08:00:00+00:00,4030.344999999999,4043.564999999999,4030.344999999999,4035.034999999999,17462
2026-07-20T08:30:00+00:00,4035.034999999999,4037.984999999999,4030.9049999999993,4032.034999999999,14411
2026-07-20T09:00:00+00:00,4032.034999999999,4035.274999999999,4028.354999999999,4029.474999999999,11770
2026-07-20T09:30:00+00:00,4029.474999999999,4036.354999999999,4027.844999999999,4034.374999999999,13804
2026-07-20T10:00:00+00:00,4034.374999999999,4036.484999999999,4031.294999999999,4035.034999999999,11457
2026-07-20T10:30:00+00:00,4035.034999999999,4038.624999999999,4034.044999999999,4037.334999999999,10994
2026-07-20T11:00:00+00:00,4037.334999999999,4040.354999999999,4032.984999999999,4035.354999999999,14614
2026-07-20T11:30:00+00:00,4035.354999999999,4053.834999999999,4034.6549999999993,4038.384999999999,42366
2026-07-20T12:00:00+00:00,4038.384999999999,4038.384999999999,4019.894999999999,4026.124999999999,39226
2026-07-20T12:30:00+00:00,4026.124999999999,4028.634999999999,4019.584999999999,4021.274999999999,24678
2026-07-20T13:00:00+00:00,4021.274999999999,4026.984999999999,4020.034999999999,4021.734999999999,26780
2026-07-20T13:30:00+00:00,4021.734999999999,4030.474999999999,4018.804999999999,4018.804999999999,40908
2026-07-20T14:00:00+00:00,4018.804999999999,4020.9049999999993,4011.294999999999,4019.6949999999993,36051
2026-07-20T14:30:00+00:00,4019.6949999999993,4026.544999999999,4018.184999999999,4019.294999999999,28350
2026-07-20T15:00:00+00:00,4019.294999999999,4032.524999999999,4017.604999999999,4029.474999999999,33786
2026-07-20T15:30:00+00:00,4029.474999999999,4029.764999999999,4023.334999999999,4024.884999999999,19630
2026-07-20T16:00:00+00:00,4024.884999999999,4031.524999999999,4023.834999999999,4025.614999999999,15591
2026-07-20T16:30:00+00:00,4025.614999999999,4025.784999999999,4014.4449999999993,4022.854999999999,21760
2026-07-20T17:00:00+00:00,4022.854999999999,4026.034999999999,4021.9449999999993,4025.1749999999993,13156
2026-07-20T17:30:00+00:00,4025.1749999999993,4026.004999999999,4016.934999999999,4018.284999999999,13492
2026-07-20T18:00:00+00:00,4018.284999999999,4024.9649999999992,4016.4649999999992,4019.984999999999,16220
2026-07-20T18:30:00+00:00,4019.984999999999,4021.9049999999993,4017.624999999999,4020.314999999999,14587
2026-07-20T19:00:00+00:00,4020.314999999999,4026.1749999999993,4017.494999999999,4026.1749999999993,13172
2026-07-20T19:30:00+00:00,4026.1749999999993,4031.024999999999,4018.344999999999,4019.9449999999993,20008
2026-07-20T20:00:00+00:00,4019.9449999999993,4022.4449999999993,4018.914999999999,4021.4649999999992,6189
2026-07-20T20:30:00+00:00,4021.4649999999992,4022.484999999999,4020.124999999999,4020.794999999999,3835
2026-07-20T22:00:00+00:00,4020.794999999999,4023.8449999999993,4018.2149999999992,4023.064999999999,5903.366863703147
2026-07-20T22:30:00+00:00,4023.064999999999,4023.064999999999,4012.6549999999993,4013.534999999999,9611
2026-07-20T23:00:00+00:00,4013.534999999999,4022.984999999999,4013.204999999999,4016.6149999999993,9613
2026-07-20T23:30:00+00:00,4016.6149999999993,4023.4249999999993,4016.334999999999,4022.8849999999993,9857
2026-07-21T00:00:00+00:00,4022.8849999999993,4031.784999999999,4016.734999999999,4028.024999999999,31037
2026-07-21T00:30:00+00:00,4028.024999999999,4040.184999999999,4027.0749999999994,4038.434999999999,16856
2026-07-21T01:00:00+00:00,4038.434999999999,4048.724999999999,4031.814999999999,4041.2149999999992,29756
2026-07-21T01:30:00+00:00,4041.2149999999992,4043.8849999999993,4034.434999999999,4036.1949999999993,20598
2026-07-21T02:00:00+00:00,4036.1949999999993,4043.054999999999,4034.934999999999,4041.6949999999993,14370
2026-07-21T02:30:00+00:00,4041.6949999999993,4056.9449999999993,4040.774999999999,4051.034999999999,20856
2026-07-21T03:00:00+00:00,4051.034999999999,4064.5749999999994,4049.794999999999,4060.624999999999,17747
2026-07-21T03:30:00+00:00,4060.624999999999,4062.6949999999993,4054.804999999999,4059.974999999999,10725
2026-07-21T04:00:00+00:00,4059.974999999999,4064.744999999999,4056.644999999999,4057.544999999999,9156
2026-07-21T04:30:00+00:00,4057.544999999999,4062.6149999999993,4057.3849999999993,4062.6149999999993,6356
2026-07-21T05:00:00+00:00,4062.6149999999993,4069.5949999999993,4059.3449999999993,4067.624999999999,10524
2026-07-21T05:30:00+00:00,4067.624999999999,4080.974999999999,4067.624999999999,4074.6149999999993,19514
2026-07-21T06:00:00+00:00,4074.6149999999993,4087.4649999999992,4074.6149999999993,4085.4049999999993,18200
2026-07-21T06:30:00+00:00,4085.4049999999993,4097.264999999999,4084.874999999999,4091.504999999999,16674
2026-07-21T07:00:00+00:00,4091.504999999999,4093.224999999999,4081.144999999999,4082.584999999999,11847
2026-07-21T07:30:00+00:00,4082.584999999999,4088.4649999999992,4080.604999999999,4084.4049999999993,10878
2026-07-21T08:00:00+00:00,4084.4049999999993,4085.604999999999,4076.014999999999,4076.644999999999,14749
2026-07-21T08:30:00+00:00,4076.644999999999,4078.1949999999993,4072.144999999999,4075.834999999999,10891
2026-07-21T09:00:00+00:00,4075.834999999999,4081.554999999999,4075.6349999999993,4075.794999999999,9685
2026-07-21T09:30:00+00:00,4075.794999999999,4082.534999999999,4074.164999999999,4078.834999999999,9952
2026-07-21T10:00:00+00:00,4078.834999999999,4082.4049999999993,4073.874999999999,4079.6749999999993,16001
2026-07-21T10:30:00+00:00,4079.6749999999993,4083.084999999999,4075.514999999999,4075.974999999999,10114
2026-07-21T11:00:00+00:00,4075.974999999999,4076.6149999999993,4068.4249999999993,4070.954999999999,13937
2026-07-21T11:30:00+00:00,4070.954999999999,4074.024999999999,4067.454999999999,4069.0949999999993,10160
2026-07-21T12:00:00+00:00,4069.0949999999993,4078.624999999999,4068.794999999999,4074.454999999999,16333
2026-07-21T12:30:00+00:00,4074.454999999999,4076.774999999999,4064.104999999999,4067.124999999999,25743
2026-07-21T13:00:00+00:00,4067.124999999999,4074.774999999999,4063.004999999999,4063.9249999999993,37242
2026-07-21T13:30:00+00:00,4063.9249999999993,4070.474999999999,4057.554999999999,4066.084999999999,42044
2026-07-21T14:00:00+00:00,4066.084999999999,4082.4649999999992,4064.8249999999994,4082.4649999999992,39626
2026-07-21T14:30:00+00:00,4082.4649999999992,4086.724999999999,4075.3449999999993,4081.454999999999,30764
2026-07-21T15:00:00+00:00,4081.454999999999,4092.0749999999994,4078.684999999999,4089.834999999999,27843
2026-07-21T15:30:00+00:00,4089.834999999999,4096.384999999999,4085.294999999999,4087.0749999999994,19984
2026-07-21T16:00:00+00:00,4087.0749999999994,4092.144999999999,4086.564999999999,4088.624999999999,14145
2026-07-21T16:30:00+00:00,4088.624999999999,4089.414999999999,4082.9049999999993,4084.5749999999994,12742
2026-07-21T17:00:00+00:00,4084.5749999999994,4085.934999999999,4082.034999999999,4085.1549999999993,12830
2026-07-21T17:30:00+00:00,4085.1549999999993,4085.3249999999994,4079.664999999999,4081.764999999999,7467
2026-07-21T18:00:00+00:00,4081.764999999999,4099.615,4080.784999999999,4096.855,14770
2026-07-21T18:30:00+00:00,4096.855,4098.724999999999,4092.374999999999,4095.374999999999,10472
2026-07-21T19:00:00+00:00,4095.374999999999,4098.714999999999,4093.1549999999997,4097.145,12189
2026-07-21T19:30:00+00:00,4097.145,4098.505000000001,4095.055,4097.625,14013
2026-07-21T20:00:00+00:00,4097.625,4099.345,4094.505000000001,4095.8750000000005,3827
2026-07-21T20:30:00+00:00,4095.8750000000005,4098.295,4089.3950000000013,4090.4950000000013,4623
2026-07-21T22:00:00+00:00,4090.4950000000013,4093.945000000001,4086.7450000000013,4093.7250000000013,5815.540042087652
2026-07-21T22:30:00+00:00,4093.7250000000013,4096.035000000002,4089.1650000000013,4091.425000000001,6204
2026-07-21T23:00:00+00:00,4091.425000000001,4093.4150000000013,4090.3350000000014,4092.1250000000014,3619
2026-07-21T23:30:00+00:00,4092.1250000000014,4093.9750000000013,4090.195000000001,4091.8950000000013,4813
2026-07-22T00:00:00+00:00,4091.8950000000013,4109.775000000002,4087.805000000001,4109.045000000002,27702
2026-07-22T00:30:00+00:00,4109.045000000002,4113.245000000002,4100.725000000002,4108.485000000001,22844
2026-07-22T01:00:00+00:00,4108.485000000001,4132.555,4107.475,4126.445000000001,41979
2026-07-22T01:30:00+00:00,4126.445000000001,4134.595,4123.865000000001,4133.275000000001,28335
2026-07-22T02:00:00+00:00,4133.275000000001,4137.015,4129.985000000001,4135.075000000001,18685
2026-07-22T02:30:00+00:00,4135.075000000001,4141.905000000001,4133.125,4141.475,24657
2026-07-22T03:00:00+00:00,4141.475,4152.655000000001,4140.285000000001,4149.275000000001,20274
2026-07-22T03:30:00+00:00,4149.275000000001,4149.335,4141.085,4141.8150000000005,12317
2026-07-22T04:00:00+00:00,4141.8150000000005,4142.205,4137.255,4139.655000000001,9311
2026-07-22T04:30:00+00:00,4139.655000000001,4140.045,4135.755,4137.985000000001,8313
2026-07-22T05:00:00+00:00,4137.985000000001,4140.895,4134.225,4134.685,11211
2026-07-22T05:30:00+00:00,4134.685,4144.995,4133.965,4142.115000000001,22892
2026-07-22T06:00:00+00:00,4142.115000000001,4146.155000000001,4125.005,4128.475,21659
2026-07-22T06:30:00+00:00,4128.475,4131.675,4124.3550000000005,4127.385,21328
2026-07-22T07:00:00+00:00,4127.385,4133.495,4122.905000000001,4130.675,15985
2026-07-22T07:30:00+00:00,4130.675,4133.905000000001,4120.265,4121.615000000001,17945
2026-07-22T08:00:00+00:00,4121.615000000001,4128.715,4121.585,4128.435,17992
2026-07-22T08:30:00+00:00,4128.435,4131.0650000000005,4124.3150000000005,4129.285000000001,15709
2026-07-22T09:00:00+00:00,4129.285000000001,4133.385,4128.725,4129.665,13402
2026-07-22T09:30:00+00:00,4129.665,4132.745,4124.215,4125.985000000001,13675
2026-07-22T10:00:00+00:00,4125.985000000001,4132.825000000001,4125.825000000001,4130.345,13372
2026-07-22T10:30:00+00:00,4130.345,4131.215,4126.8150000000005,4128.585,9255
2026-07-22T11:00:00+00:00,4128.585,4134.025000000001,4126.175,4129.645,10709
2026-07-22T11:30:00+00:00,4129.645,4133.985000000001,4123.695000000001,4133.535000000001,17101
2026-07-22T12:00:00+00:00,4133.535000000001,4144.0650000000005,4132.895,4143.6050000000005,20680
2026-07-22T12:30:00+00:00,4143.6050000000005,4145.345,4117.575000000001,4123.885,27868
2026-07-22T13:00:00+00:00,4123.885,4145.975,4123.775000000001,4142.655000000001,28498
2026-07-22T13:30:00+00:00,4142.655000000001,4166.765,4142.655000000001,4165.585,50290
2026-07-22T14:00:00+00:00,4165.585,4174.305,4155.555,4157.185,44780
2026-07-22T14:30:00+00:00,4157.185,4163.895,4154.935,4159.455,32032
2026-07-22T15:00:00+00:00,4159.455,4172.245,4159.455,4168.0650000000005,21089
2026-07-22T15:30:00+00:00,4168.0650000000005,4176.985000000001,4166.505,4170.215,21759
2026-07-22T16:00:00+00:00,4170.215,4170.305,4158.785000000001,4160.215,16559
2026-07-22T16:30:00+00:00,4160.215,4162.365000000001,4155.485000000001,4157.725,16348
2026-07-22T17:00:00+00:00,4157.725,4158.795,4153.635,4157.125,15389
2026-07-22T17:30:00+00:00,4157.125,4158.5650000000005,4149.395,4153.255,12849
2026-07-22T18:00:00+00:00,4153.255,4153.725,4145.705,4146.185,22044
2026-07-22T18:30:00+00:00,4146.185,4149.935,4143.015,4147.025000000001,17440
2026-07-22T19:00:00+00:00,4147.025000000001,4148.185,4142.745,4145.435,12203
2026-07-22T19:30:00+00:00,4145.435,4147.255,4139.905000000001,4142.845,15954
2026-07-22T20:00:00+00:00,4142.845,4148.8550000000005,4141.445000000001,4147.495,13354
2026-07-22T20:30:00+00:00,4147.495,4148.645,4139.235000000001,4140.8550000000005,9586
2026-07-22T22:00:00+00:00,4140.8550000000005,4153.805000000001,4119.535000000001,4134.805,14309.402919787852
2026-07-22T22:30:00+00:00,4134.805,4135.725,4125.885,4127.475,12533
2026-07-22T23:00:00+00:00,4127.475,4130.405000000001,4122.395,4125.825000000001,11987
2026-07-22T23:30:00+00:00,4125.825000000001,4140.015,4124.915000000001,4139.385,12394
2026-07-23T00:00:00+00:00,4139.385,4140.655000000001,4132.015,4135.805,18502
2026-07-23T00:30:00+00:00,4135.805,4139.155000000001,4131.095,4138.095,14294
2026-07-23T01:00:00+00:00,4138.095,4146.925,4135.915000000001,4143.365000000001,33930
2026-07-23T01:30:00+00:00,4143.365000000001,4145.285000000001,4120.215000000001,4123.785000000001,35732
2026-07-23T02:00:00+00:00,4123.785000000001,4124.735000000001,4117.965000000001,4122.075000000001,22753
2026-07-23T02:30:00+00:00,4122.075000000001,4134.715000000001,4119.5650000000005,4134.045000000001,23205
2026-07-23T03:00:00+00:00,4134.045000000001,4138.935,4130.0650000000005,4136.535000000001,18694
2026-07-23T03:30:00+00:00,4136.535000000001,4136.975,4130.075000000001,4130.635,10055
2026-07-23T04:00:00+00:00,4130.635,4135.655000000001,4128.415000000001,4135.615000000001,10386
2026-07-23T04:30:00+00:00,4135.615000000001,4136.215000000001,4125.905000000001,4127.095,10205
2026-07-23T05:00:00+00:00,4127.095,4131.325000000001,4125.235000000001,4131.325000000001,12446
2026-07-23T05:30:00+00:00,4131.325000000001,4136.485000000001,4126.625000000001,4130.045000000001,22314
2026-07-23T06:00:00+00:00,4130.045000000001,4134.135,4127.085000000001,4128.035000000001,20421
2026-07-23T06:30:00+00:00,4128.035000000001,4129.745000000001,4122.805,4124.405000000001,17834
2026-07-23T07:00:00+00:00,4124.405000000001,4125.375000000001,4107.875000000001,4114.335000000001,24207
2026-07-23T07:30:00+00:00,4114.335000000001,4114.665000000001,4096.125000000001,4101.374999999999,22759
2026-07-23T08:00:00+00:00,4101.374999999999,4103.624999999998,4094.4449999999983,4097.784999999998,19109
2026-07-23T08:30:00+00:00,4097.784999999998,4100.794999999996,4092.894999999997,4099.174999999997,15050
2026-07-23T09:00:00+00:00,4099.174999999997,4105.344999999997,4095.294999999998,4097.374999999998,15649
2026-07-23T09:30:00+00:00,4097.374999999998,4100.164999999997,4094.294999999998,4095.864999999998,13307
2026-07-23T10:00:00+00:00,4095.864999999998,4098.394999999999,4091.9249999999984,4095.7249999999985,13759
2026-07-23T10:30:00+00:00,4095.7249999999985,4101.144999999999,4092.474999999999,4099.064999999999,14582
2026-07-23T11:00:00+00:00,4099.064999999999,4099.8049999999985,4087.014999999999,4090.264999999999,17693
2026-07-23T11:30:00+00:00,4090.264999999999,4094.694999999999,4079.0249999999987,4091.574999999999,22076
2026-07-23T12:00:00+00:00,4091.574999999999,4091.8749999999986,4076.224999999999,4080.614999999999,22853
2026-07-23T12:30:00+00:00,4080.614999999999,4080.9849999999988,4066.9849999999988,4067.704999999999,34924
2026-07-23T13:00:00+00:00,4067.704999999999,4069.4349999999986,4046.444999999999,4064.804999999999,55968
2026-07-23T13:30:00+00:00,4064.804999999999,4073.304999999999,4048.764999999999,4049.114999999999,54503
2026-07-23T14:00:00+00:00,4049.114999999999,4062.864999999999,4046.0049999999987,4062.3749999999986,53746
2026-07-23T14:30:00+00:00,4062.3749999999986,4067.614999999999,4057.694999999999,4063.844999999999,37301
2026-07-23T15:00:00+00:00,4063.844999999999,4065.344999999999,4051.464999999999,4052.7549999999987,37534
2026-07-23T15:30:00+00:00,4052.7549999999987,4059.194999999999,4048.2549999999987,4054.674999999999,32915
2026-07-23T16:00:00+00:00,4054.674999999999,4057.554999999999,4051.714999999999,4055.9849999999988,18354
2026-07-23T16:30:00+00:00,4055.9849999999988,4057.694999999999,4052.944999999999,4057.4349999999986,16010
2026-07-23T17:00:00+00:00,4057.4349999999986,4060.4149999999986,4052.094999999999,4053.194999999999,21974
2026-07-23T17:30:00+00:00,4053.194999999999,4055.1049999999987,4047.424999999999,4047.614999999999,18077
2026-07-23T18:00:00+00:00,4047.614999999999,4051.074999999999,4046.5849999999987,4050.424999999999,23023
2026-07-23T18:30:00+00:00,4050.424999999999,4054.324999999999,4050.3349999999987,4051.9149999999986,12679
2026-07-23T19:00:00+00:00,4051.9149999999986,4055.114999999999,4048.974999999999,4054.224999999999,12395
2026-07-23T19:30:00+00:00,4054.224999999999,4057.0449999999987,4050.844999999999,4055.7349999999988,18942
2026-07-23T20:00:00+00:00,4055.7349999999988,4057.224999999999,4053.4149999999986,4056.154999999999,6332
2026-07-23T20:30:00+00:00,4056.154999999999,4056.474999999999,4053.2349999999988,4054.804999999999,4063
2026-07-23T22:00:00+00:00,4054.804999999999,4056.574999999999,4054.334999999999,4056.154999999999,3701.814240292899
2026-07-23T22:30:00+00:00,4056.154999999999,4056.624999999999,4054.584999999999,4055.6949999999993,3079
2026-07-23T23:00:00+00:00,4055.6949999999993,4056.004999999999,4053.364999999999,4055.314999999999,3530
2026-07-23T23:30:00+00:00,4055.314999999999,4056.624999999999,4052.774999999999,4053.204999999999,6876
2026-07-24T00:00:00+00:00,4053.204999999999,4056.164999999999,4047.414999999999,4052.834999999999,18138
2026-07-24T00:30:00+00:00,4052.834999999999,4056.734999999999,4051.014999999999,4055.894999999999,12713
2026-07-24T01:00:00+00:00,4055.894999999999,4056.244999999999,4046.484999999999,4048.894999999999,24764
2026-07-24T01:30:00+00:00,4048.894999999999,4056.604999999999,4047.604999999999,4049.7149999999992,17684
2026-07-24T02:00:00+00:00,4049.7149999999992,4054.254999999999,4047.114999999999,4052.564999999999,11874
2026-07-24T02:30:00+00:00,4052.564999999999,4054.294999999999,4029.204999999999,4030.544999999999,24677
2026-07-24T03:00:00+00:00,4030.544999999999,4039.764999999999,4029.314999999999,4036.554999999999,16240
2026-07-24T03:30:00+00:00,4036.554999999999,4039.4649999999992,4034.604999999999,4035.574999999999,9810
2026-07-24T04:00:00+00:00,4035.574999999999,4036.4649999999992,4033.094999999999,4035.874999999999,7587
2026-07-24T04:30:00+00:00,4035.874999999999,4036.4649999999992,4031.384999999999,4033.224999999999,5589
2026-07-24T05:00:00+00:00,4033.224999999999,4038.364999999999,4028.574999999999,4032.374999999999,10726
2026-07-24T05:30:00+00:00,4032.374999999999,4037.634999999999,4028.024999999999,4029.144999999999,19524
2026-07-24T06:00:00+00:00,4029.144999999999,4045.154999999999,4029.134999999999,4042.724999999999,20783
2026-07-24T06:30:00+00:00,4042.724999999999,4044.874999999999,4037.6949999999993,4041.834999999999,17998
2026-07-24T07:00:00+00:00,4041.834999999999,4056.854999999999,4041.334999999999,4054.864999999999,19799
2026-07-24T07:30:00+00:00,4054.864999999999,4059.744999999999,4051.954999999999,4054.394999999999,11674
2026-07-24T08:00:00+00:00,4054.394999999999,4058.724999999999,4051.264999999999,4058.724999999999,14377
2026-07-24T08:30:00+00:00,4058.724999999999,4064.814999999999,4054.954999999999,4063.614999999999,12602
2026-07-24T09:00:00+00:00,4063.614999999999,4066.954999999999,4058.664999999999,4059.144999999999,10322
2026-07-24T09:30:00+00:00,4059.144999999999,4066.014999999999,4057.874999999999,4065.974999999999,7844
2026-07-24T10:00:00+00:00,4065.974999999999,4069.804999999999,4063.644999999999,4068.114999999999,8267
2026-07-24T10:30:00+00:00,4068.114999999999,4070.064999999999,4063.304999999999,4066.124999999999,6919
2026-07-24T11:00:00+00:00,4066.124999999999,4069.594999999999,4064.634999999999,4065.254999999999,6757
2026-07-24T11:30:00+00:00,4065.254999999999,4067.704999999999,4057.554999999999,4063.874999999999,11964
2026-07-24T12:00:00+00:00,4063.874999999999,4066.274999999999,4058.504999999999,4065.734999999999,18074
2026-07-24T12:30:00+00:00,4065.734999999999,4065.734999999999,4057.784999999999,4062.234999999999,14472
2026-07-24T13:00:00+00:00,4062.234999999999,4064.564999999999,4050.884999999999,4052.534999999999,20314
2026-07-24T13:30:00+00:00,4052.534999999999,4074.704999999999,4050.974999999999,4073.364999999999,35204
2026-07-24T14:00:00+00:00,4073.364999999999,4076.144999999999,4062.084999999999,4072.184999999999,42370
2026-07-24T14:30:00+00:00,4072.184999999999,4074.084999999999,4064.6949999999993,4069.434999999999,28429
2026-07-24T15:00:00+00:00,4069.434999999999,4088.124999999999,4068.014999999999,4081.1949999999993,46060
2026-07-24T15:30:00+00:00,4081.1949999999993,4085.734999999999,4077.124999999999,4083.504999999999,25854
2026-07-24T16:00:00+00:00,4083.504999999999,4084.294999999999,4079.524999999999,4079.834999999999,16188
2026-07-24T16:30:00+00:00,4079.834999999999,4080.144999999999,4070.334999999999,4073.114999999999,14393
2026-07-24T17:00:00+00:00,4073.114999999999,4076.004999999999,4069.034999999999,4074.504999999999,14446
2026-07-24T17:30:00+00:00,4074.504999999999,4075.934999999999,4069.104999999999,4069.534999999999,9339
2026-07-24T18:00:00+00:00,4069.534999999999,4070.624999999999,4061.144999999999,4061.374999999999,11609
2026-07-24T18:30:00+00:00,4061.374999999999,4063.154999999999,4057.224999999999,4060.544999999999,10842
2026-07-24T19:00:00+00:00,4060.544999999999,4062.524999999999,4055.334999999999,4057.644999999999,12238
2026-07-24T19:30:00+00:00,4057.644999999999,4064.104999999999,4057.4449999999993,4059.814999999999,14091
2026-07-24T20:00:00+00:00,4059.814999999999,4061.374999999999,4058.244999999999,4059.834999999999,3189
2026-07-24T20:30:00+00:00,4059.834999999999,4062.134999999999,4057.754999999999,4061.584999999999,1445
2026-07-26T22:00:00+00:00,4061.584999999999,4102.855,4056.844999999999,4093.074999999999,11298.099256822254
2026-07-26T22:30:00+00:00,4093.074999999999,4099.655000000001,4091.7949999999987,4095.7450000000003,6049
2026-07-26T23:00:00+00:00,4095.7450000000003,4097.365,4089.7850000000003,4091.1250000000005,6248
2026-07-26T23:30:00+00:00,4091.1250000000005,4102.705,4090.5550000000003,4100.4349999999995,11370
2026-07-27T00:00:00+00:00,4100.4349999999995,4122.315,4097.234999999999,4100.705,26728
2026-07-27T00:30:00+00:00,4100.705,4115.595,4099.995000000001,4107.025000000001,17921
2026-07-27T01:00:00+00:00,4107.025000000001,4118.745,4103.175,4106.3150000000005,34964
2026-07-27T01:30:00+00:00,4106.3150000000005,4116.395,4104.115000000001,4116.395,22911
2026-07-27T02:00:00+00:00,4116.395,4117.225,4108.385,4109.285,15570
2026-07-27T02:30:00+00:00,4109.285,4109.455,4099.855,4099.9349999999995,14704
2026-07-27T03:00:00+00:00,4099.9349999999995,4102.014999999999,4091.5449999999964,4091.8449999999966,14119
2026-07-27T03:30:00+00:00,4091.8449999999966,4097.544999999996,4091.4449999999965,4097.234999999997,8427
2026-07-27T04:00:00+00:00,4097.234999999997,4099.134999999997,4093.2149999999965,4095.2849999999967,8085
2026-07-27T04:30:00+00:00,4095.2849999999967,4098.564999999996,4095.2849999999967,4096.514999999996,5966
2026-07-27T05:00:00+00:00,4096.514999999996,4101.054999999997,4092.3949999999977,4093.2449999999976,8997
2026-07-27T05:30:00+00:00,4093.2449999999976,4100.034999999998,4090.7849999999976,4099.4649999999965,18483
2026-07-27T06:00:00+00:00,4099.4649999999965,4102.664999999995,4097.474999999997,4102.3349999999955,13808
2026-07-27T06:30:00+00:00,4102.3349999999955,4105.514999999996,4100.424999999996,4102.254999999995,10335
2026-07-27T07:00:00+00:00,4102.254999999995,4112.2049999999945,4102.254999999995,4109.404999999995,15065
2026-07-27T07:30:00+00:00,4109.404999999995,4109.964999999995,4094.744999999994,4094.964999999994,12762
2026-07-27T08:00:00+00:00,4094.964999999994,4099.294999999994,4093.4349999999945,4097.154999999994,17807
2026-07-27T08:30:00+00:00,4097.154999999994,4103.084999999995,4093.614999999995,4101.3749999999945,11443
2026-07-27T09:00:00+00:00,4101.3749999999945,4104.604999999996,4097.354999999995,4097.794999999995,9959
2026-07-27T09:30:00+00:00,4097.794999999995,4106.624999999995,4096.664999999995,4102.394999999996,9774
2026-07-27T10:00:00+00:00,4102.394999999996,4102.674999999996,4092.744999999995,4099.324999999993,11056
2026-07-27T10:30:00+00:00,4099.324999999993,4108.624999999992,4099.2449999999935,4105.794999999992,9299
2026-07-27T11:00:00+00:00,4105.794999999992,4110.294999999992,4103.1549999999925,4103.1549999999925,9964
2026-07-27T11:30:00+00:00,4103.1549999999925,4106.1549999999925,4100.044999999994,4100.074999999993,14333
2026-07-27T12:00:00+00:00,4100.074999999993,4103.894999999994,4088.0649999999946,4092.6849999999945,20829
2026-07-27T12:30:00+00:00,4092.6849999999945,4095.2049999999945,4088.004999999994,4089.9949999999944,16586
2026-07-27T13:00:00+00:00,4089.9949999999944,4095.0149999999944,4082.294999999994,4082.3149999999946,30596
2026-07-27T13:30:00+00:00,4082.3149999999946,4095.7649999999944,4076.8049999999944,4080.504999999994,48539
2026-07-27T14:00:00+00:00,4080.504999999994,4085.3349999999946,4073.3849999999943,4074.6049999999946,41058
2026-07-27T14:30:00+00:00,4074.6049999999946,4083.5149999999944,4071.5549999999944,4082.4349999999945,38049
2026-07-27T15:00:00+00:00,4082.4349999999945,4085.3849999999943,4078.1349999999943,4082.8349999999946,28139
2026-07-27T15:30:00+00:00,4082.8349999999946,4085.9549999999945,4078.8449999999943,4084.754999999994,21630
2026-07-27T16:00:00+00:00,4084.754999999994,4095.044999999994,4084.0949999999943,4091.3649999999943,22801
2026-07-27T16:30:00+00:00,4091.3649999999943,4100.144999999994,4087.034999999993,4088.574999999993,18956
2026-07-27T17:00:00+00:00,4088.574999999993,4088.594999999993,4076.854999999993,4081.014999999993,18589
2026-07-27T17:30:00+00:00,4081.014999999993,4083.394999999993,4078.454999999993,4082.604999999993,13467
2026-07-27T18:00:00+00:00,4082.604999999993,4085.494999999993,4080.434999999993,4083.144999999993,13453
2026-07-27T18:30:00+00:00,4083.144999999993,4085.744999999993,4079.284999999993,4084.204999999993,15082
2026-07-27T19:00:00+00:00,4084.204999999993,4094.894999999993,4082.394999999993,4092.004999999993,11875
2026-07-27T19:30:00+00:00,4092.004999999993,4095.534999999993,4088.604999999993,4089.654999999993,14699
2026-07-27T20:00:00+00:00,4089.654999999993,4090.354999999993,4084.494999999993,4084.874999999993,4669
2026-07-27T20:30:00+00:00,4084.874999999993,4085.364999999993,4081.734999999993,4082.954999999993,3617
2026-07-27T22:00:00+00:00,4082.954999999993,4089.934999999993,4079.574999999993,4080.864999999993,4985.141592516541
2026-07-27T22:30:00+00:00,4080.864999999993,4083.634999999993,4080.864999999993,4082.734999999993,3897
2026-07-27T23:00:00+00:00,4082.734999999993,4083.574999999993,4080.384999999993,4081.704999999993,3929
2026-07-27T23:30:00+00:00,4081.704999999993,4082.204999999993,4078.434999999993,4081.8149999999932,7764
2026-07-28T00:00:00+00:00,4081.8149999999932,4082.744999999993,4067.524999999993,4070.454999999993,21707
2026-07-28T00:30:00+00:00,4070.454999999993,4074.644999999993,4066.034999999993,4066.484999999993,19875
2026-07-28T01:00:00+00:00,4066.484999999993,4068.754999999993,4054.974999999993,4055.954999999993,34239
2026-07-28T01:30:00+00:00,4055.954999999993,4058.924999999993,4051.134999999993,4053.714999999993,22858
2026-07-28T02:00:00+00:00,4053.714999999993,4057.504999999993,4051.014999999993,4054.634999999993,16362
2026-07-28T02:30:00+00:00,4054.634999999993,4056.344999999993,4049.354999999993,4050.624999999993,17322
2026-07-28T03:00:00+00:00,4050.624999999993,4057.834999999993,4048.804999999993,4056.364999999993,12411
2026-07-28T03:30:00+00:00,4056.364999999993,4059.5649999999932,4055.804999999993,4057.944999999993,11980
2026-07-28T04:00:00+00:00,4057.944999999993,4058.154999999993,4052.024999999993,4054.144999999993,11542
2026-07-28T04:30:00+00:00,4054.144999999993,4056.344999999993,4050.164999999993,4050.694999999993,8215
2026-07-28T05:00:00+00:00,4050.694999999993,4052.524999999993,4048.444999999993,4051.774999999993,13903
2026-07-28T05:30:00+00:00,4051.774999999993,4054.964999999993,4043.144999999993,4053.684999999993,23753
2026-07-28T06:00:00+00:00,4053.684999999993,4057.374999999993,4051.364999999993,4056.234999999993,18327
2026-07-28T06:30:00+00:00,4056.234999999993,4060.874999999993,4055.294999999993,4056.884999999993,14090
2026-07-28T07:00:00+00:00,4056.884999999993,4060.844999999993,4055.984999999993,4058.624999999993,12666
2026-07-28T07:30:00+00:00,4058.624999999993,4059.544999999993,4054.614999999993,4055.694999999993,12451
2026-07-28T08:00:00+00:00,4055.694999999993,4063.674999999993,4051.674999999993,4057.984999999993,23913
2026-07-28T08:30:00+00:00,4057.984999999993,4058.224999999993,4050.114999999993,4053.914999999993,15816
2026-07-28T09:00:00+00:00,4053.914999999993,4054.414999999993,4047.514999999993,4048.8149999999932,11046
2026-07-28T09:30:00+00:00,4048.8149999999932,4048.844999999993,4028.024999999993,4031.884999999993,18031
2026-07-28T10:00:00+00:00,4031.884999999993,4035.394999999993,4025.474999999993,4026.144999999993,18007
2026-07-28T10:30:00+00:00,4026.144999999993,4037.034999999993,4025.704999999993,4035.004999999993,15285
2026-07-28T11:00:00+00:00,4035.004999999993,4040.824999999993,4031.714999999993,4035.984999999993,21528
2026-07-28T11:30:00+00:00,4035.984999999993,4039.864999999993,4032.524999999993,4036.574999999993,16096
2026-07-28T12:00:00+00:00,4036.574999999993,4043.404999999993,4031.424999999993,4042.974999999993,18093
2026-07-28T12:30:00+00:00,4042.974999999993,4046.654999999993,4034.224999999993,4037.964999999993,20060
2026-07-28T13:00:00+00:00,4037.964999999993,4044.554999999993,4036.964999999993,4037.504999999993,22379
2026-07-28T13:30:00+00:00,4037.504999999993,4041.334999999993,4028.694999999993,4030.644999999993,44705
2026-07-28T14:00:00+00:00,4030.644999999993,4041.734999999993,4020.124999999993,4030.674999999993,46237
2026-07-28T14:30:00+00:00,4030.674999999993,4038.084999999993,4027.324999999993,4032.964999999993,30013
2026-07-28T15:00:00+00:00,4032.964999999993,4049.234999999993,4030.744999999993,4043.944999999993,38803
2026-07-28T15:30:00+00:00,4043.944999999993,4055.514999999993,4040.904999999993,4054.614999999993,23233
2026-07-28T16:00:00+00:00,4054.614999999993,4054.934999999993,4050.574999999993,4050.714999999993,16327
2026-07-28T16:30:00+00:00,4050.714999999993,4052.304999999993,4045.104999999993,4045.994999999993,13712
2026-07-28T17:00:00+00:00,4045.994999999993,4050.024999999993,4043.774999999993,4046.014999999993,20082
2026-07-28T17:30:00+00:00,4046.014999999993,4046.384999999993,4034.394999999993,4036.284999999993,15666
2026-07-28T18:00:00+00:00,4036.284999999993,4038.964999999993,4034.304999999993,4035.594999999993,25948
2026-07-28T18:30:00+00:00,4035.594999999993,4035.974999999993,4030.174999999993,4031.444999999993,20878
2026-07-28T19:00:00+00:00,4031.444999999993,4034.224999999993,4030.554999999993,4031.864999999993,12250
2026-07-28T19:30:00+00:00,4031.864999999993,4036.5649999999932,4031.864999999993,4034.944999999993,13454
2026-07-28T20:00:00+00:00,4034.944999999993,4036.434999999993,4031.014999999993,4035.914999999993,5565
2026-07-28T20:30:00+00:00,4035.914999999993,4039.144999999993,4034.944999999993,4036.834999999993,4872
2026-07-28T22:00:00+00:00,4036.834999999993,4040.694999999993,4027.0149999999926,4030.6449999999927,5877.711494688922
2026-07-28T22:30:00+00:00,4030.6449999999927,4030.8249999999925,4023.4749999999926,4028.0749999999925,9641
2026-07-28T23:00:00+00:00,4028.0749999999925,4032.904999999993,4024.8349999999928,4028.364999999993,12077
2026-07-28T23:30:00+00:00,4028.364999999993,4036.0349999999926,4027.154999999993,4034.6649999999927,17568
2026-07-29T00:00:00+00:00,4034.6649999999927,4039.364999999993,4027.3949999999927,4032.5349999999926,26082
2026-07-29T00:30:00+00:00,4032.5349999999926,4037.5149999999926,4030.1849999999927,4031.6649999999927,20528
2026-07-29T01:00:00+00:00,4031.6649999999927,4031.6649999999927,4020.1849999999927,4028.214999999993,31747
2026-07-29T01:30:00+00:00,4028.214999999993,4040.364999999993,4024.864999999993,4035.6849999999927,28514
2026-07-29T02:00:00+00:00,4035.6849999999927,4045.044999999993,4032.9549999999927,4042.844999999993,21511
2026-07-29T02:30:00+00:00,4042.844999999993,4047.7249999999926,4038.9949999999926,4039.2049999999927,17291
2026-07-29T03:00:00+00:00,4039.2049999999927,4042.614999999993,4035.3949999999927,4036.884999999993,14758
2026-07-29T03:30:00+00:00,4036.884999999993,4039.4149999999927,4033.064999999993,4033.424999999993,8872
2026-07-29T04:00:00+00:00,4033.424999999993,4035.3949999999927,4030.3749999999927,4033.3749999999927,9229
2026-07-29T04:30:00+00:00,4033.3749999999927,4037.444999999993,4033.274999999993,4036.984999999993,13001
2026-07-29T05:00:00+00:00,4036.984999999993,4041.424999999993,4036.464999999993,4040.3049999999926,11268
2026-07-29T05:30:00+00:00,4040.3049999999926,4049.7249999999926,4039.6649999999927,4042.714999999993,23557
2026-07-29T06:00:00+00:00,4042.714999999993,4052.864999999993,4042.6849999999927,4050.6649999999927,17325
2026-07-29T06:30:00+00:00,4050.6649999999927,4054.5549999999926,4049.464999999993,4050.944999999993,13164
2026-07-29T07:00:00+00:00,4050.944999999993,4057.4749999999926,4050.864999999993,4055.654999999993,11018
2026-07-29T07:30:00+00:00,4055.654999999993,4057.254999999993,4052.404999999993,4053.6449999999927,9312
2026-07-29T08:00:00+00:00,4053.6449999999927,4054.174999999993,4045.194999999993,4047.134999999993,10461
2026-07-29T08:30:00+00:00,4047.134999999993,4049.924999999993,4045.4549999999927,4047.3549999999927,9029
2026-07-29T09:00:00+00:00,4047.3549999999927,4048.1449999999927,4043.214999999993,4043.444999999993,9020
2026-07-29T09:30:00+00:00,4043.444999999993,4046.434999999993,4041.0149999999926,4042.604999999993,8780
2026-07-29T10:00:00+00:00,4042.604999999993,4044.194999999993,4040.154999999993,4043.304999999993,9644
2026-07-29T10:30:00+00:00,4043.304999999993,4044.424999999993,4036.134999999993,4037.604999999993,8094
2026-07-29T11:00:00+00:00,4037.604999999993,4043.504999999993,4035.064999999993,4042.824999999993,8968
2026-07-29T11:30:00+00:00,4042.824999999993,4046.224999999993,4040.254999999993,4042.794999999993,8787
2026-07-29T12:00:00+00:00,4042.794999999993,4043.464999999993,4022.774999999993,4023.394999999993,25142
2026-07-29T12:30:00+00:00,4023.394999999993,4033.594999999993,4019.284999999993,4032.614999999993,19221
2026-07-29T13:00:00+00:00,4032.614999999993,4036.434999999993,4023.874999999993,4024.664999999993,25500
2026-07-29T13:30:00+00:00,4024.664999999993,4027.914999999993,4012.554999999993,4017.3349999999928,50873
2026-07-29T14:00:00+00:00,4017.3349999999928,4020.154999999993,4005.964999999993,4015.514999999993,43093
2026-07-29T14:30:00+00:00,4015.514999999993,4019.214999999993,4008.384999999993,4014.804999999993,33846
2026-07-29T15:00:00+00:00,4014.804999999993,4021.294999999993,4013.224999999993,4020.514999999993,25516
2026-07-29T15:30:00+00:00,4020.514999999993,4023.884999999993,4017.114999999993,4019.804999999993,19571
2026-07-29T16:00:00+00:00,4019.804999999993,4027.614999999993,4017.504999999993,4026.514999999993,17992
2026-07-29T16:30:00+00:00,4026.514999999993,4042.8349999999928,4024.954999999993,4037.284999999993,23449
2026-07-29T17:00:00+00:00,4037.284999999993,4060.634999999993,4037.284999999993,4049.244999999993,40379
2026-07-29T17:30:00+00:00,4049.244999999993,4058.054999999993,4046.504999999993,4053.754999999993,28036
2026-07-29T18:00:00+00:00,4053.754999999993,4095.904999999993,4051.864999999993,4077.454999999993,74587
2026-07-29T18:30:00+00:00,4077.454999999993,4119.794999999993,4062.064999999993,4117.114999999993,87448
2026-07-29T19:00:00+00:00,4117.114999999993,4126.364999999993,4091.034999999993,4093.974999999993,81908
2026-07-29T19:30:00+00:00,4093.974999999993,4098.374999999993,4054.494999999993,4054.844999999993,79410
2026-07-29T20:00:00+00:00,4054.844999999993,4067.464999999993,4052.924999999993,4065.724999999993,37775
2026-07-29T20:30:00+00:00,4065.724999999993,4080.264999999993,4064.044999999993,4077.914999999993,16122
2026-07-29T22:00:00+00:00,4077.914999999993,4091.5649999999932,4073.144999999993,4088.724999999993,13472.039102099927
2026-07-29T22:30:00+00:00,4088.724999999993,4104.504999999995,4086.6549999999934,4102.234999999995,10479
2026-07-29T23:00:00+00:00,4102.234999999995,4114.054999999996,4102.024999999995,4107.524999999997,11117
2026-07-29T23:30:00+00:00,4107.524999999997,4108.314999999996,4098.234999999993,4098.324999999993,24334
2026-07-30T00:00:00+00:00,4098.324999999993,4100.5349999999935,4086.664999999994,4089.164999999994,41202
2026-07-30T00:30:00+00:00,4089.164999999994,4090.734999999994,4078.774999999994,4086.094999999994,27669
2026-07-30T01:00:00+00:00,4086.094999999994,4106.694999999994,4084.504999999994,4094.9449999999933,45123
2026-07-30T01:30:00+00:00,4094.9449999999933,4104.884999999995,4094.584999999993,4098.564999999995,27494
2026-07-30T02:00:00+00:00,4098.564999999995,4104.1649999999945,4093.824999999996,4096.554999999998,21664
2026-07-30T02:30:00+00:00,4096.554999999998,4096.554999999998,4077.3849999999975,4077.4549999999977,28014
2026-07-30T03:00:00+00:00,4077.4549999999977,4084.0549999999976,4066.3049999999976,4067.6449999999977,23343
2026-07-30T03:30:00+00:00,4067.6449999999977,4073.524999999998,4064.564999999998,4072.6649999999977,17765
2026-07-30T04:00:00+00:00,4072.6649999999977,4074.0749999999975,4064.8049999999976,4067.9349999999977,13587
2026-07-30T04:30:00+00:00,4067.9349999999977,4067.9349999999977,4058.3349999999978,4059.8949999999977,14369
2026-07-30T05:00:00+00:00,4059.8949999999977,4061.024999999998,4051.544999999998,4060.7849999999976,19676
2026-07-30T05:30:00+00:00,4060.7849999999976,4065.174999999998,4042.0349999999976,4047.5749999999975,38744
2026-07-30T06:00:00+00:00,4047.5749999999975,4053.214999999998,4043.294999999998,4046.984999999998,30163
2026-07-30T06:30:00+00:00,4046.984999999998,4054.3449999999975,4044.8949999999977,4050.524999999998,20984
2026-07-30T07:00:00+00:00,4050.524999999998,4065.2449999999976,4049.4549999999977,4059.6449999999977,29357
2026-07-30T07:30:00+00:00,4059.6449999999977,4060.9549999999977,4049.984999999998,4052.8049999999976,21265
2026-07-30T08:00:00+00:00,4052.8049999999976,4082.1849999999977,4050.5749999999975,4078.444999999998,27813
2026-07-30T08:30:00+00:00,4078.444999999998,4086.2949999999983,4072.934999999998,4074.884999999998,24109
2026-07-30T09:00:00+00:00,4074.884999999998,4085.824999999998,4073.884999999998,4081.024999999998,20759
2026-07-30T09:30:00+00:00,4081.024999999998,4086.554999999998,4074.074999999998,4076.874999999998,18082
2026-07-30T10:00:00+00:00,4076.874999999998,4091.104999999998,4076.534999999998,4089.694999999998,24379
2026-07-30T10:30:00+00:00,4089.694999999998,4096.454999999998,4088.664999999998,4091.7949999999987,21242
2026-07-30T11:00:00+00:00,4091.7949999999987,4096.244999999999,4090.0949999999984,4091.6449999999986,17685
2026-07-30T11:30:00+00:00,4091.6449999999986,4094.1449999999986,4089.1249999999986,4091.2149999999983,16053
2026-07-30T12:00:00+00:00,4091.2149999999983,4095.9649999999983,4085.1149999999984,4090.2749999999983,21149
2026-07-30T12:30:00+00:00,4090.2749999999983,4099.854999999999,4080.6349999999984,4082.4749999999985,38706
2026-07-30T13:00:00+00:00,4082.4749999999985,4097.394999999999,4078.6949999999983,4093.7049999999986,42659
2026-07-30T13:30:00+00:00,4093.7049999999986,4125.584999999998,4088.4549999999986,4125.414999999998,69459
2026-07-30T14:00:00+00:00,4125.414999999998,4133.474999999998,4100.564999999999,4109.604999999998,55826
2026-07-30T14:30:00+00:00,4109.604999999998,4126.224999999998,4108.204999999998,4113.504999999998,35532
2026-07-30T15:00:00+00:00,4113.504999999998,4113.694999999998,4096.644999999998,4109.525,42435
2026-07-30T15:30:00+00:00,4109.525,4123.555,4106.0650000000005,4121.695,26270
2026-07-30T16:00:00+00:00,4121.695,4132.665,4121.285,4129.455,19535
2026-07-30T16:30:00+00:00,4129.455,4129.825,4120.115,4124.195,15528
2026-07-30T17:00:00+00:00,4124.195,4124.705,4112.014999999999,4115.135,16901
2026-07-30T17:30:00+00:00,4115.135,4121.915,4113.455,4116.155,19098
2026-07-30T18:00:00+00:00,4116.155,4120.264999999999,4114.275,4116.9349999999995,13852
2026-07-30T18:30:00+00:00,4116.9349999999995,4121.285,4112.245,4113.245,12721
2026-07-30T19:00:00+00:00,4113.245,4128.375,4112.245,4126.285,13385
2026-07-30T19:30:00+00:00,4126.285,4128.785,4122.615,4125.485,11816
2026-07-30T20:00:00+00:00,4125.485,4130.825,4123.485,4125.4349999999995,10214
2026-07-30T20:30:00+00:00,4125.4349999999995,4125.945,4112.305,4116.455,7098
2026-07-30T22:00:00+00:00,4116.455,4121.715,4112.335,4120.974999999999,7274.5849499358665
2026-07-30T22:30:00+00:00,4120.974999999999,4124.405,4120.384999999999,4122.255,4764
2026-07-30T23:00:00+00:00,4122.255,4124.955,4117.304999999999,4117.325,5717
2026-07-30T23:30:00+00:00,4117.325,4123.075,4115.325,4119.014999999999,7385
2026-07-31T00:00:00+00:00,4119.014999999999,4120.1849999999995,4109.344999999999,4109.585,15873
2026-07-31T00:30:00+00:00,4109.585,4110.625,4103.665000000003,4107.785000000003,13321
2026-07-31T01:00:00+00:00,4107.785000000003,4114.6150000000025,4099.875000000002,4105.165000000002,23463
2026-07-31T01:30:00+00:00,4105.165000000002,4105.205000000002,4095.0950000000043,4097.435000000005,16520
2026-07-31T02:00:00+00:00,4097.435000000005,4103.495000000005,4094.645000000004,4095.425000000005,11804
2026-07-31T02:30:00+00:00,4095.425000000005,4097.605000000005,4087.3650000000052,4089.195000000005,13316
2026-07-31T03:00:00+00:00,4089.195000000005,4089.355000000005,4085.125000000005,4088.385000000005,11826
2026-07-31T03:30:00+00:00,4088.385000000005,4092.675000000005,4087.335000000005,4088.155000000005,8059
2026-07-31T04:00:00+00:00,4088.155000000005,4093.165000000005,4086.545000000005,4093.165000000005,6581
2026-07-31T04:30:00+00:00,4093.165000000005,4094.665000000005,4087.665000000005,4093.235000000005,5063
2026-07-31T05:00:00+00:00,4093.235000000005,4096.345000000005,4092.625000000005,4094.025000000005,6177
2026-07-31T05:30:00+00:00,4094.025000000005,4094.665000000005,4086.445000000005,4087.405000000005,12936
2026-07-31T06:00:00+00:00,4087.405000000005,4100.485000000006,4085.8450000000053,4097.965000000006,13087
2026-07-31T06:30:00+00:00,4097.965000000006,4098.1250000000055,4089.5650000000055,4090.8850000000057,16610
2026-07-31T07:00:00+00:00,4090.8850000000057,4092.4150000000054,4085.2350000000056,4085.7950000000055,11745
2026-07-31T07:30:00+00:00,4085.7950000000055,4087.5450000000055,4080.7350000000056,4080.8550000000055,10921
2026-07-31T08:00:00+00:00,4080.8550000000055,4080.8550000000055,4071.0450000000055,4071.7950000000055,15619
2026-07-31T08:30:00+00:00,4071.7950000000055,4077.6450000000054,4067.5050000000056,4074.205000000006,14667
2026-07-31T09:00:00+00:00,4074.205000000006,4077.1050000000055,4064.475000000006,4065.3850000000057,14480
2026-07-31T09:30:00+00:00,4065.3850000000057,4070.2350000000056,4063.4150000000054,4068.2350000000056,9363
2026-07-31T10:00:00+00:00,4068.2350000000056,4071.475000000006,4065.1750000000056,4066.2950000000055,8386
2026-07-31T10:30:00+00:00,4066.2950000000055,4070.2750000000055,4066.0250000000055,4067.6750000000056,8288
2026-07-31T11:00:00+00:00,4067.6750000000056,4074.1750000000056,4065.3750000000055,4071.995000000006,13017
2026-07-31T11:30:00+00:00,4071.995000000006,4071.995000000006,4063.7950000000055,4066.8250000000057,11201
2026-07-31T12:00:00+00:00,4066.8250000000057,4072.4350000000054,4060.1850000000054,4060.1850000000054,14048
2026-07-31T12:30:00+00:00,4060.1850000000054,4064.6150000000057,4053.6450000000054,4053.8650000000057,19368
2026-07-31T13:00:00+00:00,4053.8650000000057,4059.8750000000055,4047.8450000000057,4055.7350000000056,28214
2026-07-31T13:30:00+00:00,4055.7350000000056,4056.9150000000054,4035.1950000000056,4038.7950000000055,53369
2026-07-31T14:00:00+00:00,4038.7950000000055,4053.245000000006,4034.265000000006,4051.9650000000056,50721
2026-07-31T14:30:00+00:00,4051.9650000000056,4063.4250000000056,4049.6650000000054,4062.265000000006,30032
2026-07-31T15:00:00+00:00,4062.265000000006,4065.3750000000055,4053.2550000000056,4054.1850000000054,30890
2026-07-31T15:30:00+00:00,4054.1850000000054,4059.8950000000054,4049.8150000000055,4058.6050000000055,24958
2026-07-31T16:00:00+00:00,4058.6050000000055,4061.4450000000056,4054.475000000006,4060.5450000000055,18325
2026-07-31T16:30:00+00:00,4060.5450000000055,4062.8550000000055,4054.3150000000055,4056.4150000000054,14839
2026-07-31T17:00:00+00:00,4056.4150000000054,4066.4350000000054,4054.6450000000054,4063.475000000006,15850
2026-07-31T17:30:00+00:00,4063.475000000006,4067.765000000006,4060.9150000000054,4066.8350000000055,18368
2026-07-31T18:00:00+00:00,4066.8350000000055,4068.3450000000057,4060.1950000000056,4064.205000000006,15510
2026-07-31T18:30:00+00:00,4064.205000000006,4064.7550000000056,4061.0650000000055,4063.8550000000055,8524
2026-07-31T19:00:00+00:00,4063.8550000000055,4066.0950000000057,4060.1450000000054,4063.7150000000056,8955
2026-07-31T19:30:00+00:00,4063.7150000000056,4068.6650000000054,4062.0450000000055,4064.0050000000056,17480
2026-07-31T20:00:00+00:00,4064.0050000000056,4064.9250000000056,4058.3550000000055,4060.725000000006,9869
2026-07-31T20:30:00+00:00,4060.725000000006,4066.0950000000057,4060.2950000000055,4064.0250000000055,4152
2026-08-02T22:00:00+00:00,4064.0250000000055,4087.315000000006,4057.0250000000055,4073.895000000006,14512.861174481333
2026-08-02T22:30:00+00:00,4073.895000000006,4076.435000000006,4071.355000000006,4071.725000000006,8438
2026-08-02T23:00:00+00:00,4071.725000000006,4080.5550000000057,4071.135000000006,4079.985000000006,7936
2026-08-02T23:30:00+00:00,4079.985000000006,4083.0350000000058,4075.955000000006,4082.935000000006,9965
2026-08-03T00:00:00+00:00,4082.935000000006,4087.005000000006,4069.235000000006,4072.355000000006,23631
2026-08-03T00:30:00+00:00,4072.355000000006,4078.075000000006,4063.595000000006,4065.165000000006,25774
2026-08-03T01:00:00+00:00,4065.165000000006,4071.165000000006,4055.425000000006,4060.755000000006,30580
2026-08-03T01:30:00+00:00,4060.755000000006,4065.415000000006,4055.595000000006,4064.625000000006,20700
2026-08-03T02:00:00+00:00,4064.625000000006,4069.025000000006,4059.985000000006,4066.125000000006,14714
2026-08-03T02:30:00+00:00,4066.125000000006,4075.075000000006,4060.475000000006,4070.485000000006,17314
2026-08-03T03:00:00+00:00,4070.485000000006,4075.955000000006,4068.925000000006,4071.915000000006,13037
2026-08-03T03:30:00+00:00,4071.915000000006,4074.765000000006,4067.275000000006,4073.005000000006,9700
2026-08-03T04:00:00+00:00,4073.005000000006,4079.005000000006,4072.235000000006,4076.185000000006,7740
2026-08-03T04:30:00+00:00,4076.185000000006,4079.875000000006,4071.775000000006,4071.795000000006,8550
2026-08-03T05:00:00+00:00,4071.795000000006,4073.345000000006,4062.105000000006,4068.265000000006,10427
2026-08-03T05:30:00+00:00,4068.265000000006,4077.845000000006,4063.085000000006,4076.815000000006,15262
2026-08-03T06:00:00+00:00,4076.815000000006,4079.955000000006,4073.425000000006,4076.465000000006,16449
2026-08-03T06:30:00+00:00,4076.465000000006,4076.895000000006,4068.235000000006,4071.995000000006,14532
2026-08-03T07:00:00+00:00,4071.995000000006,4073.115000000006,4060.015000000006,4066.085000000006,20670
2026-08-03T07:30:00+00:00,4066.085000000006,4071.265000000006,4064.615000000006,4069.0350000000058,11238
2026-08-03T08:00:00+00:00,4069.0350000000058,4070.455000000006,4062.215000000006,4063.995000000006,13343
2026-08-03T08:30:00+00:00,4063.995000000006,4068.675000000006,4062.895000000006,4067.385000000006,11508
2026-08-03T09:00:00+00:00,4067.385000000006,4070.075000000006,4060.125000000006,4060.545000000006,10572
2026-08-03T09:30:00+00:00,4060.545000000006,4066.045000000006,4054.5350000000058,4063.215000000006,13459
2026-08-03T10:00:00+00:00,4063.215000000006,4065.075000000006,4059.885000000006,4061.375000000006,10235
2026-08-03T10:30:00+00:00,4061.375000000006,4061.7850000000058,4054.075000000006,4057.365000000006,9100
2026-08-03T11:00:00+00:00,4057.365000000006,4060.875000000006,4053.445000000006,4056.475000000006,11960
2026-08-03T11:30:00+00:00,4056.475000000006,4071.145000000006,4055.995000000006,4070.475000000006,12578
2026-08-03T12:00:00+00:00,4070.475000000006,4072.575000000006,4056.595000000006,4058.855000000006,15284
2026-08-03T12:30:00+00:00,4058.855000000006,4060.895000000006,4050.265000000006,4055.705000000006,15602
2026-08-03T13:00:00+00:00,4055.705000000006,4061.515000000006,4039.605000000006,4042.235000000006,31404
2026-08-03T13:30:00+00:00,4042.235000000006,4043.475000000006,4027.075000000006,4039.715000000006,46954
2026-08-03T14:00:00+00:00,4039.715000000006,4044.085000000006,4034.585000000006,4040.565000000006,33234
2026-08-03T14:30:00+00:00,4040.565000000006,4047.235000000006,4039.865000000006,4044.195000000006,20016
2026-08-03T15:00:00+00:00,4044.195000000006,4046.365000000006,4038.515000000006,4040.775000000006,21381
2026-08-03T15:30:00+00:00,4040.775000000006,4048.945000000006,4038.925000000006,4044.145000000006,15708
2026-08-03T16:00:00+00:00,4044.145000000006,4046.455000000006,4042.585000000006,4044.885000000006,10184
2026-08-03T16:30:00+00:00,4044.885000000006,4047.195000000006,4043.495000000006,4044.995000000006,9784
2026-08-03T17:00:00+00:00,4044.995000000006,4045.765000000006,4041.465000000006,4042.365000000006,10344
2026-08-03T17:30:00+00:00,4042.365000000006,4044.825000000006,4038.195000000006,4038.5350000000058,7841
2026-08-03T18:00:00+00:00,4038.5350000000058,4046.835000000006,4037.705000000006,4045.895000000006,10067
2026-08-03T18:30:00+00:00,4045.895000000006,4053.005000000006,4044.415000000006,4051.515000000006,8228
2026-08-03T19:00:00+00:00,4051.515000000006,4062.305000000006,4051.425000000006,4061.0350000000058,13732
2026-08-03T19:30:00+00:00,4061.0350000000058,4063.7850000000058,4059.585000000006,4059.915000000006,9978
2026-08-03T20:00:00+00:00,4059.915000000006,4063.855000000006,4058.255000000006,4062.215000000006,3891
2026-08-03T20:30:00+00:00,4062.215000000006,4066.045000000006,4061.585000000006,4062.895000000006,3395
2026-08-03T22:00:00+00:00,4062.895000000006,4073.165000000006,4062.895000000006,4069.7650000000062,2974.7481841068698
2026-08-03T22:30:00+00:00,4069.7650000000062,4071.185000000006,4068.875000000006,4070.455000000006,2918
2026-08-03T23:00:00+00:00,4070.455000000006,4072.755000000006,4067.635000000006,4069.415000000006,4353
2026-08-03T23:30:00+00:00,4069.415000000006,4071.755000000006,4068.825000000006,4071.625000000006,3327
2026-08-04T00:00:00+00:00,4071.625000000006,4086.835000000006,4070.735000000006,4076.835000000006,14348
2026-08-04T00:30:00+00:00,4076.835000000006,4078.385000000006,4066.485000000006,4067.095000000006,10919
2026-08-04T01:00:00+00:00,4067.095000000006,4070.045000000006,4060.2650000000062,4066.855000000006,19796
2026-08-04T01:30:00+00:00,4066.855000000006,4079.335000000006,4066.125000000006,4076.445000000006,15466
2026-08-04T02:00:00+00:00,4076.445000000006,4078.885000000006,4073.2450000000063,4074.465000000006,13436
2026-08-04T02:30:00+00:00,4074.465000000006,4082.795000000006,4073.415000000006,4076.655000000006,13236
2026-08-04T03:00:00+00:00,4076.655000000006,4079.365000000006,4074.255000000006,4075.505000000006,10572
2026-08-04T03:30:00+00:00,4075.505000000006,4076.535000000006,4069.775000000006,4070.085000000006,7122
2026-08-04T04:00:00+00:00,4070.085000000006,4079.285000000006,4068.835000000006,4078.9950000000063,6951
2026-08-04T04:30:00+00:00,4078.9950000000063,4083.885000000006,4078.135000000006,4081.645000000006,5985
2026-08-04T05:00:00+00:00,4081.645000000006,4082.395000000006,4074.9950000000063,4080.845000000006,6251
2026-08-04T05:30:00+00:00,4080.845000000006,4085.355000000006,4076.425000000006,4079.645000000006,11324
2026-08-04T06:00:00+00:00,4079.645000000006,4083.965000000006,4077.155000000006,4077.595000000006,11549
2026-08-04T06:30:00+00:00,4077.595000000006,4081.345000000006,4073.405000000006,4081.075000000006,9844
2026-08-04T07:00:00+00:00,4081.075000000006,4083.545000000006,4078.4950000000063,4080.665000000006,10926
2026-08-04T07:30:00+00:00,4080.665000000006,4084.435000000006,4079.0150000000062,4083.215000000006,8501
2026-08-04T08:00:00+00:00,4083.215000000006,4090.545000000006,4078.075000000006,4081.145000000006,12525
2026-08-04T08:30:00+00:00,4081.145000000006,4082.195000000006,4072.275000000006,4072.695000000006,11620
2026-08-04T09:00:00+00:00,4072.695000000006,4073.115000000006,4066.225000000006,4067.985000000006,10460
2026-08-04T09:30:00+00:00,4067.985000000006,4069.045000000006,4063.955000000006,4067.535000000006,8016
2026-08-04T10:00:00+00:00,4067.535000000006,4067.625000000006,4063.2650000000062,4066.805000000006,6536
2026-08-04T10:30:00+00:00,4066.805000000006,4078.385000000006,4064.215000000006,4071.555000000006,17991
2026-08-04T11:00:00+00:00,4071.555000000006,4078.585000000006,4069.945000000006,4078.435000000006,11765
2026-08-04T11:30:00+00:00,4078.435000000006,4102.015000000007,4077.545000000006,4092.7450000000067,30049
2026-08-04T12:00:00+00:00,4092.7450000000067,4093.3750000000064,4078.7150000000065,4085.7550000000065,21400
2026-08-04T12:30:00+00:00,4085.7550000000065,4102.015000000007,4085.7550000000065,4088.4950000000067,21695
2026-08-04T13:00:00+00:00,4088.4950000000067,4108.665000000006,4078.9150000000063,4096.285000000007,30478
2026-08-04T13:30:00+00:00,4096.285000000007,4111.495000000008,4093.6850000000063,4101.545000000007,40556
2026-08-04T14:00:00+00:00,4101.545000000007,4109.475000000006,4098.365000000008,4101.455000000009,26799
2026-08-04T14:30:00+00:00,4101.455000000009,4104.435000000009,4092.1450000000095,4101.16500000001,26473
2026-08-04T15:00:00+00:00,4101.16500000001,4103.365000000011,4092.5750000000103,4096.12500000001,19154
2026-08-04T15:30:00+00:00,4096.12500000001,4106.525000000011,4094.39500000001,4104.905000000012,21315
2026-08-04T16:00:00+00:00,4104.905000000012,4107.45500000001,4100.555000000009,4105.18500000001,14192
2026-08-04T16:30:00+00:00,4105.18500000001,4111.2350000000115,4102.565000000011,4110.915000000012,10926
2026-08-04T17:00:00+00:00,4110.915000000012,4123.875000000013,4110.135000000012,4112.415000000012,18233
2026-08-04T17:30:00+00:00,4112.415000000012,4114.185000000013,4103.7850000000135,4103.7850000000135,11885
2026-08-04T18:00:00+00:00,4103.7850000000135,4106.6950000000115,4101.7250000000095,4102.27500000001,12053
2026-08-04T18:30:00+00:00,4102.27500000001,4103.445000000009,4092.855000000009,4097.625000000008,11218
2026-08-04T19:00:00+00:00,4097.625000000008,4102.455000000008,4096.505000000008,4097.955000000007,8187
2026-08-04T19:30:00+00:00,4097.955000000007,4100.2650000000085,4094.045000000007,4096.175000000007,9576
2026-08-04T20:00:00+00:00,4096.175000000007,4097.945000000006,4092.4350000000063,4093.1250000000064,7206
2026-08-04T20:30:00+00:00,4093.1250000000064,4096.2150000000065,4093.0450000000064,4095.0050000000065,4722
2026-08-04T22:00:00+00:00,4095.0050000000065,4097.915000000006,4093.6650000000063,4097.815000000006,3904.459388038943
2026-08-04T22:30:00+00:00,4097.815000000006,4103.815000000005,4093.6850000000036,4093.6850000000036,6428
2026-08-04T23:00:00+00:00,4093.6850000000036,4095.155000000004,4083.445000000004,4085.2550000000037,8870
2026-08-04T23:30:00+00:00,4085.2550000000037,4091.515000000004,4083.805000000004,4090.425000000004,4855
2026-08-05T00:00:00+00:00,4090.425000000004,4096.855000000004,4088.2550000000037,4096.5350000000035,9608
2026-08-05T00:30:00+00:00,4096.5350000000035,4101.4550000000045,4095.7250000000035,4100.395000000004,8243
2026-08-05T01:00:00+00:00,4100.395000000004,4106.605000000003,4095.575000000004,4102.555000000006,18805
2026-08-05T01:30:00+00:00,4102.555000000006,4120.405000000004,4098.345000000005,4119.295000000005,13891
2026-08-05T02:00:00+00:00,4119.295000000005,4126.125000000005,4113.575000000004,4121.585000000005,13518
2026-08-05T02:30:00+00:00,4121.585000000005,4153.365000000004,4119.465000000004,4146.985000000004,26675
2026-08-05T03:00:00+00:00,4146.985000000004,4154.485000000004,4144.765000000004,4148.385000000004,14304
2026-08-05T03:30:00+00:00,4148.385000000004,4148.685000000004,4145.385000000004,4146.095000000004,6998
2026-08-05T04:00:00+00:00,4146.095000000004,4159.315000000004,4146.075000000004,4156.395000000004,9105
2026-08-05T04:30:00+00:00,4156.395000000004,4156.585000000005,4150.575000000004,4153.405000000004,6101
2026-08-05T05:00:00+00:00,4153.405000000004,4160.125000000005,4152.625000000005,4157.335000000005,7764
2026-08-05T05:30:00+00:00,4157.335000000005,4190.835000000005,4157.335000000005,4179.685000000004,31080
2026-08-05T06:00:00+00:00,4179.685000000004,4192.265000000004,4178.035000000004,4186.6650000000045,19301
2026-08-05T06:30:00+00:00,4186.6650000000045,4196.335000000005,4184.905000000004,4195.355000000004,15297
2026-08-05T07:00:00+00:00,4195.355000000004,4197.485000000004,4181.095000000004,4182.175000000004,15925
2026-08-05T07:30:00+00:00,4182.175000000004,4190.005000000005,4180.185000000004,4188.805000000004,10237
2026-08-05T08:00:00+00:00,4188.805000000004,4190.6650000000045,4179.995000000004,4182.4150000000045,11900
2026-08-05T08:30:00+00:00,4182.4150000000045,4184.985000000004,4177.025000000004,4178.475000000004,12366
2026-08-05T09:00:00+00:00,4178.475000000004,4185.005000000005,4173.085000000005,4175.595000000004,11585
2026-08-05T09:30:00+00:00,4175.595000000004,4177.1650000000045,4171.095000000004,4175.9150000000045,10720
2026-08-05T10:00:00+00:00,4175.9150000000045,4176.585000000005,4168.105000000004,4174.645000000004,8484
2026-08-05T10:30:00+00:00,4174.645000000004,4179.585000000005,4171.535000000004,4179.435000000004,7738
2026-08-05T11:00:00+00:00,4179.435000000004,4198.485000000004,4178.855000000004,4193.845000000004,13766
2026-08-05T11:30:00+00:00,4193.845000000004,4210.595000000004,4192.055000000004,4206.725000000004,20786
2026-08-05T12:00:00+00:00,4206.725000000004,4231.375000000005,4206.725000000004,4223.1650000000045,25825
2026-08-05T12:30:00+00:00,4223.1650000000045,4226.965000000004,4201.025000000004,4201.935000000004,22876
2026-08-05T13:00:00+00:00,4201.935000000004,4215.895000000004,4201.865000000004,4214.935000000004,26234
2026-08-05T13:30:00+00:00,4214.935000000004,4224.625000000005,4207.435000000004,4223.7050000000045,45404
2026-08-05T14:00:00+00:00,4223.7050000000045,4258.645000000004,4221.335000000005,4255.055000000004,60178
2026-08-05T14:30:00+00:00,4255.055000000004,4265.375000000005,4246.875000000005,4262.075000000004,47421
2026-08-05T15:00:00+00:00,4262.075000000004,4282.9550000000045,4260.755000000005,4275.375000000005,39427
2026-08-05T15:30:00+00:00,4275.375000000005,4277.7050000000045,4249.995000000004,4250.525000000004,29741
2026-08-05T16:00:00+00:00,4250.525000000004,4259.715000000004,4242.755000000005,4259.4550000000045,28837
2026-08-05T16:30:00+00:00,4259.4550000000045,4265.265000000004,4256.365000000004,4260.305000000004,18938
2026-08-05T17:00:00+00:00,4260.305000000004,4264.375000000005,4254.775000000004,4262.725000000004,20256
2026-08-05T17:30:00+00:00,4262.725000000004,4270.235000000004,4258.845000000004,4268.155000000004,16962
2026-08-05T18:00:00+00:00,4268.155000000004,4285.765000000004,4267.105000000004,4280.805000000004,16589
2026-08-05T18:30:00+00:00,4280.805000000004,4281.585000000005,4272.525000000004,4278.825000000004,14576
2026-08-05T19:00:00+00:00,4278.825000000004,4280.045000000005,4268.355000000004,4270.735000000004,14281
2026-08-05T19:30:00+00:00,4270.735000000004,4271.825000000004,4264.225000000004,4265.035000000004,18860
2026-08-05T20:00:00+00:00,4265.035000000004,4267.535000000004,4263.395000000004,4264.225000000004,6188
2026-08-05T20:30:00+00:00,4264.225000000004,4267.495000000004,4261.115000000004,4265.055000000004,3923
2026-08-05T22:00:00+00:00,4265.055000000004,4272.775000000005,4263.145000000004,4266.795000000005,5505.831581218608
2026-08-05T22:30:00+00:00,4266.795000000005,4269.215000000005,4266.465000000005,4268.905000000005,4045
2026-08-05T23:00:00+00:00,4268.905000000005,4283.075000000005,4268.115000000005,4282.565000000005,6035
2026-08-05T23:30:00+00:00,4282.565000000005,4300.855000000005,4280.035000000005,4296.945000000005,15075
2026-08-06T00:00:00+00:00,4296.945000000005,4303.565000000005,4283.445000000005,4292.845000000005,27027
2026-08-06T00:30:00+00:00,4292.845000000005,4319.215000000005,4292.595000000005,4313.605000000005,24916
2026-08-06T01:00:00+00:00,4313.605000000005,4321.385000000005,4291.785000000005,4294.955000000005,41559
2026-08-06T01:30:00+00:00,4294.955000000005,4316.215000000005,4294.715000000005,4305.375000000005,32966
2026-08-06T02:00:00+00:00,4305.375000000005,4322.965000000005,4302.275000000005,4311.105000000005,21233
2026-08-06T02:30:00+00:00,4311.105000000005,4311.365000000005,4293.9150000000045,4297.485000000005,23272
2026-08-06T03:00:00+00:00,4297.485000000005,4299.815000000005,4279.835000000005,4285.175000000005,22558
2026-08-06T03:30:00+00:00,4285.175000000005,4285.565000000005,4279.4150000000045,4284.675000000005,12568
2026-08-06T04:00:00+00:00,4284.675000000005,4286.095000000005,4271.805000000005,4274.285000000005,11772
2026-08-06T04:30:00+00:00,4274.285000000005,4281.845000000005,4274.285000000005,4281.095000000005,9515
2026-08-06T05:00:00+00:00,4281.095000000005,4284.215000000005,4271.905000000005,4272.875000000005,14395
2026-08-06T05:30:00+00:00,4272.875000000005,4287.325000000005,4266.085000000005,4286.145000000005,20704
2026-08-06T06:00:00+00:00,4286.145000000005,4287.395000000005,4273.325000000005,4276.535000000005,16521
2026-08-06T06:30:00+00:00,4276.535000000005,4276.995000000005,4268.125000000005,4274.865000000005,13316
2026-08-06T07:00:00+00:00,4274.865000000005,4284.105000000005,4272.095000000005,4280.735000000005,12582
2026-08-06T07:30:00+00:00,4280.735000000005,4281.765000000005,4271.225000000005,4281.555000000005,10395
2026-08-06T08:00:00+00:00,4281.555000000005,4289.145000000005,4279.145000000005,4286.685000000005,12716
2026-08-06T08:30:00+00:00,4286.685000000005,4297.745000000005,4285.225000000005,4297.115000000005,14375
2026-08-06T09:00:00+00:00,4297.115000000005,4303.535000000005,4294.985000000005,4302.335000000005,13774
2026-08-06T09:30:00+00:00,4302.335000000005,4303.185000000005,4290.145000000005,4291.865000000005,10136
2026-08-06T10:00:00+00:00,4291.865000000005,4292.425000000005,4285.985000000005,4288.035000000005,11101
2026-08-06T10:30:00+00:00,4288.035000000005,4290.395000000005,4283.495000000005,4289.765000000005,9645
2026-08-06T11:00:00+00:00,4289.765000000005,4292.295000000005,4279.345000000005,4283.005000000005,13285
2026-08-06T11:30:00+00:00,4283.005000000005,4285.835000000005,4273.245000000005,4282.135000000005,14526
2026-08-06T12:00:00+00:00,4282.135000000005,4284.505000000005,4272.145000000005,4280.515000000005,16590
2026-08-06T12:30:00+00:00,4280.515000000005,4289.555000000005,4267.995000000005,4269.1650000000045,19958
2026-08-06T13:00:00+00:00,4269.1650000000045,4274.735000000005,4249.725000000005,4266.625000000005,32300
2026-08-06T13:30:00+00:00,4266.625000000005,4293.035000000005,4264.6650000000045,4285.865000000005,46670
2026-08-06T14:00:00+00:00,4285.865000000005,4294.105000000005,4279.045000000005,4284.205000000005,34956
2026-08-06T14:30:00+00:00,4284.205000000005,4293.815000000005,4281.625000000005,4291.905000000005,29614
2026-08-06T15:00:00+00:00,4291.905000000005,4293.105000000005,4269.435000000005,4273.755000000005,32922
2026-08-06T15:30:00+00:00,4273.755000000005,4274.475000000005,4248.335000000005,4252.625000000005,31454
2026-08-06T16:00:00+00:00,4252.625000000005,4261.795000000005,4242.285000000005,4249.015000000005,40041
2026-08-06T16:30:00+00:00,4249.015000000005,4261.405000000005,4248.9150000000045,4260.215000000005,22330
2026-08-06T17:00:00+00:00,4260.215000000005,4263.325000000005,4257.275000000005,4260.655000000005,18509
2026-08-06T17:30:00+00:00,4260.655000000005,4266.965000000005,4257.375000000005,4265.995000000005,13544
2026-08-06T18:00:00+00:00,4265.995000000005,4268.515000000005,4263.005000000005,4265.575000000005,13516
2026-08-06T18:30:00+00:00,4265.575000000005,4266.655000000005,4259.6650000000045,4262.245000000005,8959
2026-08-06T19:00:00+00:00,4262.245000000005,4270.195000000005,4254.045000000005,4256.255000000005,15425
2026-08-06T19:30:00+00:00,4256.255000000005,4269.535000000005,4251.815000000005,4267.695000000005,22466
2026-08-06T20:00:00+00:00,4267.695000000005,4269.005000000005,4258.765000000005,4260.745000000005,6595
2026-08-06T20:30:00+00:00,4260.745000000005,4261.315000000005,4253.715000000005,4258.365000000005,5099
2026-08-06T22:00:00+00:00,4258.365000000005,4258.405000000005,4249.355000000005,4256.165000000005,2995.1448316264537
2026-08-06T22:30:00+00:00,4256.165000000005,4257.115000000005,4252.565000000005,4254.3750000000055,2975
2026-08-06T23:00:00+00:00,4254.3750000000055,4259.715000000006,4253.8350000000055,4258.705000000005,3358
2026-08-06T23:30:00+00:00,4258.705000000005,4266.645000000005,4258.215000000006,4265.915000000005,6925
2026-08-07T00:00:00+00:00,4265.915000000005,4266.315000000005,4252.8750000000055,4257.705000000005,17664
2026-08-07T00:30:00+00:00,4257.705000000005,4257.705000000005,4243.255000000006,4246.275000000005,21082
2026-08-07T01:00:00+00:00,4246.275000000005,4263.785000000005,4245.435000000005,4257.005000000006,28721
2026-08-07T01:30:00+00:00,4257.005000000006,4272.895000000005,4252.825000000005,4270.475000000005,22157
2026-08-07T02:00:00+00:00,4270.475000000005,4275.1250000000055,4269.655000000005,4274.5450000000055,11705
2026-08-07T02:30:00+00:00,4274.5450000000055,4275.235000000005,4260.825000000005,4263.895000000005,17263
2026-08-07T03:00:00+00:00,4263.895000000005,4273.035000000005,4263.245000000005,4272.3350000000055,15395
2026-08-07T03:30:00+00:00,4272.3350000000055,4280.1250000000055,4271.145000000005,4279.945000000005,8791
2026-08-07T04:00:00+00:00,4279.945000000005,4282.905000000005,4275.445000000005,4278.495000000005,13444
2026-08-07T04:30:00+00:00,4278.495000000005,4282.0450000000055,4274.205000000005,4278.555000000005,9305
2026-08-07T05:00:00+00:00,4278.555000000005,4284.765000000005,4275.575000000005,4280.285000000005,12499
2026-08-07T05:30:00+00:00,4280.285000000005,4294.055000000005,4279.655000000005,4292.405000000005,20234
2026-08-07T06:00:00+00:00,4292.405000000005,4304.985000000005,4292.055000000005,4297.035000000005,20598
2026-08-07T06:30:00+00:00,4297.035000000005,4312.455000000005,4293.705000000005,4310.905000000005,18527
2026-08-07T07:00:00+00:00,4310.905000000005,4311.495000000005,4298.255000000006,4299.145000000005,13386
2026-08-07T07:30:00+00:00,4299.145000000005,4304.805000000005,4296.495000000005,4303.635000000005,11249
2026-08-07T08:00:00+00:00,4303.635000000005,4314.315000000005,4302.615000000005,4308.615000000005,13479
2026-08-07T08:30:00+00:00,4308.615000000005,4329.905000000005,4307.5850000000055,4319.715000000006,17490
2026-08-07T09:00:00+00:00,4319.715000000006,4324.345000000005,4318.245000000005,4320.455000000005,11086
2026-08-07T09:30:00+00:00,4320.455000000005,4334.135000000005,4315.845000000005,4329.705000000005,15793
2026-08-07T10:00:00+00:00,4329.705000000005,4332.985000000005,4321.705000000005,4327.205000000005,11933
2026-08-07T10:30:00+00:00,4327.205000000005,4334.245000000005,4326.655000000005,4330.515000000005,10823
2026-08-07T11:00:00+00:00,4330.515000000005,4340.775000000005,4330.395000000005,4338.655000000005,15818
2026-08-07T11:30:00+00:00,4338.655000000005,4341.3350000000055,4334.3350000000055,4334.775000000005,13216
2026-08-07T12:00:00+00:00,4334.775000000005,4338.915000000005,4314.655000000005,4323.3350000000055,20848
2026-08-07T12:30:00+00:00,4323.3350000000055,4385.385000000005,4323.3350000000055,4375.025000000005,58613
2026-08-07T13:00:00+00:00,4375.025000000005,4376.815000000005,4353.155000000005,4369.815000000005,41982
2026-08-07T13:30:00+00:00,4369.815000000005,4381.425000000006,4355.935000000005,4361.755000000006,57917
2026-08-07T14:00:00+00:00,4361.755000000006,4366.345000000005,4341.005000000006,4362.535000000005,73754
2026-08-07T14:30:00+00:00,4362.535000000005,4364.255000000006,4353.975000000005,4355.185000000005,42485
2026-08-07T15:00:00+00:00,4355.185000000005,4372.065000000005,4353.965000000006,4365.055000000005,33021
2026-08-07T15:30:00+00:00,4365.055000000005,4367.505000000006,4353.405000000005,4354.635000000005,26446
2026-08-07T16:00:00+00:00,4354.635000000005,4363.175000000006,4347.975000000005,4351.1250000000055,29782
2026-08-07T16:30:00+00:00,4351.1250000000055,4355.7950000000055,4342.745000000005,4342.745000000005,26354
2026-08-07T17:00:00+00:00,4342.745000000005,4355.815000000005,4341.525000000005,4353.345000000005,20772
2026-08-07T17:30:00+00:00,4353.345000000005,4356.725000000005,4343.405000000005,4353.785000000005,18356
2026-08-07T18:00:00+00:00,4353.785000000005,4356.535000000005,4345.775000000005,4347.935000000005,13630
2026-08-07T18:30:00+00:00,4347.935000000005,4352.345000000005,4346.485000000005,4349.015000000005,9669
2026-08-07T19:00:00+00:00,4349.015000000005,4363.785000000005,4349.015000000005,4362.055000000005,23494
2026-08-07T19:30:00+00:00,4362.055000000005,4362.935000000005,4353.405000000005,4357.525000000005,24484
2026-08-07T20:00:00+00:00,4357.525000000005,4358.645000000005,4350.565000000005,4351.245000000005,5654
2026-08-07T20:30:00+00:00,4351.245000000005,4355.655000000005,4349.525000000005,4354.515000000005,1980
2026-08-09T22:00:00+00:00,4354.515000000005,4369.755000000006,4352.055000000005,4363.575000000005,10426.100770676418
2026-08-09T22:30:00+00:00,4363.575000000005,4365.395000000005,4359.935000000005,4361.675000000006,4167
2026-08-09T23:00:00+00:00,4361.675000000006,4369.0450000000055,4361.315000000005,4366.245000000005,5169
2026-08-09T23:30:00+00:00,4366.245000000005,4367.365000000005,4351.645000000005,4352.765000000005,8962
2026-08-10T00:00:00+00:00,4352.765000000005,4367.155000000005,4352.315000000005,4357.6250000000055,21116
2026-08-10T00:30:00+00:00,4357.6250000000055,4359.425000000006,4350.765000000005,4352.075000000005,18071
2026-08-10T01:00:00+00:00,4352.075000000005,4360.805000000005,4336.135000000006,4336.165000000005,33697
2026-08-10T01:30:00+00:00,4336.165000000005,4344.105000000005,4333.285000000005,4342.3750000000055,26016
2026-08-10T02:00:00+00:00,4342.3750000000055,4352.205000000005,4338.655000000005,4350.895000000005,17124
2026-08-10T02:30:00+00:00,4350.895000000005,4352.505000000006,4338.735000000005,4339.715000000006,17237
2026-08-10T03:00:00+00:00,4339.715000000006,4348.435000000005,4337.695000000005,4347.215000000006,13129
2026-08-10T03:30:00+00:00,4347.215000000006,4349.895000000005,4344.175000000006,4346.785000000005,8488
2026-08-10T04:00:00+00:00,4346.785000000005,4357.715000000006,4342.905000000005,4354.785000000005,10211
2026-08-10T04:30:00+00:00,4354.785000000005,4359.5850000000055,4349.645000000005,4359.455000000005,9351
2026-08-10T05:00:00+00:00,4359.455000000005,4359.8350000000055,4352.665000000005,4353.815000000005,7889
2026-08-10T05:30:00+00:00,4353.815000000005,4372.265000000005,4351.555000000005,4367.385000000006,21954
2026-08-10T06:00:00+00:00,4367.385000000006,4370.115000000005,4361.825000000005,4368.3350000000055,14280
2026-08-10T06:30:00+00:00,4368.3350000000055,4379.825000000005,4365.945000000005,4378.025000000005,13255
2026-08-10T07:00:00+00:00,4378.025000000005,4378.895000000005,4370.065000000005,4375.165000000005,12605
2026-08-10T07:30:00+00:00,4375.165000000005,4382.0850000000055,4372.595000000006,4375.385000000006,12166
2026-08-10T08:00:00+00:00,4375.385000000006,4376.305000000005,4371.535000000005,4375.455000000005,9357
2026-08-10T08:30:00+00:00,4375.455000000005,4376.775000000005,4363.855000000005,4366.665000000005,11431
2026-08-10T09:00:00+00:00,4366.665000000005,4370.025000000005,4364.7950000000055,4366.925000000006,9221
2026-08-10T09:30:00+00:00,4366.925000000006,4367.005000000006,4360.475000000005,4361.165000000005,8523
2026-08-10T10:00:00+00:00,4361.165000000005,4364.205000000005,4359.115000000005,4363.815000000005,8686
2026-08-10T10:30:00+00:00,4363.815000000005,4364.245000000005,4355.215000000006,4355.725000000005,8749
2026-08-10T11:00:00+00:00,4355.725000000005,4356.945000000005,4348.8750000000055,4354.635000000006,10221
2026-08-10T11:30:00+00:00,4354.635000000006,4359.415000000005,4352.025000000005,4355.135000000006,9381
2026-08-10T12:00:00+00:00,4355.135000000006,4357.605000000005,4344.0850000000055,4347.765000000005,13765
2026-08-10T12:30:00+00:00,4347.765000000005,4355.685000000005,4346.385000000006,4352.535000000005,15582
2026-08-10T13:00:00+00:00,4352.535000000005,4357.925000000006,4345.985000000005,4355.115000000005,20493
2026-08-10T13:30:00+00:00,4355.115000000005,4359.985000000005,4336.635000000006,4338.055000000005,54008
2026-08-10T14:00:00+00:00,4338.055000000005,4368.235000000005,4338.025000000005,4365.595000000006,30923
2026-08-10T14:30:00+00:00,4365.595000000006,4371.935000000005,4362.615000000005,4365.435000000005,24976
2026-08-10T15:00:00+00:00,4365.435000000005,4372.6250000000055,4363.0850000000055,4369.265000000005,27634
2026-08-10T15:30:00+00:00,4369.265000000005,4379.6250000000055,4367.785000000005,4378.5850000000055,23722
2026-08-10T16:00:00+00:00,4378.5850000000055,4384.7950000000055,4376.7950000000055,4382.715000000006,30551
2026-08-10T16:30:00+00:00,4382.715000000006,4383.0850000000055,4368.925000000006,4376.905000000005,23829
2026-08-10T17:00:00+00:00,4376.905000000005,4381.325000000005,4371.725000000005,4381.135000000006,20114
2026-08-10T17:30:00+00:00,4381.135000000006,4385.555000000005,4377.735000000005,4380.405000000005,19148
2026-08-10T18:00:00+00:00,4380.405000000005,4387.255000000006,4379.965000000006,4385.955000000005,20376
2026-08-10T18:30:00+00:00,4385.955000000005,4402.645000000005,4385.195000000005,4398.505000000006,25820
2026-08-10T19:00:00+00:00,4398.505000000006,4411.755000000006,4398.485000000005,4410.8750000000055,29769
2026-08-10T19:30:00+00:00,4410.8750000000055,4415.365000000005,4404.325000000005,4408.485000000005,32526
2026-08-10T20:00:00+00:00,4408.485000000005,4412.095000000006,4405.705000000005,4410.995000000005,5624
2026-08-10T20:30:00+00:00,4410.995000000005,4412.055000000005,4408.655000000005,4409.355000000005,3335
2026-08-10T22:00:00+00:00,4409.355000000005,4412.285000000005,4406.055000000005,4410.825000000005,5544.021798365123
2026-08-10T22:30:00+00:00,4410.825000000005,4419.945000000005,4410.805000000005,4418.635000000005,4335
2026-08-10T23:00:00+00:00,4418.635000000005,4420.995000000005,4413.345000000005,4414.255000000006,5144
2026-08-10T23:30:00+00:00,4414.255000000006,4421.3750000000055,4414.005000000006,4421.0850000000055,7757
2026-08-11T00:00:00+00:00,4421.0850000000055,4435.0450000000055,4415.155000000005,4433.005000000006,15919
2026-08-11T00:30:00+00:00,4433.005000000006,4438.105000000005,4426.175000000006,4428.2950000000055,14309
2026-08-11T01:00:00+00:00,4428.2950000000055,4439.135000000005,4412.195000000005,4438.095000000005,35770
2026-08-11T01:30:00+00:00,4438.095000000005,4453.025000000005,4433.515000000005,4448.5450000000055,23883
2026-08-11T02:00:00+00:00,4448.5450000000055,4454.155000000005,4440.485000000005,4447.3750000000055,17438
2026-08-11T02:30:00+00:00,4447.3750000000055,4448.185000000005,4426.815000000005,4429.675000000006,20173
2026-08-11T03:00:00+00:00,4429.675000000006,4439.565000000005,4428.2950000000055,4439.2950000000055,14060
2026-08-11T03:30:00+00:00,4439.2950000000055,4440.405000000005,4432.955000000005,4435.605000000005,7948
2026-08-11T04:00:00+00:00,4435.605000000005,4438.535000000005,4428.755000000006,4434.235000000005,8884
2026-08-11T04:30:00+00:00,4434.235000000005,4439.215000000006,4421.965000000006,4427.785000000005,14612
2026-08-11T05:00:00+00:00,4427.785000000005,4427.995000000005,4409.665000000005,4411.305000000005,11725
2026-08-11T05:30:00+00:00,4411.305000000005,4411.305000000005,4386.3750000000055,4394.255000000006,34433
2026-08-11T06:00:00+00:00,4394.255000000006,4401.435000000005,4380.575000000005,4382.3350000000055,23939
2026-08-11T06:30:00+00:00,4382.3350000000055,4388.245000000005,4378.495000000005,4385.185000000005,19830
2026-08-11T07:00:00+00:00,4385.185000000005,4386.475000000005,4376.355000000005,4381.8750000000055,14598
2026-08-11T07:30:00+00:00,4381.8750000000055,4383.775000000005,4375.535000000005,4376.535000000005,12276
2026-08-11T08:00:00+00:00,4376.535000000005,4388.665000000005,4375.815000000005,4388.135000000005,13985
2026-08-11T08:30:00+00:00,4388.135000000005,4395.555000000005,4387.505000000006,4387.935000000005,12063
2026-08-11T09:00:00+00:00,4387.935000000005,4394.505000000006,4386.415000000005,4390.745000000005,12508
2026-08-11T09:30:00+00:00,4390.745000000005,4393.995000000005,4388.755000000006,4391.215000000006,9301
2026-08-11T10:00:00+00:00,4391.215000000006,4400.685000000005,4390.005000000006,4397.115000000005,11805
2026-08-11T10:30:00+00:00,4397.115000000005,4401.505000000006,4395.765000000005,4401.215000000006,9850
2026-08-11T11:00:00+00:00,4401.215000000006,4411.885000000005,4399.285000000005,4406.175000000006,25644
2026-08-11T11:30:00+00:00,4406.175000000006,4408.745000000005,4401.855000000005,4406.515000000005,12406
2026-08-11T12:00:00+00:00,4406.515000000005,4418.565000000005,4402.685000000005,4410.065000000005,23377
2026-08-11T12:30:00+00:00,4410.065000000005,4418.955000000005,4407.675000000006,4411.285000000005,17250
2026-08-11T13:00:00+00:00,4411.285000000005,4419.725000000005,4408.215000000006,4416.725000000005,24481
2026-08-11T13:30:00+00:00,4416.725000000005,4423.065000000005,4403.285000000005,4407.845000000005,48051
2026-08-11T14:00:00+00:00,4407.845000000005,4409.075000000005,4400.005000000006,4402.805000000005,35669
2026-08-11T14:30:00+00:00,4402.805000000005,4416.785000000005,4402.805000000005,4412.955000000005,26246
2026-08-11T15:00:00+00:00,4412.955000000005,4417.645000000005,4400.8350000000055,4405.6250000000055,27280
2026-08-11T15:30:00+00:00,4405.6250000000055,4405.965000000006,4387.825000000005,4402.6250000000055,31831
2026-08-11T16:00:00+00:00,4402.6250000000055,4403.705000000005,4397.235000000005,4401.825000000005,17618
2026-08-11T16:30:00+00:00,4401.825000000005,4404.705000000005,4398.115000000005,4402.135000000005,13497
2026-08-11T17:00:00+00:00,4402.135000000005,4404.5450000000055,4397.725000000005,4400.185000000005,16820
2026-08-11T17:30:00+00:00,4400.185000000005,4400.725000000005,4387.845000000005,4387.925000000006,14349
2026-08-11T18:00:00+00:00,4387.925000000006,4388.1250000000055,4379.0450000000055,4380.155000000005,24431
2026-08-11T18:30:00+00:00,4380.155000000005,4391.485000000005,4379.975000000005,4390.395000000005,10525
2026-08-11T19:00:00+00:00,4390.395000000005,4391.105000000005,4380.1250000000055,4389.265000000005,14261
2026-08-11T19:30:00+00:00,4389.265000000005,4393.165000000005,4385.055000000005,4389.485000000005,14986
2026-08-11T20:00:00+00:00,4389.485000000005,4389.995000000005,4386.455000000005,4389.155000000005,4309
2026-08-11T20:30:00+00:00,4389.155000000005,4389.285000000005,4385.895000000005,4387.595000000005,3037
2026-08-11T22:00:00+00:00,4387.595000000005,4396.215000000005,4386.845000000005,4395.6650000000045,5999.151878862794
2026-08-11T22:30:00+00:00,4395.6650000000045,4397.505000000005,4386.215000000005,4387.975000000005,7527
2026-08-11T23:00:00+00:00,4387.975000000005,4393.675000000005,4381.525000000004,4391.825000000004,10511
2026-08-11T23:30:00+00:00,4391.825000000004,4391.825000000004,4385.625000000005,4390.485000000004,5744
2026-08-12T00:00:00+00:00,4390.485000000004,4400.105000000005,4385.375000000005,4399.745000000004,16915
2026-08-12T00:30:00+00:00,4399.745000000004,4402.745000000004,4396.575000000004,4399.605000000005,11689
2026-08-12T01:00:00+00:00,4399.605000000005,4413.155000000004,4397.255000000005,4409.4550000000045,21448
2026-08-12T01:30:00+00:00,4409.4550000000045,4416.365000000004,4404.225000000005,4415.375000000005,16320
2026-08-12T02:00:00+00:00,4415.375000000005,4423.855000000005,4413.065000000004,4421.235000000004,13344
2026-08-12T02:30:00+00:00,4421.235000000004,4433.605000000005,4416.695000000004,4430.1650000000045,17417
2026-08-12T03:00:00+00:00,4430.1650000000045,4435.095000000005,4423.485000000004,4426.375000000005,14834
2026-08-12T03:30:00+00:00,4426.375000000005,4427.7050000000045,4419.6650000000045,4421.265000000005,8283
2026-08-12T04:00:00+00:00,4421.265000000005,4422.405000000004,4414.515000000005,4417.885000000005,7109
2026-08-12T04:30:00+00:00,4417.885000000005,4421.395000000005,4414.325000000004,4420.155000000004,6765
2026-08-12T05:00:00+00:00,4420.155000000004,4423.945000000004,4411.545000000005,4411.695000000004,8587
2026-08-12T05:30:00+00:00,4411.695000000004,4416.045000000005,4402.935000000005,4409.9550000000045,18936
2026-08-12T06:00:00+00:00,4409.9550000000045,4412.025000000004,4404.2050000000045,4408.695000000004,12530
2026-08-12T06:30:00+00:00,4408.695000000004,4425.385000000005,4407.435000000005,4422.485000000004,15106
2026-08-12T07:00:00+00:00,4422.485000000004,4425.105000000005,4417.175000000005,4421.475000000005,10889
2026-08-12T07:30:00+00:00,4421.475000000005,4429.085000000005,4420.345000000005,4425.215000000005,9769
2026-08-12T08:00:00+00:00,4425.215000000005,4429.655000000004,4424.675000000005,4426.075000000004,8992
2026-08-12T08:30:00+00:00,4426.075000000004,4426.685000000005,4420.7050000000045,4420.855000000005,7981
2026-08-12T09:00:00+00:00,4420.855000000005,4443.335000000005,4420.855000000005,4432.305000000005,17987
2026-08-12T09:30:00+00:00,4432.305000000005,4436.105000000005,4429.645000000005,4434.845000000005,13239
2026-08-12T10:00:00+00:00,4434.845000000005,4440.085000000005,4433.6650000000045,4438.635000000005,8255
2026-08-12T10:30:00+00:00,4438.635000000005,4439.005000000005,4425.9150000000045,4431.755000000005,11223
2026-08-12T11:00:00+00:00,4431.755000000005,4435.805000000005,4426.905000000004,4434.125000000005,9322
2026-08-12T11:30:00+00:00,4434.125000000005,4434.9150000000045,4429.195000000004,4431.825000000004,8104
2026-08-12T12:00:00+00:00,4431.825000000004,4445.745000000004,4423.735000000004,4445.745000000004,17904
2026-08-12T12:30:00+00:00,4445.745000000004,4457.495000000004,4399.885000000005,4456.295000000005,65295
2026-08-12T13:00:00+00:00,4456.295000000005,4460.625000000005,4433.545000000005,4437.515000000005,42827
2026-08-12T13:30:00+00:00,4437.515000000005,4452.975000000005,4427.375000000005,4446.585000000005,68230
2026-08-12T14:00:00+00:00,4446.585000000005,4458.835000000005,4439.655000000004,4450.625000000005,45855
2026-08-12T14:30:00+00:00,4450.625000000005,4455.215000000005,4435.395000000005,4441.055000000005,55658
2026-08-12T15:00:00+00:00,4441.055000000005,4449.005000000005,4433.965000000005,4440.675000000005,35243
2026-08-12T15:30:00+00:00,4440.675000000005,4444.585000000005,4429.995000000004,4440.085000000005,23406
2026-08-12T16:00:00+00:00,4440.085000000005,4445.475000000005,4435.785000000004,4442.195000000004,21167
2026-08-12T16:30:00+00:00,4442.195000000004,4442.9150000000045,4415.215000000005,4420.525000000004,33872
2026-08-12T17:00:00+00:00,4420.525000000004,4428.845000000005,4418.585000000005,4425.535000000004,27955
2026-08-12T17:30:00+00:00,4425.535000000004,4430.595000000005,4417.945000000004,4418.520000000005,14390.097071193119
2026-08-12T18:00:00+00:00,4418.520000000005,4430.320000000005,4415.490000000005,4427.350000000005,11577
2026-08-12T18:30:00+00:00,4427.350000000005,4436.950000000005,4427.090000000005,4432.260000000005,11408
2026-08-12T19:00:00+00:00,4432.260000000005,4437.490000000005,4431.980000000005,4435.810000000005,11383
2026-08-12T19:30:00+00:00,4435.810000000005,4435.880000000005,4427.190000000005,4433.010000000005,15289
2026-08-12T20:00:00+00:00,4433.010000000005,4433.340000000005,4425.720000000005,4426.810000000005,4342
2026-08-12T20:30:00+00:00,4426.810000000005,4428.090000000005,4425.790000000005,4427.190000000005,3660
2026-08-12T22:00:00+00:00,4427.190000000005,4428.070000000005,4416.050000000006,4417.080000000005,5077.410028541775
2026-08-12T22:30:00+00:00,4417.080000000005,4420.680000000006,4416.360000000005,4419.280000000005,3515
2026-08-12T23:00:00+00:00,4419.280000000005,4426.810000000005,4418.750000000005,4425.330000000005,3681
2026-08-12T23:30:00+00:00,4425.330000000005,4431.480000000005,4424.390000000005,4431.430000000005,3918
2026-08-13T00:00:00+00:00,4431.430000000005,4454.570000000005,4429.900000000005,4445.400000000005,19178
2026-08-13T00:30:00+00:00,4445.400000000005,4466.660000000005,4441.080000000005,4444.930000000005,22786
2026-08-13T01:00:00+00:00,4444.930000000005,4452.410000000005,4436.180000000005,4436.270000000005,32043
2026-08-13T01:30:00+00:00,4436.270000000005,4447.120000000005,4423.180000000005,4425.450000000005,27268
2026-08-13T02:00:00+00:00,4425.450000000005,4431.060000000005,4422.290000000005,4423.490000000005,17346
2026-08-13T02:30:00+00:00,4423.490000000005,4427.390000000005,4416.050000000005,4423.980000000005,21246
2026-08-13T03:00:00+00:00,4423.980000000005,4429.190000000005,4420.980000000005,4426.130000000005,16319
2026-08-13T03:30:00+00:00,4426.130000000005,4427.460000000005,4415.600000000005,4417.150000000005,9234
2026-08-13T04:00:00+00:00,4417.150000000005,4417.450000000005,4408.610000000005,4415.080000000005,13525
2026-08-13T04:30:00+00:00,4415.080000000005,4416.500000000005,4412.030000000005,4414.790000000005,9888
2026-08-13T05:00:00+00:00,4414.790000000005,4424.230000000005,4410.070000000005,4423.270000000005,14498
2026-08-13T05:30:00+00:00,4423.270000000005,4423.520000000005,4397.570000000005,4399.980000000005,29209
2026-08-13T06:00:00+00:00,4399.980000000005,4402.530000000005,4391.110000000005,4392.890000000005,20253
2026-08-13T06:30:00+00:00,4392.890000000005,4398.560000000005,4385.830000000005,4397.890000000005,17980
2026-08-13T07:00:00+00:00,4397.890000000005,4398.720000000005,4390.700000000005,4393.430000000005,15062
2026-08-13T07:30:00+00:00,4393.430000000005,4395.810000000005,4386.250000000005,4386.920000000005,15756
2026-08-13T08:00:00+00:00,4386.920000000005,4390.570000000005,4381.160000000005,4389.700000000005,16978
2026-08-13T08:30:00+00:00,4389.700000000005,4396.140000000005,4388.850000000005,4392.920000000005,10483
2026-08-13T09:00:00+00:00,4392.920000000005,4399.240000000005,4389.500000000005,4396.890000000005,11530
2026-08-13T09:30:00+00:00,4396.890000000005,4401.860000000005,4395.410000000005,4401.510000000005,9540
2026-08-13T10:00:00+00:00,4401.510000000005,4404.640000000005,4398.370000000005,4404.080000000005,9531
2026-08-13T10:30:00+00:00,4404.080000000005,4410.750000000005,4401.530000000005,4409.090000000005,7644
2026-08-13T11:00:00+00:00,4409.090000000005,4413.480000000005,4404.730000000005,4404.930000000005,9669
2026-08-13T11:30:00+00:00,4404.930000000005,4406.910000000005,4399.780000000005,4404.720000000005,11060
2026-08-13T12:00:00+00:00,4404.720000000005,4409.320000000005,4401.080000000005,4407.690000000005,16431
2026-08-13T12:30:00+00:00,4407.690000000005,4418.890000000005,4398.070000000005,4418.830000000005,26191
2026-08-13T13:00:00+00:00,4418.830000000005,4418.840000000005,4400.950000000005,4402.310000000005,28611
2026-08-13T13:30:00+00:00,4402.310000000005,4406.780000000005,4387.700000000005,4389.750000000005,54623
2026-08-13T14:00:00+00:00,4389.750000000005,4395.670000000005,4383.640000000005,4384.650000000005,62084
2026-08-13T14:30:00+00:00,4384.650000000005,4403.890000000005,4374.690000000005,4400.680000000005,37088
2026-08-13T15:00:00+00:00,4400.680000000005,4402.630000000005,4380.590000000005,4382.310000000005,33672
2026-08-13T15:30:00+00:00,4382.310000000005,4388.540000000005,4374.570000000005,4381.970000000005,26505
2026-08-13T16:00:00+00:00,4381.970000000005,4384.370000000005,4368.280000000005,4379.540000000005,30669
2026-08-13T16:30:00+00:00,4379.540000000005,4385.360000000005,4379.540000000005,4383.870000000005,16178
2026-08-13T17:00:00+00:00,4383.870000000005,4390.320000000005,4379.440000000005,4380.110000000005,18647
2026-08-13T17:30:00+00:00,4380.110000000005,4381.370000000005,4372.600000000005,4372.870000000005,17304
2026-08-13T18:00:00+00:00,4372.870000000005,4380.570000000005,4371.780000000005,4374.540000000005,22542
2026-08-13T18:30:00+00:00,4374.540000000005,4377.260000000005,4371.590000000005,4373.950000000005,13749
2026-08-13T19:00:00+00:00,4373.950000000005,4375.790000000005,4360.620000000005,4368.510000000005,16804
2026-08-13T19:30:00+00:00,4368.510000000005,4371.080000000005,4364.650000000005,4367.050000000005,18436
2026-08-13T20:00:00+00:00,4367.050000000005,4369.240000000005,4363.860000000005,4368.640000000005,5559
2026-08-13T20:30:00+00:00,4368.640000000005,4368.790000000005,4364.440000000005,4366.970000000005,4385
2026-08-13T22:00:00+00:00,4366.970000000005,4375.020000000005,4366.2500000000055,4374.4200000000055,5311.105396853693
2026-08-13T22:30:00+00:00,4374.4200000000055,4379.910000000005,4370.450000000005,4371.7100000000055,7854
2026-08-13T23:00:00+00:00,4371.7100000000055,4380.380000000006,4366.350000000005,4380.380000000006,8393
2026-08-13T23:30:00+00:00,4380.380000000006,4381.280000000005,4373.7500000000055,4373.810000000005,9271
2026-08-14T00:00:00+00:00,4373.810000000005,4379.090000000006,4356.550000000006,4356.550000000006,20009
2026-08-14T00:30:00+00:00,4356.550000000006,4364.1700000000055,4346.070000000005,4358.190000000005,23894
2026-08-14T01:00:00+00:00,4358.190000000005,4358.550000000006,4332.130000000006,4336.7100000000055,34925
2026-08-14T01:30:00+00:00,4336.7100000000055,4340.4600000000055,4329.470000000006,4335.320000000005,24294
2026-08-14T02:00:00+00:00,4335.320000000005,4339.910000000005,4328.010000000006,4330.230000000005,19899
2026-08-14T02:30:00+00:00,4330.230000000005,4339.770000000005,4328.600000000005,4332.990000000005,22075
2026-08-14T03:00:00+00:00,4332.990000000005,4343.260000000006,4330.940000000005,4342.910000000005,14399
2026-08-14T03:30:00+00:00,4342.910000000005,4345.310000000005,4340.630000000006,4340.630000000006,6773
2026-08-14T04:00:00+00:00,4340.630000000006,4344.900000000005,4339.820000000005,4342.440000000005,6952
2026-08-14T04:30:00+00:00,4342.440000000005,4344.050000000006,4340.530000000005,4344.050000000006,6396
2026-08-14T05:00:00+00:00,4344.050000000006,4344.100000000005,4334.2100000000055,4335.580000000005,10093
2026-08-14T05:30:00+00:00,4335.580000000005,4350.7500000000055,4328.070000000005,4350.7500000000055,22161
2026-08-14T06:00:00+00:00,4350.7500000000055,4353.760000000006,4345.530000000005,4346.380000000006,15106
2026-08-14T06:30:00+00:00,4346.380000000006,4353.050000000006,4345.110000000005,4352.780000000005,12251
2026-08-14T07:00:00+00:00,4352.780000000005,4354.340000000006,4346.9200000000055,4349.0000000000055,10857
2026-08-14T07:30:00+00:00,4349.0000000000055,4362.400000000005,4348.730000000005,4360.840000000006,10683
2026-08-14T08:00:00+00:00,4360.840000000006,4366.300000000006,4359.030000000005,4362.810000000005,13431
2026-08-14T08:30:00+00:00,4362.810000000005,4366.880000000006,4359.820000000005,4365.800000000006,9574
2026-08-14T09:00:00+00:00,4365.800000000006,4371.370000000005,4363.190000000005,4368.9600000000055,9424
2026-08-14T09:30:00+00:00,4368.9600000000055,4374.560000000005,4367.220000000006,4374.280000000005,8765
2026-08-14T10:00:00+00:00,4374.280000000005,4375.810000000005,4367.4200000000055,4368.550000000006,8605
2026-08-14T10:30:00+00:00,4368.550000000006,4370.700000000005,4365.380000000006,4366.5000000000055,7626
2026-08-14T11:00:00+00:00,4366.5000000000055,4374.260000000006,4365.630000000006,4373.890000000005,8904
2026-08-14T11:30:00+00:00,4373.890000000005,4386.490000000005,4373.620000000005,4386.300000000006,13179
2026-08-14T12:00:00+00:00,4386.300000000006,4397.740000000005,4383.110000000005,4397.110000000005,19729
2026-08-14T12:30:00+00:00,4397.110000000005,4404.050000000006,4388.130000000006,4390.650000000005,22586
2026-08-14T13:00:00+00:00,4390.650000000005,4403.650000000005,4387.360000000005,4401.620000000005,23900
2026-08-14T13:30:00+00:00,4401.620000000005,4413.690000000005,4400.060000000005,4401.360000000005,35695
2026-08-14T14:00:00+00:00,4401.360000000005,4411.730000000005,4401.290000000005,4408.430000000005,33554
2026-08-14T14:30:00+00:00,4408.430000000005,4408.790000000005,4396.020000000005,4398.570000000005,22239
2026-08-14T15:00:00+00:00,4398.570000000005,4411.330000000005,4396.230000000005,4401.940000000005,25828
2026-08-14T15:30:00+00:00,4401.940000000005,4411.840000000006,4400.980000000005,4408.840000000006,20637
2026-08-14T16:00:00+00:00,4408.840000000006,4413.830000000005,4404.010000000006,4404.660000000005,13809
2026-08-14T16:30:00+00:00,4404.660000000005,4406.200000000005,4397.510000000006,4403.020000000005,14873
2026-08-14T17:00:00+00:00,4403.020000000005,4403.650000000005,4396.510000000006,4396.660000000005,12194
2026-08-14T17:30:00+00:00,4396.660000000005,4400.010000000006,4393.410000000005,4395.640000000005,10257
2026-08-14T18:00:00+00:00,4395.640000000005,4398.900000000005,4393.6700000000055,4396.580000000005,9890
2026-08-14T18:30:00+00:00,4396.580000000005,4399.930000000005,4387.950000000005,4390.7500000000055,9304
2026-08-14T19:00:00+00:00,4390.7500000000055,4395.110000000005,4389.240000000005,4394.510000000006,8193
2026-08-14T19:30:00+00:00,4394.510000000006,4396.990000000005,4390.7100000000055,4393.240000000005,16848
2026-08-14T20:00:00+00:00,4393.240000000005,4393.240000000005,4388.410000000005,4391.970000000006,4027
2026-08-14T20:30:00+00:00,4391.970000000006,4393.990000000005,4390.550000000006,4392.780000000005,1483
2026-08-16T22:00:00+00:00,4392.780000000005,4392.780000000005,4382.290000000005,4385.590000000005,9494.285544568294
2026-08-16T22:30:00+00:00,4385.590000000005,4397.820000000005,4385.590000000005,4396.870000000005,5866
2026-08-16T23:00:00+00:00,4396.870000000005,4397.270000000005,4383.7500000000055,4385.770000000005,6060
2026-08-16T23:30:00+00:00,4385.770000000005,4386.180000000005,4378.050000000005,4381.190000000005,9135
2026-08-17T00:00:00+00:00,4381.190000000005,4401.720000000005,4378.920000000005,4400.700000000005,16369
2026-08-17T00:30:00+00:00,4400.700000000005,4413.020000000005,4398.410000000005,4411.960000000005,14093
2026-08-17T01:00:00+00:00,4411.960000000005,4427.310000000005,4410.730000000005,4417.970000000005,28335
2026-08-17T01:30:00+00:00,4417.970000000005,4419.080000000005,4402.990000000005,4406.580000000005,19704
2026-08-17T02:00:00+00:00,4406.580000000005,4409.290000000005,4400.800000000005,4406.280000000005,13805
2026-08-17T02:30:00+00:00,4406.280000000005,4408.960000000005,4399.220000000005,4404.100000000005,15517
2026-08-17T03:00:00+00:00,4404.100000000005,4405.740000000005,4399.090000000005,4403.990000000005,11640
2026-08-17T03:30:00+00:00,4403.990000000005,4408.530000000005,4402.080000000005,4407.910000000005,8360
2026-08-17T04:00:00+00:00,4407.910000000005,4410.5000000000055,4401.160000000005,4401.930000000005,8024
2026-08-17T04:30:00+00:00,4401.930000000005,4408.770000000005,4399.910000000005,4401.700000000005,8079
2026-08-17T05:00:00+00:00,4401.700000000005,4410.440000000005,4397.860000000005,4410.360000000005,9755
2026-08-17T05:30:00+00:00,4410.360000000005,4412.170000000005,4403.080000000005,4405.660000000005,17396
2026-08-17T06:00:00+00:00,4405.660000000005,4411.040000000005,4403.690000000005,4409.330000000005,15728
2026-08-17T06:30:00+00:00,4409.330000000005,4415.470000000005,4404.540000000005,4413.970000000005,12746
2026-08-17T07:00:00+00:00,4413.970000000005,4416.160000000005,4406.910000000005,4416.020000000005,13141
2026-08-17T07:30:00+00:00,4416.020000000005,4422.170000000005,4414.390000000005,4416.190000000005,11538
2026-08-17T08:00:00+00:00,4416.190000000005,4416.190000000005,4408.560000000005,4412.620000000005,10408
2026-08-17T08:30:00+00:00,4412.620000000005,4413.050000000005,4403.480000000005,4406.060000000005,9070
2026-08-17T09:00:00+00:00,4406.060000000005,4411.5000000000055,4404.230000000005,4407.7500000000055,9257
2026-08-17T09:30:00+00:00,4407.7500000000055,4408.460000000005,4403.540000000005,4406.480000000005,9140
2026-08-17T10:00:00+00:00,4406.480000000005,4416.410000000005,4402.880000000005,4416.320000000005,10729
2026-08-17T10:30:00+00:00,4416.320000000005,4416.740000000005,4406.320000000005,4409.950000000005,13664
2026-08-17T11:00:00+00:00,4409.950000000005,4415.560000000005,4407.940000000005,4414.430000000005,10353
2026-08-17T11:30:00+00:00,4414.430000000005,4415.780000000005,4406.430000000005,4407.730000000005,9439
2026-08-17T12:00:00+00:00,4407.730000000005,4409.720000000005,4393.190000000005,4396.430000000005,18249
2026-08-17T12:30:00+00:00,4396.430000000005,4401.050000000005,4388.170000000005,4395.830000000005,18725
2026-08-17T13:00:00+00:00,4395.830000000005,4400.540000000005,4392.800000000005,4397.200000000005,21813
2026-08-17T13:30:00+00:00,4397.200000000005,4426.950000000005,4395.630000000005,4419.690000000005,51412
2026-08-17T14:00:00+00:00,4419.690000000005,4438.400000000005,4414.740000000005,4428.990000000005,44979
2026-08-17T14:30:00+00:00,4428.990000000005,4435.540000000005,4425.050000000005,4428.280000000005,30924
2026-08-17T15:00:00+00:00,4428.280000000005,4436.920000000005,4426.260000000005,4436.480000000005,27763
2026-08-17T15:30:00+00:00,4436.480000000005,4438.790000000005,4428.650000000005,4438.560000000005,22594
2026-08-17T16:00:00+00:00,4438.560000000005,4439.740000000005,4433.690000000005,4435.600000000005,16607
2026-08-17T16:30:00+00:00,4435.600000000005,4437.820000000005,4433.5000000000055,4435.130000000005,11889
2026-08-17T17:00:00+00:00,4435.130000000005,4437.040000000005,4424.400000000005,4427.460000000005,19578
2026-08-17T17:30:00+00:00,4427.460000000005,4431.380000000005,4422.200000000005,4424.650000000005,15130
2026-08-17T18:00:00+00:00,4424.650000000005,4427.010000000005,4415.850000000005,4417.190000000005,17509
2026-08-17T18:30:00+00:00,4417.190000000005,4418.360000000005,4409.260000000005,4417.520000000005,14720
2026-08-17T19:00:00+00:00,4417.520000000005,4428.430000000005,4411.130000000005,4425.430000000005,17996
2026-08-17T19:30:00+00:00,4425.430000000005,4431.920000000005,4425.030000000005,4430.890000000005,19510
2026-08-17T20:00:00+00:00,4430.890000000005,4432.350000000005,4425.720000000005,4425.970000000005,3541
2026-08-17T20:30:00+00:00,4425.970000000005,4428.120000000005,4425.450000000005,4426.840000000005,2954
2026-08-17T22:00:00+00:00,4426.840000000005,4430.650000000005,4424.380000000006,4424.870000000005,4326.773524209879
2026-08-17T22:30:00+00:00,4424.870000000005,4428.520000000005,4422.780000000005,4424.060000000005,4146
2026-08-17T23:00:00+00:00,4424.060000000005,4434.150000000005,4422.010000000006,4432.730000000005,5025
2026-08-17T23:30:00+00:00,4432.730000000005,4438.390000000005,4432.390000000005,4438.280000000005,7993
2026-08-18T00:00:00+00:00,4438.280000000005,4444.070000000005,4431.390000000005,4443.900000000005,18030
2026-08-18T00:30:00+00:00,4443.900000000005,4447.350000000005,4440.730000000005,4447.190000000005,11548
2026-08-18T01:00:00+00:00,4447.190000000005,4448.550000000006,4432.590000000006,4437.260000000006,24719
2026-08-18T01:30:00+00:00,4437.260000000006,4438.490000000005,4416.610000000005,4420.320000000005,24035
2026-08-18T02:00:00+00:00,4420.320000000005,4420.470000000006,4410.940000000005,4414.810000000005,17514
2026-08-18T02:30:00+00:00,4414.810000000005,4415.020000000005,4406.400000000005,4412.310000000005,18143
2026-08-18T03:00:00+00:00,4412.310000000005,4416.380000000006,4406.680000000006,4409.630000000006,14593
2026-08-18T03:30:00+00:00,4409.630000000006,4409.630000000006,4402.940000000005,4404.230000000005,9730
2026-08-18T04:00:00+00:00,4404.230000000005,4406.110000000005,4402.370000000005,4404.810000000005,8072
2026-08-18T04:30:00+00:00,4404.810000000005,4407.870000000005,4401.470000000006,4406.050000000006,8216
2026-08-18T05:00:00+00:00,4406.050000000006,4408.370000000005,4403.200000000005,4403.760000000006,8996
2026-08-18T05:30:00+00:00,4403.760000000006,4409.940000000005,4398.4200000000055,4406.6700000000055,17012
2026-08-18T06:00:00+00:00,4406.6700000000055,4412.160000000005,4400.020000000005,4411.830000000005,14483
2026-08-18T06:30:00+00:00,4411.830000000005,4412.550000000006,4407.490000000005,4411.100000000005,10006
2026-08-18T07:00:00+00:00,4411.100000000005,4415.740000000005,4409.100000000005,4415.510000000006,11215
2026-08-18T07:30:00+00:00,4415.510000000006,4415.980000000005,4407.770000000005,4407.950000000005,10990
2026-08-18T08:00:00+00:00,4407.950000000005,4408.5000000000055,4399.200000000005,4401.770000000005,14574
2026-08-18T08:30:00+00:00,4401.770000000005,4410.980000000005,4401.600000000005,4405.630000000006,10412
2026-08-18T09:00:00+00:00,4405.630000000006,4406.270000000005,4400.890000000005,4401.680000000006,11290
2026-08-18T09:30:00+00:00,4401.680000000006,4407.300000000006,4399.340000000006,4405.6700000000055,11224
2026-08-18T10:00:00+00:00,4405.6700000000055,4408.560000000005,4402.080000000005,4404.400000000005,8994
2026-08-18T10:30:00+00:00,4404.400000000005,4411.980000000005,4403.990000000005,4409.990000000005,7759
2026-08-18T11:00:00+00:00,4409.990000000005,4411.040000000005,4402.120000000005,4402.4600000000055,9118
2026-08-18T11:30:00+00:00,4402.4600000000055,4409.150000000005,4400.9600000000055,4408.320000000005,9609
2026-08-18T12:00:00+00:00,4408.320000000005,4413.220000000006,4402.350000000005,4407.700000000005,15979
2026-08-18T12:30:00+00:00,4407.700000000005,4410.400000000005,4403.230000000005,4406.580000000005,14212
2026-08-18T13:00:00+00:00,4406.580000000005,4409.740000000005,4400.5000000000055,4401.380000000006,24704
2026-08-18T13:30:00+00:00,4401.380000000006,4418.850000000005,4388.480000000005,4406.9600000000055,63942
2026-08-18T14:00:00+00:00,4406.9600000000055,4418.7500000000055,4403.510000000006,4406.470000000006,43726
2026-08-18T14:30:00+00:00,4406.470000000006,4408.7100000000055,4376.110000000005,4379.0000000000055,52638
2026-08-18T15:00:00+00:00,4379.0000000000055,4389.950000000005,4363.950000000005,4367.370000000005,63182
2026-08-18T15:30:00+00:00,4367.370000000005,4378.900000000005,4366.880000000006,4377.230000000005,37929
2026-08-18T16:00:00+00:00,4377.230000000005,4384.060000000005,4375.890000000005,4376.520000000005,24509
2026-08-18T16:30:00+00:00,4376.520000000005,4381.160000000005,4375.080000000005,4376.220000000006,22402
2026-08-18T17:00:00+00:00,4376.220000000006,4380.540000000005,4375.430000000006,4377.770000000005,23312
2026-08-18T17:30:00+00:00,4377.770000000005,4378.510000000006,4368.980000000005,4370.050000000006,19457
2026-08-18T18:00:00+00:00,4370.050000000006,4373.380000000006,4365.020000000005,4372.610000000005,14958
2026-08-18T18:30:00+00:00,4372.610000000005,4372.970000000006,4365.220000000006,4366.650000000005,10685
2026-08-18T19:00:00+00:00,4366.650000000005,4371.060000000005,4364.810000000005,4367.180000000006,10400
2026-08-18T19:30:00+00:00,4367.180000000006,4370.130000000006,4350.870000000005,4357.950000000005,23648
2026-08-18T20:00:00+00:00,4357.950000000005,4358.740000000005,4345.930000000006,4350.2500000000055,7165
2026-08-18T20:30:00+00:00,4350.2500000000055,4351.950000000005,4341.380000000006,4346.550000000006,6631
2026-08-18T22:00:00+00:00,4346.550000000006,4358.200000000006,4346.540000000006,4350.600000000006,6795.1443792445725
2026-08-18T22:30:00+00:00,4350.600000000006,4350.850000000006,4347.140000000006,4348.530000000006,5195
2026-08-18T23:00:00+00:00,4348.530000000006,4352.950000000006,4344.710000000006,4345.120000000006,7230
2026-08-18T23:30:00+00:00,4345.120000000006,4348.860000000006,4341.630000000006,4347.640000000006,9892
2026-08-19T00:00:00+00:00,4347.640000000006,4360.970000000006,4346.080000000006,4357.540000000006,22379
2026-08-19T00:30:00+00:00,4357.540000000006,4361.830000000006,4351.760000000006,4352.590000000006,19496
2026-08-19T01:00:00+00:00,4352.590000000006,4360.940000000006,4339.120000000006,4356.900000000006,36817
2026-08-19T01:30:00+00:00,4356.900000000006,4372.210000000006,4356.900000000006,4371.100000000006,18757
2026-08-19T02:00:00+00:00,4371.100000000006,4376.580000000006,4366.300000000006,4374.270000000006,14834
2026-08-19T02:30:00+00:00,4374.270000000006,4374.800000000006,4366.140000000006,4369.610000000006,14910
2026-08-19T03:00:00+00:00,4369.610000000006,4372.500000000006,4366.500000000006,4371.610000000006,11267
2026-08-19T03:30:00+00:00,4371.610000000006,4374.930000000006,4369.4200000000055,4369.590000000006,6157
2026-08-19T04:00:00+00:00,4369.590000000006,4370.770000000006,4364.6700000000055,4365.780000000006,6881
2026-08-19T04:30:00+00:00,4365.780000000006,4366.680000000006,4358.400000000006,4363.080000000006,8118
2026-08-19T05:00:00+00:00,4363.080000000006,4365.300000000006,4351.270000000006,4359.910000000006,10056
2026-08-19T05:30:00+00:00,4359.910000000006,4360.030000000006,4349.810000000006,4350.230000000006,19770
2026-08-19T06:00:00+00:00,4350.230000000006,4362.870000000006,4349.970000000006,4357.860000000006,16355
2026-08-19T06:30:00+00:00,4357.860000000006,4364.000000000006,4351.700000000006,4363.710000000006,14634
2026-08-19T07:00:00+00:00,4363.710000000006,4371.600000000006,4362.060000000006,4371.320000000006,9915
2026-08-19T07:30:00+00:00,4371.320000000006,4377.770000000006,4367.360000000006,4369.430000000006,7673
2026-08-19T08:00:00+00:00,4369.430000000006,4377.290000000006,4365.6700000000055,4375.700000000006,10366
2026-08-19T08:30:00+00:00,4375.700000000006,4377.660000000006,4369.380000000006,4370.290000000006,10355
2026-08-19T09:00:00+00:00,4370.290000000006,4374.430000000006,4368.100000000006,4371.1700000000055,12014
2026-08-19T09:30:00+00:00,4371.1700000000055,4376.620000000006,4370.100000000006,4376.550000000006,10082
2026-08-19T10:00:00+00:00,4376.550000000006,4383.720000000006,4374.180000000006,4383.310000000006,11068
2026-08-19T10:30:00+00:00,4383.310000000006,4384.120000000006,4380.430000000006,4381.970000000006,8133
2026-08-19T11:00:00+00:00,4381.970000000006,4388.700000000006,4381.970000000006,4385.450000000006,12355
2026-08-19T11:30:00+00:00,4385.450000000006,4386.380000000006,4377.850000000006,4379.300000000006,11079
2026-08-19T12:00:00+00:00,4379.300000000006,4388.180000000006,4376.680000000006,4383.9200000000055,17303
2026-08-19T12:30:00+00:00,4383.9200000000055,4456.810000000006,4383.260000000006,4453.310000000006,71188
2026-08-19T13:00:00+00:00,4453.310000000006,4478.820000000006,4439.050000000006,4472.580000000006,54412
2026-08-19T13:30:00+00:00,4472.580000000006,4480.900000000006,4457.120000000006,4474.310000000006,79588
2026-08-19T14:00:00+00:00,4474.310000000006,4502.080000000006,4469.850000000006,4500.880000000006,72395
2026-08-19T14:30:00+00:00,4500.880000000006,4513.250000000006,4492.890000000006,4502.860000000006,46518
2026-08-19T15:00:00+00:00,4502.860000000006,4502.990000000006,4492.980000000006,4498.470000000006,39599
2026-08-19T15:30:00+00:00,4498.470000000006,4508.660000000006,4494.940000000006,4508.560000000006,33688
2026-08-19T16:00:00+00:00,4508.560000000006,4514.010000000006,4505.400000000006,4505.890000000006,25835
2026-08-19T16:30:00+00:00,4505.890000000006,4512.550000000006,4505.350000000006,4508.000000000006,25721
2026-08-19T17:00:00+00:00,4508.000000000006,4513.760000000006,4500.830000000006,4502.600000000006,29264
2026-08-19T17:30:00+00:00,4502.600000000006,4506.220000000006,4498.950000000006,4501.220000000006,19141
2026-08-19T18:00:00+00:00,4501.220000000006,4511.120000000006,4487.450000000006,4489.900000000006,26950
2026-08-19T18:30:00+00:00,4489.900000000006,4511.430000000006,4486.730000000006,4509.810000000006,24370
2026-08-19T19:00:00+00:00,4509.810000000006,4522.440000000006,4509.150000000006,4522.230000000006,26988
2026-08-19T19:30:00+00:00,4522.230000000006,4526.930000000006,4517.450000000006,4525.880000000006,33510
2026-08-19T20:00:00+00:00,4525.880000000006,4536.280000000006,4519.730000000006,4533.350000000006,8641
2026-08-19T20:30:00+00:00,4533.350000000006,4538.960000000006,4532.640000000006,4536.650000000006,7268
2026-08-19T22:00:00+00:00,4536.650000000006,4546.260000000007,4536.650000000006,4539.640000000007,9802.421817545088
2026-08-19T22:30:00+00:00,4539.640000000007,4540.690000000006,4535.010000000007,4537.550000000007,5780
2026-08-19T23:00:00+00:00,4537.550000000007,4542.440000000006,4534.180000000007,4536.390000000007,6995
2026-08-19T23:30:00+00:00,4536.390000000007,4536.930000000007,4530.050000000007,4530.400000000006,6433
2026-08-20T00:00:00+00:00,4530.400000000006,4539.530000000006,4527.240000000006,4529.200000000006,22159
2026-08-20T00:30:00+00:00,4529.200000000006,4532.010000000007,4522.660000000006,4523.3400000000065,15281
2026-08-20T01:00:00+00:00,4523.3400000000065,4528.450000000006,4510.410000000006,4519.1300000000065,33193
2026-08-20T01:30:00+00:00,4519.1300000000065,4519.940000000006,4503.060000000007,4508.490000000006,26548
2026-08-20T02:00:00+00:00,4508.490000000006,4518.460000000006,4507.410000000006,4511.520000000006,19562
2026-08-20T02:30:00+00:00,4511.520000000006,4513.430000000007,4507.620000000006,4509.470000000007,15857
2026-08-20T03:00:00+00:00,4509.470000000007,4515.760000000007,4506.710000000006,4512.150000000006,14443
2026-08-20T03:30:00+00:00,4512.150000000006,4519.850000000007,4510.990000000006,4517.430000000007,9634
2026-08-20T04:00:00+00:00,4517.430000000007,4517.910000000006,4508.370000000006,4508.510000000007,8559
2026-08-20T04:30:00+00:00,4508.510000000007,4510.360000000006,4505.010000000007,4507.180000000007,8474
2026-08-20T05:00:00+00:00,4507.180000000007,4512.770000000006,4501.900000000006,4501.940000000006,10252
2026-08-20T05:30:00+00:00,4501.940000000006,4504.850000000007,4496.660000000006,4500.050000000007,15678
2026-08-20T06:00:00+00:00,4500.050000000007,4514.660000000006,4498.720000000007,4512.910000000006,14320
2026-08-20T06:30:00+00:00,4512.910000000006,4514.060000000007,4509.900000000006,4512.470000000007,11652
2026-08-20T07:00:00+00:00,4512.470000000007,4512.470000000007,4502.390000000007,4502.680000000007,13348
2026-08-20T07:30:00+00:00,4502.680000000007,4512.390000000007,4502.180000000007,4509.6300000000065,13115
2026-08-20T08:00:00+00:00,4509.6300000000065,4517.390000000007,4508.8400000000065,4509.820000000006,15985
2026-08-20T08:30:00+00:00,4509.820000000006,4514.070000000006,4505.640000000007,4508.050000000007,14225
2026-08-20T09:00:00+00:00,4508.050000000007,4512.920000000006,4506.890000000007,4508.690000000006,11914
2026-08-20T09:30:00+00:00,4508.690000000006,4509.360000000006,4500.570000000006,4501.430000000007,12495
2026-08-20T10:00:00+00:00,4501.430000000007,4512.920000000006,4499.490000000006,4512.560000000007,11619
2026-08-20T10:30:00+00:00,4512.560000000007,4513.540000000006,4506.260000000007,4508.860000000006,9785
2026-08-20T11:00:00+00:00,4508.860000000006,4510.020000000006,4499.870000000006,4502.940000000006,13720
2026-08-20T11:30:00+00:00,4502.940000000006,4505.660000000006,4484.170000000006,4485.710000000006,21487
2026-08-20T12:00:00+00:00,4485.710000000006,4486.640000000007,4469.3400000000065,4477.720000000007,35797
2026-08-20T12:30:00+00:00,4477.720000000007,4495.690000000006,4469.8800000000065,4493.400000000006,26447
2026-08-20T13:00:00+00:00,4493.400000000006,4503.310000000007,4489.000000000006,4490.230000000006,32472
2026-08-20T13:30:00+00:00,4490.230000000006,4508.050000000007,4488.010000000007,4500.190000000006,57611
2026-08-20T14:00:00+00:00,4500.190000000006,4512.470000000007,4499.600000000007,4510.310000000007,54852
2026-08-20T14:30:00+00:00,4510.310000000007,4535.010000000007,4510.310000000007,4534.640000000007,41399
2026-08-20T15:00:00+00:00,4534.640000000007,4559.6300000000065,4533.800000000007,4551.180000000007,76957
2026-08-20T15:30:00+00:00,4551.180000000007,4552.320000000006,4528.680000000007,4540.430000000007,52900
2026-08-20T16:00:00+00:00,4540.430000000007,4543.510000000007,4524.220000000007,4527.960000000006,34403
2026-08-20T16:30:00+00:00,4527.960000000006,4532.410000000006,4521.420000000006,4528.750000000006,25846
2026-08-20T17:00:00+00:00,4528.750000000006,4535.280000000006,4526.570000000006,4531.660000000006,20739
2026-08-20T17:30:00+00:00,4531.660000000006,4539.200000000006,4529.550000000007,4538.650000000006,17177
2026-08-20T18:00:00+00:00,4538.650000000006,4541.100000000007,4527.040000000006,4537.720000000007,23435
2026-08-20T18:30:00+00:00,4537.720000000007,4544.050000000007,4536.660000000006,4540.780000000006,22830
2026-08-20T19:00:00+00:00,4540.780000000006,4548.160000000006,4536.940000000006,4541.510000000007,17585
2026-08-20T19:30:00+00:00,4541.510000000007,4550.920000000006,4540.670000000006,4547.420000000006,22810
2026-08-20T20:00:00+00:00,4547.420000000006,4547.720000000007,4539.110000000006,4539.550000000007,6445
2026-08-20T20:30:00+00:00,4539.550000000007,4539.890000000007,4535.540000000006,4537.320000000006,5020
2026-08-20T22:00:00+00:00,4537.320000000006,4538.640000000007,4532.330000000006,4536.960000000006,4888.057623510304
2026-08-20T22:30:00+00:00,4536.960000000006,4541.8800000000065,4535.780000000006,4541.6300000000065,4715
2026-08-20T23:00:00+00:00,4541.6300000000065,4550.370000000006,4539.850000000006,4544.510000000007,7647
2026-08-20T23:30:00+00:00,4544.510000000007,4545.990000000006,4538.370000000006,4543.690000000006,9543
2026-08-21T00:00:00+00:00,4543.690000000006,4544.710000000006,4531.200000000006,4532.350000000006,18868
2026-08-21T00:30:00+00:00,4532.350000000006,4534.700000000006,4527.410000000006,4528.050000000007,15057
2026-08-21T01:00:00+00:00,4528.050000000007,4547.970000000006,4526.420000000006,4546.850000000006,31355
2026-08-21T01:30:00+00:00,4546.850000000006,4560.810000000006,4541.110000000006,4548.070000000006,22556
2026-08-21T02:00:00+00:00,4548.070000000006,4548.5900000000065,4535.810000000006,4544.680000000006,14098
2026-08-21T02:30:00+00:00,4544.680000000006,4560.220000000006,4542.720000000006,4551.100000000006,18811
2026-08-21T03:00:00+00:00,4551.100000000006,4555.670000000006,4547.040000000006,4547.060000000006,14882
2026-08-21T03:30:00+00:00,4547.060000000006,4553.200000000006,4544.080000000006,4552.950000000006,10192
2026-08-21T04:00:00+00:00,4552.950000000006,4564.740000000006,4552.930000000006,4564.280000000006,11717
2026-08-21T04:30:00+00:00,4564.280000000006,4565.530000000006,4557.420000000006,4558.110000000006,8073
2026-08-21T05:00:00+00:00,4558.110000000006,4558.250000000006,4548.010000000007,4548.010000000007,10800
2026-08-21T05:30:00+00:00,4548.010000000007,4573.650000000006,4547.050000000007,4570.930000000006,19787
2026-08-21T06:00:00+00:00,4570.930000000006,4575.410000000006,4562.930000000006,4572.8800000000065,18125
2026-08-21T06:30:00+00:00,4572.8800000000065,4584.980000000006,4571.950000000006,4578.390000000006,17150
2026-08-21T07:00:00+00:00,4578.390000000006,4585.400000000006,4576.000000000006,4579.100000000006,13497
2026-08-21T07:30:00+00:00,4579.100000000006,4585.290000000006,4577.620000000006,4581.790000000006,14164
2026-08-21T08:00:00+00:00,4581.790000000006,4599.280000000006,4576.580000000006,4596.810000000006,17398
2026-08-21T08:30:00+00:00,4596.810000000006,4602.450000000006,4594.010000000007,4601.520000000006,15718
2026-08-21T09:00:00+00:00,4601.520000000006,4619.570000000006,4598.720000000006,4599.550000000007,20071
2026-08-21T09:30:00+00:00,4599.550000000007,4604.290000000006,4597.780000000006,4600.0900000000065,12193
2026-08-21T10:00:00+00:00,4600.0900000000065,4606.780000000006,4595.530000000006,4606.000000000006,14012
2026-08-21T10:30:00+00:00,4606.000000000006,4611.510000000007,4603.0900000000065,4605.870000000006,11801
2026-08-21T11:00:00+00:00,4605.870000000006,4617.920000000006,4604.600000000006,4615.900000000006,18254
2026-08-21T11:30:00+00:00,4615.900000000006,4621.960000000006,4610.8400000000065,4614.490000000006,19130
2026-08-21T12:00:00+00:00,4614.490000000006,4619.000000000006,4599.540000000006,4602.140000000006,21603
2026-08-21T12:30:00+00:00,4602.140000000006,4602.180000000006,4580.900000000006,4595.3800000000065,22823
2026-08-21T13:00:00+00:00,4595.3800000000065,4605.200000000006,4593.180000000006,4601.520000000006,27731
2026-08-21T13:30:00+00:00,4601.520000000006,4610.150000000006,4590.920000000006,4598.400000000006,58311
2026-08-21T14:00:00+00:00,4598.400000000006,4620.660000000006,4597.410000000006,4620.540000000006,56066
2026-08-21T14:30:00+00:00,4620.540000000006,4621.0900000000065,4598.1300000000065,4608.8800000000065,59308
2026-08-21T15:00:00+00:00,4608.8800000000065,4624.720000000006,4604.750000000006,4620.260000000007,37243
2026-08-21T15:30:00+00:00,4620.260000000007,4632.730000000006,4617.020000000006,4632.100000000006,38089
2026-08-21T16:00:00+00:00,4632.100000000006,4638.180000000006,4626.670000000006,4631.520000000006,32588
2026-08-21T16:30:00+00:00,4631.520000000006,4646.470000000006,4629.640000000006,4646.300000000007,23878
2026-08-21T17:00:00+00:00,4646.300000000007,4649.560000000006,4632.8400000000065,4639.610000000006,35312
2026-08-21T17:30:00+00:00,4639.610000000006,4642.220000000006,4634.400000000006,4637.930000000006,22285
2026-08-21T18:00:00+00:00,4637.930000000006,4645.080000000006,4637.750000000006,4642.610000000006,16179
2026-08-21T18:30:00+00:00,4642.610000000006,4643.330000000006,4636.670000000006,4641.800000000007,21334
2026-08-21T19:00:00+00:00,4641.800000000007,4642.950000000006,4635.390000000006,4635.440000000006,21261
2026-08-21T19:30:00+00:00,4635.440000000006,4641.150000000006,4632.860000000006,4634.290000000006,22517
2026-08-21T20:00:00+00:00,4634.290000000006,4635.080000000006,4627.6300000000065,4628.270000000006,7255
2026-08-21T20:30:00+00:00,4628.270000000006,4629.0900000000065,4624.810000000006,4625.560000000006,2772
2026-08-23T22:00:00+00:00,4608.07,4622.83,4606.06,4614.34,13340
2026-08-23T22:30:00+00:00,4614.34,4617.2,4605.97,4606.11,8309
2026-08-23T23:00:00+00:00,4606.11,4616.13,4604.74,4615.08,7021
2026-08-23T23:30:00+00:00,4615.08,4624.52,4607.32,4624.01,13846
2026-08-24T00:00:00+00:00,4624.01,4640.48,4594.49,4604.49,35070
2026-08-24T00:30:00+00:00,4604.49,4623.36,4600.96,4621.73,25518
2026-08-24T01:00:00+00:00,4621.73,4635.15,4611.08,4614.53,42494
2026-08-24T01:30:00+00:00,4614.53,4637.65,4607.91,4632.21,30336
2026-08-24T02:00:00+00:00,4632.21,4655.42,4627.73,4655.28,27074
2026-08-24T02:30:00+00:00,4655.28,4656.62,4627.46,4643.62,28520
2026-08-24T03:00:00+00:00,4643.62,4648.1,4633.48,4643.72,22246
2026-08-24T03:30:00+00:00,4643.72,4650.04,4640.07,4641.6,13394
2026-08-24T04:00:00+00:00,4641.6,4642.6,4632.39,4640.54,14730
2026-08-24T04:30:00+00:00,4640.54,4640.83,4632.95,4638.8,11559
2026-08-24T05:00:00+00:00,4638.8,4646.44,4636.16,4636.16,14253
2026-08-24T05:30:00+00:00,4636.16,4642.92,4629.59,4640.73,27735
2026-08-24T06:00:00+00:00,4640.73,4659.79,4639.46,4642.52,28304
2026-08-24T06:30:00+00:00,4642.52,4653.83,4641.83,4649.89,20319
2026-08-24T07:00:00+00:00,4649.89,4654.41,4642.19,4642.59,19923
2026-08-24T07:30:00+00:00,4642.59,4647.95,4630.15,4641.55,19464
2026-08-24T08:00:00+00:00,4641.55,4645.93,4629.57,4629.57,22041
2026-08-24T08:30:00+00:00,4629.57,4645.99,4628.85,4637.95,14338
2026-08-24T09:00:00+00:00,4637.95,4644.78,4634.83,4635.79,13926
2026-08-24T09:30:00+00:00,4635.79,4646.06,4632.81,4645.75,13426
2026-08-24T10:00:00+00:00,4645.75,4650.07,4642.28,4642.98,12830
2026-08-24T10:30:00+00:00,4642.98,4648.86,4641.82,4643.23,12295
2026-08-24T11:00:00+00:00,4643.23,4647.39,4639.05,4646.46,14665
2026-08-24T11:30:00+00:00,4646.46,4669.9,4643.45,4657.68,32163
2026-08-24T12:00:00+00:00,4657.68,4662.72,4649.99,4661.65,22758
2026-08-24T12:30:00+00:00,4661.65,4668.49,4645.16,4662.81,25056
2026-08-24T13:00:00+00:00,4662.81,4677.85,4661.5,4672.17,32025
2026-08-24T13:30:00+00:00,4672.17,4680.86,4656.15,4664.62,82504
2026-08-24T14:00:00+00:00,4664.62,4675,4655.38,4671.5,65007
2026-08-24T14:30:00+00:00,4671.5,4678.52,4656.93,4670.26,46434
2026-08-24T15:00:00+00:00,4670.26,4679.29,4665.28,4675.79,45378
2026-08-24T15:30:00+00:00,4675.79,4677.24,4640.01,4649.18,42204
2026-08-24T16:00:00+00:00,4649.18,4661.59,4646.58,4658.81,31779
2026-08-24T16:30:00+00:00,4658.81,4662.15,4642.1,4644.88,22414
2026-08-24T17:00:00+00:00,4644.88,4655.13,4630.47,4638.6,49966
2026-08-24T17:30:00+00:00,4638.6,4643.04,4632.57,4636.47,26960
2026-08-24T18:00:00+00:00,4636.47,4642.28,4625.14,4640.41,30409
2026-08-24T18:30:00+00:00,4640.41,4641.78,4625.17,4636.52,28213
2026-08-24T19:00:00+00:00,4636.52,4644.88,4635.91,4641.4,23335
2026-08-24T19:30:00+00:00,4641.4,4655.78,4640.23,4651.81,31318
2026-08-24T20:00:00+00:00,4651.81,4655.18,4648.75,4649.15,6275
2026-08-24T20:30:00+00:00,4649.15,4652.39,4646.99,4651.57,5021
2026-08-24T22:00:00+00:00,4651.57,4660.67,4651.57,4657.73,5056
2026-08-24T22:30:00+00:00,4657.73,4668.36,4657.23,4667.58,3859
2026-08-24T23:00:00+00:00,4667.58,4676.66,4666.81,4669.08,6340
2026-08-24T23:30:00+00:00,4669.08,4682.42,4667.49,4679.82,11681
2026-08-25T00:00:00+00:00,4679.82,4691.46,4675.34,4682.4,30565
2026-08-25T00:30:00+00:00,4682.4,4696.62,4681.73,4684.53,28674
2026-08-25T01:00:00+00:00,4684.53,4686.61,4664.22,4669.57,35999
2026-08-25T01:30:00+00:00,4669.57,4675.48,4656.59,4657.96,32052
2026-08-25T02:00:00+00:00,4657.96,4661.39,4638.33,4656.6,33709
2026-08-25T02:30:00+00:00,4656.6,4656.6,4617.78,4629.55,42397
2026-08-25T03:00:00+00:00,4629.55,4638.48,4622.36,4637.83,28504
2026-08-25T03:30:00+00:00,4637.83,4641.28,4631.54,4633.7,13827
2026-08-25T04:00:00+00:00,4633.7,4637.6,4628.75,4630.69,11841
2026-08-25T04:30:00+00:00,4630.69,4632.65,4623.82,4625.92,15168
2026-08-25T05:00:00+00:00,4625.92,4647.7,4624.02,4646.39,16072
2026-08-25T05:30:00+00:00,4646.39,4646.74,4635.78,4642.93,23981
2026-08-25T06:00:00+00:00,4642.93,4653.07,4641.19,4649.93,17815
2026-08-25T06:30:00+00:00,4649.93,4653.32,4637.04,4638.2,16444
2026-08-25T07:00:00+00:00,4638.2,4643.71,4634.41,4634.43,16593
2026-08-25T07:30:00+00:00,4634.43,4640.42,4629.72,4630.1,14218
2026-08-25T08:00:00+00:00,4630.1,4645.29,4620.08,4632.99,25576
2026-08-25T08:30:00+00:00,4632.99,4635.3,4625.14,4630.18,18160
2026-08-25T09:00:00+00:00,4630.18,4633.43,4624.84,4626.49,16538
2026-08-25T09:30:00+00:00,4626.49,4642.5,4624.1,4636.28,24946
2026-08-25T10:00:00+00:00,4636.28,4638.93,4633.04,4633.58,13295
2026-08-25T10:30:00+00:00,4633.58,4642.3,4632.77,4639.22,10923
2026-08-25T11:00:00+00:00,4639.22,4644.95,4636.31,4641.35,13702
2026-08-25T11:30:00+00:00,4641.35,4647.44,4640.64,4642.55,12518
2026-08-25T12:00:00+00:00,4642.55,4642.62,4631.94,4637.36,17263
2026-08-25T12:30:00+00:00,4637.36,4644.129999999999,4629.969999999999,4640.73,17067
2026-08-25T13:00:00+00:00,4640.73,4640.919999999999,4608.889999999999,4609.58,36729
2026-08-25T13:30:00+00:00,4609.58,4623.419999999999,4605.24,4616.419999999999,58574
2026-08-25T14:00:00+00:00,4616.419999999999,4628.24,4613.219999999999,4623.73,41592
2026-08-25T14:30:00+00:00,4623.73,4640,4613.07,4635.4,39529
2026-08-25T15:00:00+00:00,4635.4,4644.61,4629.45,4639.679999999999,35991
2026-08-25T15:30:00+00:00,4639.679999999999,4659.33,4639.679999999999,4652.5599999999995,39886
2026-08-25T16:00:00+00:00,4652.5599999999995,4653.36,4637.87,4640.509999999999,25393
2026-08-25T16:30:00+00:00,4640.509999999999,4646.45,4636.889999999999,4643.41,20195
2026-08-25T17:00:00+00:00,4643.41,4645.03,4634.129999999999,4636.919999999999,21253
2026-08-25T17:30:00+00:00,4636.919999999999,4648.3099999999995,4636.24,4648.299999999999,13993
2026-08-25T18:00:00+00:00,4648.299999999999,4650.419999999999,4644.139999999999,4649.879999999999,12057
2026-08-25T18:30:00+00:00,4649.879999999999,4654.649999999999,4645.839999999999,4654.189999999999,10447
2026-08-25T19:00:00+00:00,4654.189999999999,4667.209999999999,4653.039999999999,4660.649999999999,16316
2026-08-25T19:30:00+00:00,4660.649999999999,4667.159999999999,4657.599999999999,4666.619999999999,20436
2026-08-25T20:00:00+00:00,4666.619999999999,4668.659999999999,4661.679999999999,4662.109999999999,8440
2026-08-25T20:30:00+00:00,4662.109999999999,4663.669999999999,4656.73,4657.2699999999995,5663
2026-08-25T22:00:00+00:00,4657.56,4666.8,4657.45,4666.56,4084
2026-08-25T22:30:00+00:00,4666.56,4673.69,4666.53,4672.46,4668
2026-08-25T23:00:00+00:00,4672.46,4673.41,4659.91,4660.95,5808
2026-08-25T23:30:00+00:00,4660.95,4661.31,4653.12,4654.83,9104
2026-08-26T00:00:00+00:00,4654.83,4657.58,4643.08,4646.68,18458
2026-08-26T00:30:00+00:00,4646.68,4650.15,4634.4,4637.4,17681
2026-08-26T01:00:00+00:00,4637.4,4650.36,4629.38,4643.5,30446
2026-08-26T01:30:00+00:00,4643.5,4660.82,4638.85,4657.06,27168
2026-08-26T02:00:00+00:00,4657.06,4661.7,4654.85,4658.96,17629
2026-08-26T02:30:00+00:00,4658.96,4670.58,4657.53,4658.4,19615
2026-08-26T03:00:00+00:00,4658.4,4658.48,4645.89,4650.33,17127
2026-08-26T03:30:00+00:00,4650.33,4651.28,4642.58,4642.72,9511
2026-08-26T04:00:00+00:00,4642.72,4644.24,4641.12,4642.28,6853
2026-08-26T04:30:00+00:00,4642.28,4643.32,4638.81,4640.62,7703
2026-08-26T05:00:00+00:00,4640.62,4645.86,4640.06,4643.38,10221
2026-08-26T05:30:00+00:00,4643.38,4649.43,4635.47,4639.65,20488
2026-08-26T06:00:00+00:00,4639.65,4641.37,4624.62,4626.7,18955
2026-08-26T06:30:00+00:00,4626.7,4636.88,4625.66,4634.15,14469
2026-08-26T07:00:00+00:00,4634.15,4639.17,4630.79,4631.4,14648
2026-08-26T07:30:00+00:00,4631.4,4636.39,4626.43,4628.99,12088
2026-08-26T08:00:00+00:00,4628.99,4630.28,4622.06,4629.48,14949
2026-08-26T08:30:00+00:00,4629.48,4630.57,4624.9,4628.22,11018
2026-08-26T09:00:00+00:00,4628.22,4630.83,4616.18,4616.67,13129
2026-08-26T09:30:00+00:00,4616.67,4625.45,4616.62,4623.11,10200
2026-08-26T10:00:00+00:00,4623.11,4624.04,4613.35,4615.12,9762
2026-08-26T10:30:00+00:00,4615.12,4624.09,4614.55,4620.14,8410
2026-08-26T11:00:00+00:00,4620.14,4622.91,4616.4,4620.47,10829
2026-08-26T11:30:00+00:00,4620.47,4625.14,4616.85,4624.5,11559
2026-08-26T12:00:00+00:00,4624.5,4630.3,4623.69,4629.9,16395
2026-08-26T12:30:00+00:00,4629.9,4632.64,4611,4614.53,39970
2026-08-26T13:00:00+00:00,4614.53,4621.25,4597.97,4611.27,41930
2026-08-26T13:30:00+00:00,4611.27,4631.86,4610.31,4631.45,59844
2026-08-26T14:00:00+00:00,4631.45,4633.13,4616.3,4616.62,40726
2026-08-26T14:30:00+00:00,4616.62,4622.83,4602.85,4602.85,35151
2026-08-26T15:00:00+00:00,4602.85,4605.39,4583.03,4594.68,43036
2026-08-26T15:30:00+00:00,4594.68,4609.23,4594.45,4596.06,28931
2026-08-26T16:00:00+00:00,4596.06,4601.4,4590.57,4594.67,25816
2026-08-26T16:30:00+00:00,4594.67,4596.51,4585.5599999999995,4591.41,23010
2026-08-26T17:00:00+00:00,4591.41,4598.79,4590.35,4597.47,19872
2026-08-26T17:30:00+00:00,4597.47,4602.01,4594.03,4597.6,14093
2026-08-26T18:00:00+00:00,4597.6,4604.24,4592.61,4594.61,15195
2026-08-26T18:30:00+00:00,4594.61,4597.93,4592.22,4596.200000000001,11803
2026-08-26T19:00:00+00:00,4596.200000000001,4601.43,4593.27,4600.84,15881
2026-08-26T19:30:00+00:00,4600.84,4603.910000000001,4594.76,4596.530000000001,15471
2026-08-26T20:00:00+00:00,4596.530000000001,4598.910000000001,4586.35,4593.54,12586
2026-08-26T20:30:00+00:00,4593.54,4596.990000000001,4592.610000000001,4594.7300000000005,7413
2026-08-26T22:00:00+00:00,4592.34,4613.26,4592.34,4610.9,10043
2026-08-26T22:30:00+00:00,4610.9,4612.31,4606.67,4609.43,5702
2026-08-26T23:00:00+00:00,4609.43,4622.25,4606.9,4619.97,7368
2026-08-26T23:30:00+00:00,4619.97,4624.87,4618.06,4623.49,8955
2026-08-27T00:00:00+00:00,4623.49,4627.04,4613.24,4618.88,16439
2026-08-27T00:30:00+00:00,4618.88,4618.88,4600.24,4605.02,18593
2026-08-27T01:00:00+00:00,4605.02,4624.169999999999,4602.45,4617.69,31601
2026-08-27T01:30:00+00:00,4617.69,4639.9,4616.839999999999,4639.049999999999,22158
2026-08-27T02:00:00+00:00,4639.049999999999,4642.07,4631.679999999999,4632.099999999999,13771
2026-08-27T02:30:00+00:00,4632.099999999999,4632.78,4622.66,4628.73,17740
2026-08-27T03:00:00+00:00,4628.73,4637.669999999999,4627.389999999999,4634.329999999999,12923
2026-08-27T03:30:00+00:00,4634.329999999999,4634.599999999999,4623.459999999999,4624.5199999999995,8673
2026-08-27T04:00:00+00:00,4624.5199999999995,4626.36,4619.5599999999995,4619.73,8635
2026-08-27T04:30:00+00:00,4619.73,4619.919999999999,4616.369999999999,4617.869999999999,9490
2026-08-27T05:00:00+00:00,4617.869999999999,4620.78,4615.389999999999,4616.36,9928
2026-08-27T05:30:00+00:00,4616.36,4618.98,4600.099999999999,4606.11,23782
2026-08-27T06:00:00+00:00,4606.11,4609.639999999999,4598.599999999999,4609.589999999999,16687
2026-08-27T06:30:00+00:00,4609.589999999999,4610.959999999999,4596.9,4599.36,14481
2026-08-27T07:00:00+00:00,4599.36,4604.91,4592.619999999999,4598.4,15650
2026-08-27T07:30:00+00:00,4598.4,4601.73,4593.999999999999,4599.2,11535
2026-08-27T08:00:00+00:00,4599.2,4605.99,4599.079999999999,4599.969999999999,12256
2026-08-27T08:30:00+00:00,4599.969999999999,4601.389999999999,4593.869999999999,4598.07,11740
2026-08-27T09:00:00+00:00,4598.07,4599.86,4592.759999999999,4596.869999999999,13668
2026-08-27T09:30:00+00:00,4596.869999999999,4598.329999999999,4577.7,4579.49,16700
2026-08-27T10:00:00+00:00,4579.49,4582.78,4568.219999999999,4579.299999999999,14650
2026-08-27T10:30:00+00:00,4579.299999999999,4589.589999999999,4575.249999999999,4589.099999999999,11881
2026-08-27T11:00:00+00:00,4589.099999999999,4595.889999999999,4586.329999999999,4593.549999999999,12076
2026-08-27T11:30:00+00:00,4593.549999999999,4599.419999999999,4592.839999999999,4597.24,14930
2026-08-27T12:00:00+00:00,4597.24,4600.24,4590.91,4594.15,16345
2026-08-27T12:30:00+00:00,4594.15,4595.459999999999,4579.419999999999,4584.889999999999,17390
2026-08-27T13:00:00+00:00,4584.889999999999,4592.299999999999,4579.039999999999,4589.28,31888
2026-08-27T13:30:00+00:00,4589.28,4592.049999999999,4564.0599999999995,4571.5199999999995,63271
2026-08-27T14:00:00+00:00,4571.5199999999995,4583.0199999999995,4567.48,4580.369999999999,45751
2026-08-27T14:30:00+00:00,4580.369999999999,4597.169999999999,4580.299999999999,4590.36,37770
2026-08-27T15:00:00+00:00,4590.36,4597.299999999999,4588.129999999999,4592.32,30978
2026-08-27T15:30:00+00:00,4592.32,4610.469999999999,4591.45,4609.839999999999,31696
2026-08-27T16:00:00+00:00,4609.839999999999,4612.379999999999,4601.369999999999,4606.629999999999,21361
2026-08-27T16:30:00+00:00,4606.629999999999,4615.619999999999,4604.999999999999,4613.889999999999,21088
2026-08-27T17:00:00+00:00,4613.889999999999,4615.549999999999,4607.36,4609.2699999999995,22569
2026-08-27T17:30:00+00:00,4609.2699999999995,4613.279999999999,4604.099999999999,4605.489999999999,22473
2026-08-27T18:00:00+00:00,4605.489999999999,4607.049999999999,4600.61,4600.61,24174
2026-08-27T18:30:00+00:00,4600.61,4610.219999999999,4600.0199999999995,4609.32,15004
2026-08-27T19:00:00+00:00,4609.32,4617.039999999999,4603.249999999999,4604.869999999999,17774
2026-08-27T19:30:00+00:00,4604.869999999999,4611.7699999999995,4603.779999999999,4608.4,21985
2026-08-27T20:00:00+00:00,4608.4,4608.679999999999,4601.73,4602.69,5806
2026-08-27T20:30:00+00:00,4602.69,4603.779999999999,4598.989999999999,4599.539999999999,5366
2026-08-27T22:00:00+00:00,4600.49,4608.36,4600.49,4607.57,6013
2026-08-27T22:30:00+00:00,4607.57,4610.79,4606.73,4610.66,3397
2026-08-27T23:00:00+00:00,4610.66,4611.42,4599.99,4600.83,4355
2026-08-27T23:30:00+00:00,4600.83,4602.33,4594.29,4594.42,6171
2026-08-28T00:00:00+00:00,4594.42,4602.48,4590.57,4594.04,17083
2026-08-28T00:30:00+00:00,4594.04,4594.27,4585.58,4588.67,14794
2026-08-28T01:00:00+00:00,4588.67,4601.35,4583.77,4585.7,31011
2026-08-28T01:30:00+00:00,4585.7,4589.04,4575.39,4575.82,25968
2026-08-28T02:00:00+00:00,4575.82,4584.89,4575.02,4583.42,14186
2026-08-28T02:30:00+00:00,4583.42,4589.73,4582.3,4586.4,15211
2026-08-28T03:00:00+00:00,4586.4,4590.06,4582.73,4587.87,13936
2026-08-28T03:30:00+00:00,4587.87,4588.28,4578.63,4579.84,8080
2026-08-28T04:00:00+00:00,4579.84,4585.33,4577.88,4584.79,7335
2026-08-28T04:30:00+00:00,4584.79,4585.24,4578.11,4584.29,6590
2026-08-28T05:00:00+00:00,4584.29,4586.34,4578.22,4584.01,8997
2026-08-28T05:30:00+00:00,4584.01,4584.01,4571.28,4573.32,20514
2026-08-28T06:00:00+00:00,4573.32,4585.49,4572.4,4584.91,17844
2026-08-28T06:30:00+00:00,4584.91,4613.09,4582.83,4612.46,23737
2026-08-28T07:00:00+00:00,4612.46,4613.17,4596.6,4607.46,20366
2026-08-28T07:30:00+00:00,4607.46,4614.2,4607.01,4611.8,12273
2026-08-28T08:00:00+00:00,4611.8,4614.54,4607.92,4608.91,12181
2026-08-28T08:30:00+00:00,4608.91,4611.34,4600.84,4602.82,11305
2026-08-28T09:00:00+00:00,4602.82,4604.28,4600.52,4601.82,12536
2026-08-28T09:30:00+00:00,4601.82,4607.42,4600.93,4605.07,10610
2026-08-28T10:00:00+00:00,4605.07,4609.9,4601.84,4605.35,10433
2026-08-28T10:30:00+00:00,4605.35,4607.96,4597.54,4600.13,10808
2026-08-28T11:00:00+00:00,4600.13,4601.31,4594.85,4598.93,13584
2026-08-28T11:30:00+00:00,4598.93,4600.81,4591.3,4593.32,13424
2026-08-28T12:00:00+00:00,4593.32,4603.59,4590.81,4601.31,17886
2026-08-28T12:30:00+00:00,4601.31,4602.56,4589.06,4601.67,23028
2026-08-28T13:00:00+00:00,4601.67,4605.34,4593.72,4603.89,32203
2026-08-28T13:30:00+00:00,4603.89,4627.22,4598.86,4605.02,45965
2026-08-28T14:00:00+00:00,4605.02,4630.21,4530.15,4551.98,138754
2026-08-28T14:30:00+00:00,4551.98,4580.61,4550.64,4576.63,95756
2026-08-28T15:00:00+00:00,4576.63,4582.72,4551.48,4566.82,77089
2026-08-28T15:30:00+00:00,4566.82,4567.41,4524.16,4524.41,78367
2026-08-28T16:00:00+00:00,4524.41,4529.52,4464.41,4481.1,98190
2026-08-28T16:30:00+00:00,4481.1,4487.04,4466.07,4479.37,74943
2026-08-28T17:00:00+00:00,4479.37,4486.36,4471.34,4477.89,56227
2026-08-28T17:30:00+00:00,4477.89,4481.67,4460.44,4469.29,41351
2026-08-28T18:00:00+00:00,4469.29,4471.53,4452.06,4456.22,52924
2026-08-28T18:30:00+00:00,4456.22,4458.63,4445.31,4456.72,44384
2026-08-28T19:00:00+00:00,4456.72,4463.5,4453.21,4461.96,33793
2026-08-28T19:30:00+00:00,4461.96,4466.91,4452.97,4458.13,28335
2026-08-28T20:00:00+00:00,4458.13,4462.67,4453.65,4457.99,9108
2026-08-28T20:30:00+00:00,4457.99,4458.14,4453.5,4456.77,2652
2026-08-30T22:00:00+00:00,4456.77,4465.93,4433.87,4459.54,16667
2026-08-30T22:30:00+00:00,4459.54,4462.52,4452.96,4461.29,7623
2026-08-30T23:00:00+00:00,4461.29,4466.75,4455.04,4457.51,9144
2026-08-30T23:30:00+00:00,4457.51,4460.56,4435.62,4458.32,19306
2026-08-31T00:00:00+00:00,4458.32,4465.24,4452.09,4456.76,24054
2026-08-31T00:30:00+00:00,4456.76,4472.13,4456.07,4456.28,18498
2026-08-31T01:00:00+00:00,4456.28,4463.3,4435.84,4443.86,51543
2026-08-31T01:30:00+00:00,4443.86,4453.91,4435.62,4440.11,39936
2026-08-31T02:00:00+00:00,4440.11,4441.41,4417.35,4423,34282
2026-08-31T02:30:00+00:00,4423,4426.44,4396.26,4422.78,35061
2026-08-31T03:00:00+00:00,4422.78,4433.93,4421.58,4427.6,18957
2026-08-31T03:30:00+00:00,4427.6,4427.6,4419.7,4422.51,11210
2026-08-31T04:00:00+00:00,4422.51,4422.85,4415.84,4415.97,10269
2026-08-31T04:30:00+00:00,4415.97,4424.96,4412.81,4424.5,11827
2026-08-31T05:00:00+00:00,4424.5,4440.76,4419.2,4440.16,15603
2026-08-31T05:30:00+00:00,4440.16,4443.75,4430.49,4442.92,25187
2026-08-31T06:00:00+00:00,4442.92,4443.21,4429.15,4435.86,19570
2026-08-31T06:30:00+00:00,4435.86,4442.52,4431.2,4439.26,15563
2026-08-31T07:00:00+00:00,4439.26,4447.86,4435.06,4445.43,14388
2026-08-31T07:30:00+00:00,4445.43,4447.78,4440.67,4443.23,11784
2026-08-31T08:00:00+00:00,4443.23,4449.45,4435.93,4440.11,15554
2026-08-31T08:30:00+00:00,4440.11,4440.25,4433.68,4435.54,10672
2026-08-31T09:00:00+00:00,4435.54,4444.18,4435.51,4439.12,10263
2026-08-31T09:30:00+00:00,4439.12,4445.5,4438.99,4445.26,8036
2026-08-31T10:00:00+00:00,4445.26,4453.66,4444.56,4448.26,13457
2026-08-31T10:30:00+00:00,4448.26,4455.55,4447.42,4453.89,11034
2026-08-31T11:00:00+00:00,4453.89,4463.81,4452.56,4463.18,11290
2026-08-31T11:30:00+00:00,4463.18,4463.74,4452.16,4455.26,13659
2026-08-31T12:00:00+00:00,4455.26,4460.85,4447.02,4447.65,21620
2026-08-31T12:30:00+00:00,4447.65,4450.04,4435.22,4435.77,23643
2026-08-31T13:00:00+00:00,4435.77,4448.23,4433.76,4445.95,29787
2026-08-31T13:30:00+00:00,4445.95,4447.29,4415.59,4418.54,55907
2026-08-31T14:00:00+00:00,4418.54,4431.07,4416.12,4420.11,51935
2026-08-31T14:30:00+00:00,4420.11,4436.66,4419.18,4431.66,42331
2026-08-31T15:00:00+00:00,4431.66,4437.8,4428.07,4432.79,35960
2026-08-31T15:30:00+00:00,4432.79,4434.29,4424.51,4426.2,33056
2026-08-31T16:00:00+00:00,4426.2,4438.53,4423.67,4438.32,26148
2026-08-31T16:30:00+00:00,4438.32,4440.26,4431.2,4433.21,23339
2026-08-31T17:00:00+00:00,4433.21,4437.11,4428.7,4430.49,23034
2026-08-31T17:30:00+00:00,4430.49,4440.03,4429.76,4436.48,19616
2026-08-31T18:00:00+00:00,4436.48,4436.8,4429.28,4429.72,15767
2026-08-31T18:30:00+00:00,4429.72,4434.64,4426.18,4430.86,15624
2026-08-31T19:00:00+00:00,4430.86,4442.36,4429.17,4440.32,15528
2026-08-31T19:30:00+00:00,4440.32,4453.72,4438.93,4453.35,31628
2026-08-31T20:00:00+00:00,4453.35,4455.77,4446.74,4447.19,8472
2026-08-31T20:30:00+00:00,4447.19,4449.17,4445.05,4446.83,3993
2026-08-31T22:00:00+00:00,4446.83,4455.72,4446.76,4449.67,5582
2026-08-31T22:30:00+00:00,4449.67,4451.14,4445.37,4446.94,3190
2026-08-31T23:00:00+00:00,4446.94,4447.15,4441.68,4443.13,4219
2026-08-31T23:30:00+00:00,4443.13,4452.43,4442.91,4452.24,7655
2026-09-01T00:00:00+00:00,4452.24,4461.41,4446.26,4460.22,21712
2026-09-01T00:30:00+00:00,4460.22,4461.43,4451.01,4453.56,14970
2026-09-01T01:00:00+00:00,4453.56,4456.92,4437.82,4439.71,31142
2026-09-01T01:30:00+00:00,4439.71,4446.68,4436.01,4444.31,21352
2026-09-01T02:00:00+00:00,4444.31,4449.03,4440.01,4440.67,15574
2026-09-01T02:30:00+00:00,4440.67,4443.17,4427.66,4442.84,21959
2026-09-01T03:00:00+00:00,4442.84,4444.05,4431.6,4434.05,14394
2026-09-01T03:30:00+00:00,4434.05,4443.31,4433.13,4436.71,8823
2026-09-01T04:00:00+00:00,4436.71,4437.72,4429.49,4429.59,9127
2026-09-01T04:30:00+00:00,4429.59,4430.56,4425.25,4426.62,9546
2026-09-01T05:00:00+00:00,4426.62,4432.69,4425.33,4426.84,10706
2026-09-01T05:30:00+00:00,4426.84,4446.04,4423.4,4440.12,23335
2026-09-01T06:00:00+00:00,4440.12,4440.56,4427.53,4429.04,15499
2026-09-01T06:30:00+00:00,4429.04,4435.25,4428.19,4429.56,12845
2026-09-01T07:00:00+00:00,4429.56,4434.95,4425.88,4426.15,18927
2026-09-01T07:30:00+00:00,4426.15,4428.24,4411.93,4420.07,21635
2026-09-01T08:00:00+00:00,4420.07,4420.07,4381.75,4382.96,44618
2026-09-01T08:30:00+00:00,4382.96,4383.82,4369.12,4370.77,39861
2026-09-01T09:00:00+00:00,4370.77,4378.04,4366.15,4372.79,30560
2026-09-01T09:30:00+00:00,4372.79,4373.59,4364.18,4364.74,21802
2026-09-01T10:00:00+00:00,4364.74,4385.6,4364.28,4384.87,17391
2026-09-01T10:30:00+00:00,4384.87,4385.95,4375.04,4378.15,16224
2026-09-01T11:00:00+00:00,4378.15,4383.07,4374.83,4380.42,19915
2026-09-01T11:30:00+00:00,4380.42,4387.14,4371.84,4374.42,17679
2026-09-01T12:00:00+00:00,4374.42,4376.09,4365.9,4368.55,27748
2026-09-01T12:30:00+00:00,4368.55,4369.93,4351.93,4356.13,34307
2026-09-01T13:00:00+00:00,4356.13,4357.6,4326.09,4343.07,53665
2026-09-01T13:30:00+00:00,4343.07,4367.45,4341.09,4364.87,63841
2026-09-01T14:00:00+00:00,4364.87,4375.56,4353.19,4365.6,52789
2026-09-01T14:30:00+00:00,4365.6,4373.29,4356.61,4360.43,42126
2026-09-01T15:00:00+00:00,4360.43,4365.93,4355.17,4365.8,33618
2026-09-01T15:30:00+00:00,4365.8,4373.75,4361.5,4372.81,27085
2026-09-01T16:00:00+00:00,4372.81,4374.69,4352.42,4352.61,37793
2026-09-01T16:30:00+00:00,4352.61,4359.12,4346.91,4351.28,34955
2026-09-01T17:00:00+00:00,4351.28,4351.87,4342.62,4349.94,28955
2026-09-01T17:30:00+00:00,4349.94,4352.03,4340.9,4342.87,26012
2026-09-01T18:00:00+00:00,4342.87,4344.52,4334.3,4337.5,22392
2026-09-01T18:30:00+00:00,4337.5,4337.58,4328.12,4331.62,24936
2026-09-01T19:00:00+00:00,4331.62,4337.62,4329.05,4334.46,23190
2026-09-01T19:30:00+00:00,4334.46,4334.75,4322.66,4327,26382
2026-09-01T20:00:00+00:00,4327,4330.77,4323.65,4326.02,8924
2026-09-01T20:30:00+00:00,4326.02,4329.7,4325.08,4328.35,5744
2026-09-01T22:00:00+00:00,4328.35,4334,4327.17,4327.8,5377
2026-09-01T22:30:00+00:00,4327.8,4331.06,4326.19,4329.37,3893
2026-09-01T23:00:00+00:00,4329.37,4332.53,4325.44,4330.77,5113
2026-09-01T23:30:00+00:00,4330.77,4335.82,4322.55,4324.58,7876
2026-09-02T00:00:00+00:00,4324.58,4334.48,4314.8,4325.67,30595
2026-09-02T00:30:00+00:00,4325.67,4331.66,4314.07,4315.64,23989
2026-09-02T01:00:00+00:00,4315.64,4326.76,4304.34,4317.25,49166
2026-09-02T01:30:00+00:00,4317.25,4318.53,4288.43,4290.99,36452
2026-09-02T02:00:00+00:00,4290.99,4306.53,4287.13,4304.45,23061
2026-09-02T02:30:00+00:00,4304.45,4314.73,4299.45,4302.81,21311
2026-09-02T03:00:00+00:00,4302.81,4304.31,4289.37,4293.62,18921
2026-09-02T03:30:00+00:00,4293.62,4303.75,4282.48,4303.23,16218
2026-09-02T04:00:00+00:00,4303.23,4306.81,4301.17,4302.89,10667
2026-09-02T04:30:00+00:00,4302.89,4307.82,4302.54,4307.26,8372
2026-09-02T05:00:00+00:00,4307.26,4313.98,4303.46,4313.04,12856
2026-09-02T05:30:00+00:00,4313.04,4326.49,4313.01,4319.9,21900
2026-09-02T06:00:00+00:00,4319.9,4329.14,4317.51,4322.75,21801
2026-09-02T06:30:00+00:00,4322.75,4326.41,4314.54,4321.64,20979
2026-09-02T07:00:00+00:00,4321.64,4331.11,4319.01,4326.75,22909
2026-09-02T07:30:00+00:00,4326.75,4331.3,4320.31,4323.11,15370
2026-09-02T08:00:00+00:00,4323.11,4331.58,4321.96,4322.99,18015
2026-09-02T08:30:00+00:00,4322.99,4326.75,4312.41,4312.87,17474
2026-09-02T09:00:00+00:00,4312.87,4322.33,4304.77,4308.92,18724
2026-09-02T09:30:00+00:00,4308.92,4311.74,4306.93,4308.47,14249
2026-09-02T10:00:00+00:00,4308.47,4312.2,4301.64,4309.83,14016
2026-09-02T10:30:00+00:00,4309.83,4310.73,4305.07,4309.27,12819
2026-09-02T11:00:00+00:00,4309.27,4324.52,4307.5,4321.74,25474
2026-09-02T11:30:00+00:00,4321.74,4333.01,4321.6,4332.24,19501
2026-09-02T12:00:00+00:00,4332.24,4344.14,4328.92,4336.23,33690
2026-09-02T12:30:00+00:00,4336.23,4339.19,4327.34,4331.27,23575
2026-09-02T13:00:00+00:00,4331.27,4358.61,4330.57,4358.32,37425
2026-09-02T13:30:00+00:00,4358.32,4385.47,4356.87,4385.25,62848
2026-09-02T14:00:00+00:00,4385.25,4397.69,4378.78,4387.48,68824
2026-09-02T14:30:00+00:00,4387.48,4388.11,4374.22,4376.83,42714
2026-09-02T15:00:00+00:00,4376.83,4380.92,4365.47,4372.63,42796
2026-09-02T15:30:00+00:00,4372.63,4375.07,4364.46,4373.11,30420
2026-09-02T16:00:00+00:00,4373.11,4374.75,4367.6,4368.57,21144
2026-09-02T16:30:00+00:00,4368.57,4370.7,4364.36,4368.28,22494
2026-09-02T17:00:00+00:00,4368.28,4371.16,4364.55,4369.8,18414
2026-09-02T17:30:00+00:00,4369.8,4380.71,4366.41,4376.85,22071
2026-09-02T18:00:00+00:00,4376.85,4379.78,4369.16,4373.1,24018
2026-09-02T18:30:00+00:00,4373.1,4378.13,4372.44,4374.02,17254
2026-09-02T19:00:00+00:00,4374.02,4383.08,4371.61,4381.1,19955
2026-09-02T19:30:00+00:00,4381.1,4391.17,4381.1,4391.09,22978
2026-09-02T20:00:00+00:00,4391.09,4391.47,4383.77,4386.07,8267
2026-09-02T20:30:00+00:00,4386.07,4390.63,4385.52,4386.52,3844
2026-09-02T22:00:00+00:00,4386.52,4393.22,4386.52,4389.73,3766
2026-09-02T22:30:00+00:00,4389.73,4389.74,4383.29,4384.51,3551
2026-09-02T23:00:00+00:00,4384.51,4386.74,4381.74,4382.11,3397
2026-09-02T23:30:00+00:00,4382.11,4388.8,4380.97,4385.54,6584
2026-09-03T00:00:00+00:00,4385.54,4392.56,4384.37,4387.25,14082
2026-09-03T00:30:00+00:00,4387.25,4397.87,4382.44,4395.49,12810
2026-09-03T01:00:00+00:00,4395.49,4409.34,4387.21,4401.69,32288
2026-09-03T01:30:00+00:00,4401.69,4412.47,4400.15,4410.34,22388
2026-09-03T02:00:00+00:00,4410.34,4415.67,4406.61,4411.51,17656
2026-09-03T02:30:00+00:00,4411.51,4420.53,4409.49,4420.35,16657
2026-09-03T03:00:00+00:00,4420.35,4431.25,4418.9,4429.35,15503
2026-09-03T03:30:00+00:00,4429.35,4432.64,4425.26,4431.39,10035
2026-09-03T04:00:00+00:00,4431.39,4436.94,4425.51,4436.39,9563
2026-09-03T04:30:00+00:00,4436.39,4438.47,4433.9,4437.33,6754
2026-09-03T05:00:00+00:00,4437.33,4440.13,4422.56,4425.01,15629
2026-09-03T05:30:00+00:00,4425.01,4439.33,4422.19,4431.07,24948
2026-09-03T06:00:00+00:00,4431.07,4436.17,4417.84,4421.51,22970
2026-09-03T06:30:00+00:00,4421.51,4428.77,4420.33,4420.58,15632
2026-09-03T07:00:00+00:00,4420.58,4431.55,4418.97,4426.36,20079
2026-09-03T07:30:00+00:00,4426.36,4431.01,4423.48,4428.71,17246
2026-09-03T08:00:00+00:00,4428.71,4443.64,4428.02,4438.27,32655
2026-09-03T08:30:00+00:00,4438.27,4440.03,4431.34,4434.9,14620
2026-09-03T09:00:00+00:00,4434.9,4441.95,4431.99,4435.25,15520
2026-09-03T09:30:00+00:00,4435.25,4437.93,4425.55,4427.47,14297
2026-09-03T10:00:00+00:00,4427.47,4429.79,4418.95,4422.46,13544
2026-09-03T10:30:00+00:00,4422.46,4428.51,4419.94,4427.15,11336
2026-09-03T11:00:00+00:00,4427.15,4437.96,4424.94,4434.35,17709
2026-09-03T11:30:00+00:00,4434.35,4445.75,4426.46,4444.16,14392
2026-09-03T12:00:00+00:00,4444.16,4450.03,4437.76,4446.47,21823
2026-09-03T12:30:00+00:00,4446.47,4495.17,4446.24,4493.43,55979
2026-09-03T13:00:00+00:00,4493.43,4496.02,4476.85,4480.09,45711
2026-09-03T13:30:00+00:00,4480.09,4482.39,4456.75,4470.52,61898
2026-09-03T14:00:00+00:00,4470.52,4480.86,4456.99,4477.37,62337
2026-09-03T14:30:00+00:00,4477.37,4485.32,4465.97,4485.19,44729
2026-09-03T15:00:00+00:00,4485.19,4510.84,4484.08,4506.3,43162
2026-09-03T15:30:00+00:00,4506.3,4509.68,4486.03,4493.22,31640
2026-09-03T16:00:00+00:00,4493.22,4495.37,4487.61,4493.37,21399
2026-09-03T16:30:00+00:00,4493.37,4495.51,4485.38,4486.14,17489
2026-09-03T17:00:00+00:00,4486.14,4493.77,4482.9,4492.89,17062
2026-09-03T17:30:00+00:00,4492.89,4494.62,4486.42,4486.53,12908
2026-09-03T18:00:00+00:00,4486.53,4489.69,4479.67,4479.76,17234
2026-09-03T18:30:00+00:00,4479.76,4482.81,4473.94,4475.12,16955
2026-09-03T19:00:00+00:00,4475.12,4476.84,4472.55,4475.75,16773
2026-09-03T19:30:00+00:00,4475.75,4480.72,4473.11,4475.14,16965
2026-09-03T20:00:00+00:00,4475.14,4475.64,4470.51,4471.79,5972
2026-09-03T20:30:00+00:00,4471.79,4473.97,4470.92,4472.93,3471
2026-09-03T22:00:00+00:00,4472.93,4478.83,4472.93,4475.03,5289
2026-09-03T22:30:00+00:00,4475.03,4476.67,4471.38,4474.47,6028
2026-09-03T23:00:00+00:00,4474.47,4477.68,4471.65,4473.84,4799
2026-09-03T23:30:00+00:00,4473.84,4480.31,4473.27,4480.03,6112
2026-09-04T00:00:00+00:00,4480.03,4483.25,4473.9,4474.56,12156
2026-09-04T00:30:00+00:00,4474.56,4487.24,4472.52,4486.24,11751
2026-09-04T01:00:00+00:00,4486.24,4487.05,4467.62,4470.89,25813
2026-09-04T01:30:00+00:00,4470.89,4480.45,4466.7,4478.78,19160
2026-09-04T02:00:00+00:00,4478.78,4482.48,4471.21,4473.84,12726
2026-09-04T02:30:00+00:00,4473.84,4480.8,4469.99,4477.34,15932
2026-09-04T03:00:00+00:00,4477.34,4478.6,4470.3,4472.4,10983
2026-09-04T03:30:00+00:00,4472.4,4475.22,4466.94,4466.99,7703
2026-09-04T04:00:00+00:00,4466.99,4472.3,4465.13,4471.54,8060
2026-09-04T04:30:00+00:00,4471.54,4474.91,4471.54,4473.71,5680
2026-09-04T05:00:00+00:00,4473.71,4475.22,4467.2,4467.67,8617
2026-09-04T05:30:00+00:00,4467.67,4477.56,4466.83,4472.05,16826
2026-09-04T06:00:00+00:00,4472.05,4473.28,4466.57,4468.8,14905
2026-09-04T06:30:00+00:00,4468.8,4469.81,4460.01,4462.86,15030
2026-09-04T07:00:00+00:00,4462.86,4472.75,4461.42,4472.5,13515
2026-09-04T07:30:00+00:00,4472.5,4490.85,4472.5,4483.33,14764
2026-09-04T08:00:00+00:00,4483.33,4486.39,4478.87,4481.16,14039
2026-09-04T08:30:00+00:00,4481.16,4482.48,4474.42,4477.69,11367
2026-09-04T09:00:00+00:00,4477.69,4479.17,4463.81,4466.72,13031
2026-09-04T09:30:00+00:00,4466.72,4470.11,4464.38,4465.53,10828
2026-09-04T10:00:00+00:00,4465.53,4473.65,4465.39,4471.18,10079
2026-09-04T10:30:00+00:00,4471.18,4476.49,4469.99,4472.77,8703
2026-09-04T11:00:00+00:00,4472.77,4473.35,4465.38,4465.6,9998
2026-09-04T11:30:00+00:00,4465.6,4470.54,4465.07,4466.99,10032
2026-09-04T12:00:00+00:00,4466.99,4476.04,4464.32,4471.94,21104
2026-09-04T12:30:00+00:00,4471.94,4472.63,4379.18,4393.83,92452
2026-09-04T13:00:00+00:00,4393.83,4414.5,4365.18,4412.37,58522
2026-09-04T13:30:00+00:00,4412.37,4434.63,4405.05,4413.06,70862
2026-09-04T14:00:00+00:00,4413.06,4437.27,4412.07,4429.02,61433
2026-09-04T14:30:00+00:00,4429.02,4442.31,4417.08,4427.39,46906
2026-09-04T15:00:00+00:00,4427.39,4448.92,4422.59,4439.71,36588
2026-09-04T15:30:00+00:00,4439.71,4446.69,4435.62,4436.61,24948
2026-09-04T16:00:00+00:00,4436.61,4443.54,4432.21,4434.21,22630
2026-09-04T16:30:00+00:00,4434.21,4440.01,4433.26,4436.33,20574
2026-09-04T17:00:00+00:00,4436.33,4440.45,4427.44,4428.62,26270
2026-09-04T17:30:00+00:00,4428.62,4429.77,4415.55,4416.51,18727
2026-09-04T18:00:00+00:00,4416.51,4426.61,4411.72,4424.64,19580
2026-09-04T18:30:00+00:00,4424.64,4425.97,4421.18,4423.88,12632
2026-09-04T19:00:00+00:00,4423.88,4435.83,4422.39,4435.5,13683
2026-09-04T19:30:00+00:00,4435.5,4438.42,4432.81,4434.89,15755
2026-09-04T20:00:00+00:00,4434.89,4435.11,4429.25,4429.88,4915
2026-09-04T20:30:00+00:00,4429.88,4430.77,4428.79,4430.15,1780
2026-09-06T22:00:00+00:00,4430.15,4430.17,4416.81,4428.66,4787
2026-09-06T22:30:00+00:00,4428.66,4435.29,4427.43,4429.24,3291
2026-09-06T23:00:00+00:00,4429.24,4431.2,4425.07,4426.92,2797
2026-09-06T23:30:00+00:00,4426.92,4434.03,4420.91,4423.24,7687
2026-09-07T00:00:00+00:00,4423.23,4428.42,4420.68,4422.22,14083
2026-09-07T00:30:00+00:00,4422.22,4429.4,4409.76,4412.65,15949
2026-09-07T01:00:00+00:00,4412.65,4415.86,4389.55,4403.41,34767
2026-09-07T01:30:00+00:00,4403.41,4416.71,4403.07,4409.2,19471
2026-09-07T02:00:00+00:00,4409.2,4410.63,4402.87,4407.7,11341
2026-09-07T02:30:00+00:00,4407.7,4418.94,4406.81,4408.88,15510
2026-09-07T03:00:00+00:00,4408.88,4410.47,4404.51,4408.66,10423
2026-09-07T03:30:00+00:00,4408.66,4408.88,4401.21,4404.03,6038
2026-09-07T04:00:00+00:00,4404.03,4407.06,4400.23,4402.09,6008
2026-09-07T04:30:00+00:00,4402.09,4402.41,4394.32,4397.85,5646
2026-09-07T05:00:00+00:00,4397.85,4411.64,4397.47,4411,6812
2026-09-07T05:30:00+00:00,4411,4413.14,4393.11,4393.88,16901
2026-09-07T06:00:00+00:00,4393.88,4398.11,4385.27,4394.38,16261
2026-09-07T06:30:00+00:00,4394.38,4399.74,4391.19,4392.74,10374
2026-09-07T07:00:00+00:00,4392.74,4402.17,4391.96,4395.08,15105
2026-09-07T07:30:00+00:00,4395.08,4406.59,4392.28,4406.3,16616
2026-09-07T08:00:00+00:00,4406.3,4423.45,4405.14,4419.72,18075
2026-09-07T08:30:00+00:00,4419.72,4423.82,4409.59,4410.87,10839
2026-09-07T09:00:00+00:00,4410.87,4413.71,4405.37,4405.45,6985
2026-09-07T09:30:00+00:00,4405.45,4410.23,4403.56,4405.7,6656
2026-09-07T10:00:00+00:00,4405.7,4406.23,4395.72,4395.87,6232
2026-09-07T10:30:00+00:00,4395.87,4399.2,4388.16,4391.66,10454
2026-09-07T11:00:00+00:00,4391.66,4394.89,4387.43,4389.51,9437
2026-09-07T11:30:00+00:00,4389.51,4392.01,4381.04,4385.13,9968
2026-09-07T12:00:00+00:00,4385.13,4395.34,4385.13,4395.31,8440
2026-09-07T12:30:00+00:00,4395.31,4397.95,4392.63,4396.67,8572
2026-09-07T13:00:00+00:00,4396.67,4404.93,4395.33,4403.81,13921
2026-09-07T13:30:00+00:00,4403.81,4407.75,4401.12,4402.65,11243
2026-09-07T14:00:00+00:00,4402.65,4409.09,4401.05,4406.87,10626
2026-09-07T14:30:00+00:00,4406.87,4419.56,4404.37,4415.97,12987
2026-09-07T15:00:00+00:00,4415.97,4416.57,4409.27,4412.7,10805
2026-09-07T15:30:00+00:00,4412.7,4415.03,4408.72,4414.41,5886
2026-09-07T16:00:00+00:00,4414.41,4417.18,4412.43,4413.41,4079
2026-09-07T16:30:00+00:00,4413.41,4414.4,4411.63,4414.26,3644
2026-09-07T17:00:00+00:00,4414.26,4414.85,4411.76,4412.11,2318
2026-09-07T17:30:00+00:00,4412.11,4412.43,4406.95,4406.95,2711
2026-09-07T18:00:00+00:00,4406.95,4408.97,4402.96,4406.06,3465
2026-09-07T18:30:00+00:00,4406.06,4406.68,4403.73,4404.17,565
2026-09-07T19:00:00+00:00,4404.17,4404.31,4404.02,4404.22,39
2026-09-07T19:30:00+00:00,4404.22,4404.43,4404.05,4404.36,58
2026-09-07T20:00:00+00:00,4404.36,4404.47,4404.2,4404.28,80
2026-09-07T20:30:00+00:00,4404.28,4406.13,4404.23,4406.13,165
2026-09-07T22:00:00+00:00,4406.13,4413.83,4406.13,4409.62,4093
2026-09-07T22:30:00+00:00,4409.62,4409.91,4406.12,4407.54,2716
2026-09-07T23:00:00+00:00,4407.54,4412.58,4407.21,4410.75,4861
2026-09-07T23:30:00+00:00,4410.75,4427.81,4410.73,4422.92,13799
2026-09-08T00:00:00+00:00,4422.92,4430.14,4415.14,4421.36,30328
2026-09-08T00:30:00+00:00,4421.36,4427.41,4415.17,4426.14,22863
2026-09-08T01:00:00+00:00,4426.14,4435.9,4417.12,4434.51,36286
2026-09-08T01:30:00+00:00,4434.51,4440.6,4430.74,4436.96,23970
2026-09-08T02:00:00+00:00,4436.96,4438.52,4424.54,4424.98,15687
2026-09-08T02:30:00+00:00,4424.98,4427.94,4421.04,4424.19,16557
2026-09-08T03:00:00+00:00,4424.19,4439.16,4422.68,4432.07,13095
2026-09-08T03:30:00+00:00,4432.07,4438.82,4430.5,4437.66,8120
2026-09-08T04:00:00+00:00,4437.66,4442.9,4431.55,4432.56,10524
2026-09-08T04:30:00+00:00,4432.56,4439.85,4432.17,4435.91,7172
2026-09-08T05:00:00+00:00,4435.91,4437.63,4420.25,4420.51,13055
2026-09-08T05:30:00+00:00,4420.51,4428.7,4417.41,4418.97,20008
2026-09-08T06:00:00+00:00,4418.97,4420.13,4399.01,4400.11,26575
2026-09-08T06:30:00+00:00,4400.11,4409.25,4398.09,4403.68,17815
2026-09-08T07:00:00+00:00,4403.68,4409.41,4400.15,4401.58,15281
2026-09-08T07:30:00+00:00,4401.58,4405.33,4390.03,4392.34,16727
2026-09-08T08:00:00+00:00,4392.34,4396.43,4387.85,4394.61,19509
2026-09-08T08:30:00+00:00,4394.61,4398.51,4390.94,4394.1,16794
2026-09-08T09:00:00+00:00,4394.1,4399.34,4391.21,4392.92,12286
2026-09-08T09:30:00+00:00,4392.92,4405.61,4390.78,4402.84,13935
2026-09-08T10:00:00+00:00,4402.84,4406.4,4393.65,4399.38,14847
2026-09-08T10:30:00+00:00,4399.38,4400.36,4393.87,4395.19,9367
2026-09-08T11:00:00+00:00,4395.19,4402.96,4391.07,4402.04,12579
2026-09-08T11:30:00+00:00,4402.04,4407.87,4397.69,4406.32,12620
2026-09-08T12:00:00+00:00,4406.32,4406.57,4385.41,4401.82,25160
2026-09-08T12:30:00+00:00,4401.82,4411.63,4395.25,4411.39,21237
2026-09-08T13:00:00+00:00,4411.39,4412.45,4398.99,4400.26,29065
2026-09-08T13:30:00+00:00,4400.26,4407.4,4390.56,4395.65,51231
2026-09-08T14:00:00+00:00,4395.65,4403.53,4391.53,4396.69,42319
2026-09-08T14:30:00+00:00,4396.69,4400.69,4389.19,4398.65,29786
2026-09-08T15:00:00+00:00,4398.65,4409.18,4396.36,4398.93,26077
2026-09-08T15:30:00+00:00,4398.93,4404.14,4394.59,4394.59,18426
2026-09-08T16:00:00+00:00,4394.59,4395.04,4380.53,4394.09,25560
2026-09-08T16:30:00+00:00,4394.09,4398.39,4390.32,4393.57,20052
2026-09-08T17:00:00+00:00,4393.57,4403.7,4391.92,4394,17097
2026-09-08T17:30:00+00:00,4394,4395.01,4385.19,4389.93,13547
2026-09-08T18:00:00+00:00,4389.93,4390.28,4384.14,4385.46,17181
2026-09-08T18:30:00+00:00,4385.46,4386.52,4358.37,4375.53,39838
2026-09-08T19:00:00+00:00,4375.53,4377.16,4366.19,4368.57,28059
2026-09-08T19:30:00+00:00,4368.57,4369.71,4356.74,4359.42,26498
2026-09-08T20:00:00+00:00,4359.42,4364.24,4355.78,4356.93,8900
2026-09-08T20:30:00+00:00,4356.93,4358.75,4345.28,4355.76,6713
2026-09-08T22:00:00+00:00,4355.76,4358.72,4353.11,4354.5,5009
2026-09-08T22:30:00+00:00,4354.5,4356.03,4350.48,4354.12,4195
2026-09-08T23:00:00+00:00,4354.12,4357.57,4351.69,4357.36,4905
2026-09-08T23:30:00+00:00,4357.36,4359.79,4349.22,4349.92,7339
2026-09-09T00:00:00+00:00,4349.92,4352.68,4341.17,4346.86,18388
2026-09-09T00:30:00+00:00,4346.86,4365.46,4343.64,4364.68,18318
2026-09-09T01:00:00+00:00,4364.68,4373.02,4353.98,4371.62,27315
2026-09-09T01:30:00+00:00,4371.62,4378.14,4370.62,4373.69,16565
2026-09-09T02:00:00+00:00,4373.69,4376.91,4370.69,4372.94,14412
2026-09-09T02:30:00+00:00,4372.94,4383.23,4367.2,4382.13,15055
2026-09-09T03:00:00+00:00,4382.13,4382.68,4375.39,4378.08,11594
2026-09-09T03:30:00+00:00,4378.08,4379.81,4375.02,4375.06,6964
2026-09-09T04:00:00+00:00,4375.06,4380.55,4370.71,4379.99,8330
2026-09-09T04:30:00+00:00,4379.99,4382.5,4376.27,4381.53,5635
2026-09-09T05:00:00+00:00,4381.53,4388.55,4380.41,4385.05,10198
2026-09-09T05:30:00+00:00,4385.05,4400.73,4384.29,4398.83,16421
2026-09-09T06:00:00+00:00,4398.83,4405.27,4395.26,4398.04,15100
2026-09-09T06:30:00+00:00,4398.04,4405.95,4397.02,4400.46,11228
2026-09-09T07:00:00+00:00,4400.46,4408.55,4399.29,4407.6,13136
2026-09-09T07:30:00+00:00,4407.6,4412.75,4406.41,4409.01,10578
2026-09-09T08:00:00+00:00,4409.01,4411.8,4399.38,4399.46,13583
2026-09-09T08:30:00+00:00,4399.46,4403.41,4398.84,4400.53,9546
2026-09-09T09:00:00+00:00,4400.53,4402.27,4397.15,4398.38,10015
2026-09-09T09:30:00+00:00,4398.38,4398.69,4388.6,4390.68,11931
2026-09-09T10:00:00+00:00,4390.68,4395.88,4386.2,4394.26,13206
2026-09-09T10:30:00+00:00,4394.26,4402.99,4393.46,4399.51,10775
2026-09-09T11:00:00+00:00,4399.51,4408.9,4399.51,4408.14,10584
2026-09-09T11:30:00+00:00,4408.14,4415.15,4403.25,4407.15,19922
2026-09-09T12:00:00+00:00,4407.15,4409.32,4393.55,4393.55,20649
2026-09-09T12:30:00+00:00,4393.55,4402.1,4390.85,4400.04,18059
2026-09-09T13:00:00+00:00,4400.04,4430.3,4398.7,4429.45,27667
2026-09-09T13:30:00+00:00,4429.45,4433.97,4410.71,4414.94,48508
2026-09-09T14:00:00+00:00,4414.94,4428.54,4409.9,4425.85,43076
2026-09-09T14:30:00+00:00,4425.85,4426.95,4414.86,4418.68,31339
2026-09-09T15:00:00+00:00,4418.68,4431.74,4375.13,4394.5,83518
2026-09-09T15:30:00+00:00,4394.5,4407.13,4392.62,4398.49,44301
2026-09-09T16:00:00+00:00,4398.49,4403.03,4391.63,4401.57,28804
2026-09-09T16:30:00+00:00,4401.57,4410.25,4399.04,4409.44,17358
2026-09-09T17:00:00+00:00,4409.44,4420.44,4408.77,4414.7,23020
2026-09-09T17:30:00+00:00,4414.7,4417.11,4411.62,4416,12183
2026-09-09T18:00:00+00:00,4416,4421.44,4415.81,4417.85,13565
2026-09-09T18:30:00+00:00,4417.85,4418.3,4401.59,4403.08,17783
2026-09-09T19:00:00+00:00,4403.08,4404.8,4396.86,4399.5,17049
2026-09-09T19:30:00+00:00,4399.5,4401.37,4395.6,4398.98,16181
2026-09-09T20:00:00+00:00,4398.98,4399.33,4393.43,4394.69,4870
2026-09-09T20:30:00+00:00,4394.69,4402.92,4394.69,4400.87,4434
2026-09-09T22:00:00+00:00,4400.87,4406.25,4400.33,4402.32,3973
2026-09-09T22:30:00+00:00,4402.32,4403.81,4397.69,4399.74,5558
2026-09-09T23:00:00+00:00,4399.74,4402.94,4395.81,4397.71,6588
2026-09-09T23:30:00+00:00,4397.71,4399.21,4393.1,4394.11,5540
2026-09-10T00:00:00+00:00,4394.11,4398.4,4389.65,4392.84,12653
2026-09-10T00:30:00+00:00,4392.84,4404.78,4391.39,4401.03,14375
2026-09-10T01:00:00+00:00,4401.03,4419.05,4399.99,4410.44,27619
2026-09-10T01:30:00+00:00,4410.44,4414.41,4405.25,4412.12,26880
2026-09-10T02:00:00+00:00,4412.12,4418.75,4408.04,4416.97,18102
2026-09-10T02:30:00+00:00,4416.97,4420.77,4411.04,4419.31,17170
2026-09-10T03:00:00+00:00,4419.31,4420.68,4409.21,4410.11,15601
2026-09-10T03:30:00+00:00,4410.11,4412.6,4406.81,4409.14,7915
2026-09-10T04:00:00+00:00,4409.14,4415.49,4409.14,4411.65,6545
2026-09-10T04:30:00+00:00,4411.65,4413.66,4405.42,4408.38,7354
2026-09-10T05:00:00+00:00,4408.38,4420.69,4408.11,4420.68,10579
2026-09-10T05:30:00+00:00,4420.68,4431.12,4417.4,4430.96,23242
2026-09-10T06:00:00+00:00,4430.96,4434.56,4410.83,4417.51,18385
2026-09-10T06:30:00+00:00,4417.51,4428.74,4413.2,4425.16,16900
2026-09-10T07:00:00+00:00,4425.16,4425.36,4408.03,4408.42,14522
2026-09-10T07:30:00+00:00,4408.42,4415.21,4403.99,4411.72,15016
2026-09-10T08:00:00+00:00,4411.72,4412.75,4403.91,4405.58,13413
2026-09-10T08:30:00+00:00,4405.58,4405.91,4392.39,4394.79,17264
2026-09-10T09:00:00+00:00,4394.79,4396.81,4389.95,4392.73,14011
2026-09-10T09:30:00+00:00,4392.73,4395.73,4388.26,4393.96,13169
2026-09-10T10:00:00+00:00,4393.96,4400.19,4389.88,4394.02,19362
2026-09-10T10:30:00+00:00,4394.02,4394.63,4375.2,4378.86,26621
2026-09-10T11:00:00+00:00,4378.86,4388.65,4375.22,4385.85,25182
2026-09-10T11:30:00+00:00,4385.85,4390.77,4374.28,4374.46,20770
2026-09-10T12:00:00+00:00,4374.46,4377.75,4361.74,4363.19,33211
2026-09-10T12:30:00+00:00,4363.19,4371.87,4324.02,4339.92,70622
2026-09-10T13:00:00+00:00,4339.92,4357.52,4339.48,4357.37,61598
2026-09-10T13:30:00+00:00,4357.37,4375.85,4352.29,4365.79,70624
2026-09-10T14:00:00+00:00,4365.79,4376.28,4353.91,4363.31,68918
2026-09-10T14:30:00+00:00,4363.31,4370.22,4354.05,4358.1,46912
2026-09-10T15:00:00+00:00,4358.1,4367.73,4352.58,4365.35,38612
2026-09-10T15:30:00+00:00,4365.35,4372.24,4361.05,4365.73,30761
2026-09-10T16:00:00+00:00,4365.73,4369.58,4354.08,4362.88,30899
2026-09-10T16:30:00+00:00,4362.88,4365.48,4355.85,4364.02,27750
2026-09-10T17:00:00+00:00,4364.02,4367.63,4359.6,4365.78,25560
2026-09-10T17:30:00+00:00,4365.78,4366.34,4351.17,4352.59,25714
2026-09-10T18:00:00+00:00,4352.59,4356.07,4337.56,4338.95,34569
2026-09-10T18:30:00+00:00,4338.95,4338.95,4329.79,4332.99,31092
2026-09-10T19:00:00+00:00,4332.99,4332.99,4313.68,4327.16,32551
2026-09-10T19:30:00+00:00,4327.16,4329.45,4320.1,4324.29,23801
2026-09-10T20:00:00+00:00,4324.29,4324.38,4316.37,4318.47,7987
2026-09-10T20:30:00+00:00,4318.47,4318.93,4314.49,4316.88,7891
2026-09-10T22:00:00+00:00,4316.88,4324.71,4316.88,4319.73,5170
2026-09-10T22:30:00+00:00,4319.73,4320.49,4313.72,4318.47,5853
2026-09-10T23:00:00+00:00,4318.47,4320.42,4316.63,4318.16,5190
2026-09-10T23:30:00+00:00,4318.16,4320.32,4311.12,4315.17,9791
2026-09-11T00:00:00+00:00,4315.17,4323.92,4312.72,4323.88,23028
2026-09-11T00:30:00+00:00,4323.88,4333.73,4319.78,4332.09,19054
2026-09-11T01:00:00+00:00,4332.09,4340.48,4320.91,4328.11,36383
2026-09-11T01:30:00+00:00,4328.11,4334.73,4322.58,4329.27,24812
2026-09-11T02:00:00+00:00,4329.27,4334.48,4323.49,4325.21,15843
2026-09-11T02:30:00+00:00,4325.21,4326.72,4315.85,4322.68,25820
2026-09-11T03:00:00+00:00,4322.68,4326.31,4304.13,4309.23,21770
2026-09-11T03:30:00+00:00,4309.23,4312.67,4300.66,4303.7,17916
2026-09-11T04:00:00+00:00,4303.7,4329.08,4302.06,4328.54,21131
2026-09-11T04:30:00+00:00,4328.54,4335.15,4325.39,4331.75,15228
2026-09-11T05:00:00+00:00,4331.75,4339.3,4328.17,4334.51,15665
2026-09-11T05:30:00+00:00,4334.51,4351.97,4333.7,4345.61,28596
2026-09-11T06:00:00+00:00,4345.61,4360.77,4345.61,4351.57,23553
2026-09-11T06:30:00+00:00,4351.57,4355.3,4347.01,4353.15,18874
2026-09-11T07:00:00+00:00,4353.15,4356.19,4345.92,4346.26,16595
2026-09-11T07:30:00+00:00,4346.26,4347.73,4340.44,4344.87,13235
2026-09-11T08:00:00+00:00,4344.87,4357.31,4342.21,4351.59,24095
2026-09-11T08:30:00+00:00,4351.59,4356.68,4345.51,4346.99,16733
2026-09-11T09:00:00+00:00,4346.99,4353.98,4341.74,4343.64,12754
2026-09-11T09:30:00+00:00,4343.64,4347.64,4340.78,4346.23,11296
2026-09-11T10:00:00+00:00,4346.23,4349.88,4341.47,4349.12,14971
2026-09-11T10:30:00+00:00,4349.12,4349.63,4336.67,4337.47,11963
2026-09-11T11:00:00+00:00,4337.47,4342.5,4334.55,4336.33,15446
2026-09-11T11:30:00+00:00,4336.33,4337.09,4330.01,4333.35,15534
2026-09-11T12:00:00+00:00,4333.35,4342.92,4325.05,4340.54,26320
2026-09-11T12:30:00+00:00,4340.54,4390.15,4292.01,4388.2,90565
2026-09-11T13:00:00+00:00,4388.2,4398.43,4380.44,4390.27,67190
2026-09-11T13:30:00+00:00,4390.27,4402.4,4381.55,4401.65,65674
2026-09-11T14:00:00+00:00,4401.65,4402.22,4374.34,4375.02,57811
2026-09-11T14:30:00+00:00,4375.02,4384.06,4364.68,4370.76,47577
2026-09-11T15:00:00+00:00,4370.76,4372.62,4359.23,4370.48,38040
2026-09-11T15:30:00+00:00,4370.48,4377.02,4365.04,4366.96,27128
2026-09-11T16:00:00+00:00,4366.96,4372.61,4351.9,4354.84,30567
2026-09-11T16:30:00+00:00,4354.84,4365.73,4353.34,4361.56,26366
2026-09-11T17:00:00+00:00,4361.56,4369.59,4360.75,4366.94,22129
2026-09-11T17:30:00+00:00,4366.94,4370.29,4357.81,4358.2,18108
2026-09-11T18:00:00+00:00,4358.2,4359.96,4344.1,4350.5,21852
2026-09-11T18:30:00+00:00,4350.5,4351.47,4344.18,4346.85,14404
2026-09-11T19:00:00+00:00,4346.85,4353.64,4344.3,4347.19,16085
2026-09-11T19:30:00+00:00,4347.19,4349.43,4342.67,4348.47,19618
2026-09-11T20:00:00+00:00,4348.47,4351.36,4346.13,4348.67,4950
2026-09-11T20:30:00+00:00,4348.67,4348.77,4345.54,4346.23,1688
2026-09-13T22:00:00+00:00,4346.23,4346.23,4328.1,4336.11,18383
2026-09-13T22:30:00+00:00,4336.11,4339.98,4333.73,4337.9,6344
2026-09-13T23:00:00+00:00,4337.9,4342.36,4335.65,4339.31,4234
2026-09-13T23:30:00+00:00,4339.31,4342.16,4331.79,4332.72,11228
2026-09-14T00:00:00+00:00,4332.72,4347.48,4329.74,4337.85,23843
2026-09-14T00:30:00+00:00,4337.85,4343.39,4331.98,4338.42,21166
2026-09-14T01:00:00+00:00,4338.42,4344.72,4326.23,4335.65,53761
2026-09-14T01:30:00+00:00,4335.65,4355.27,4328.31,4353.24,29747
2026-09-14T02:00:00+00:00,4353.24,4354.96,4348.08,4352.12,14867
2026-09-14T02:30:00+00:00,4352.12,4355.31,4330.25,4330.89,21306
2026-09-14T03:00:00+00:00,4330.89,4336.42,4327.37,4334.86,14426
2026-09-14T03:30:00+00:00,4334.86,4335.23,4327.09,4330.39,10767
2026-09-14T04:00:00+00:00,4330.39,4331.69,4328.74,4331.42,7945
2026-09-14T04:30:00+00:00,4331.42,4331.63,4321.98,4329.47,11254
2026-09-14T05:00:00+00:00,4329.47,4332.7,4326.26,4326.42,10431
2026-09-14T05:30:00+00:00,4326.42,4337.57,4323.21,4337.39,25467
2026-09-14T06:00:00+00:00,4337.39,4338.73,4326.83,4330.06,19277
2026-09-14T06:30:00+00:00,4330.06,4332.38,4320.49,4322.12,16484
2026-09-14T07:00:00+00:00,4322.12,4324.19,4316.29,4316.85,19331
2026-09-14T07:30:00+00:00,4316.85,4321.9,4307.81,4310.82,18042
2026-09-14T08:00:00+00:00,4310.82,4318.24,4310.09,4310.51,19745
2026-09-14T08:30:00+00:00,4310.51,4316.06,4303.15,4306.63,17421
2026-09-14T09:00:00+00:00,4306.63,4311.67,4280.19,4287.92,27452
2026-09-14T09:30:00+00:00,4287.92,4289.8,4277.63,4285.36,24358
2026-09-14T10:00:00+00:00,4285.36,4292.61,4278.06,4291.13,17517
2026-09-14T10:30:00+00:00,4291.13,4296.54,4289.23,4294.61,11762
2026-09-14T11:00:00+00:00,4294.61,4296.91,4291.04,4296.06,13352
2026-09-14T11:30:00+00:00,4296.06,4296.7,4284.16,4286.99,14274
2026-09-14T12:00:00+00:00,4286.99,4297.64,4283.27,4285.95,24983
2026-09-14T12:30:00+00:00,4285.95,4289.67,4265.82,4271.04,44416
2026-09-14T13:00:00+00:00,4271.04,4277.71,4253.52,4273.67,42296
2026-09-14T13:30:00+00:00,4273.67,4281.13,4266.7,4272.54,58419
2026-09-14T14:00:00+00:00,4272.54,4282.91,4263.77,4270.05,42177
2026-09-14T14:30:00+00:00,4270.05,4279.44,4266.36,4279.36,33528
2026-09-14T15:00:00+00:00,4279.36,4286.6,4272.46,4283.49,41545
2026-09-14T15:30:00+00:00,4283.49,4298.26,4282.68,4288.17,40349
2026-09-14T16:00:00+00:00,4288.17,4305.15,4286.31,4299.98,24897
2026-09-14T16:30:00+00:00,4299.98,4317.69,4299.35,4315.74,36901
2026-09-14T17:00:00+00:00,4315.74,4316.42,4309.14,4311.69,30214
2026-09-14T17:30:00+00:00,4311.69,4313.88,4307.74,4310.99,20666
2026-09-14T18:00:00+00:00,4310.99,4315.9,4306.25,4309.67,20785
2026-09-14T18:30:00+00:00,4309.67,4313.2,4304.59,4307.37,17157
2026-09-14T19:00:00+00:00,4307.37,4307.8,4295.82,4296.3,15060
2026-09-14T19:30:00+00:00,4296.3,4297.35,4282.78,4283.64,20733
2026-09-14T20:00:00+00:00,4283.64,4298.35,4282.31,4296.66,9092
2026-09-14T20:30:00+00:00,4296.66,4299.62,4294.65,4298.76,5952
2026-09-14T22:00:00+00:00,4298.76,4300.75,4292.67,4295.66,8237
2026-09-14T22:30:00+00:00,4295.66,4298.53,4293.09,4295.48,6581
2026-09-14T23:00:00+00:00,4295.48,4297.41,4286.97,4290.03,8278
2026-09-14T23:30:00+00:00,4290.03,4291.71,4287.02,4288.2,7160
2026-09-15T00:00:00+00:00,4288.2,4289.71,4283.49,4288.12,16253
2026-09-15T00:30:00+00:00,4288.12,4296.65,4283.19,4293.01,14106
2026-09-15T01:00:00+00:00,4293.01,4305.95,4287.89,4301.83,27605
2026-09-15T01:30:00+00:00,4301.83,4306.54,4294.18,4304.36,21202
2026-09-15T02:00:00+00:00,4304.36,4311.73,4304.33,4310.14,13453
2026-09-15T02:30:00+00:00,4310.14,4317.33,4307.19,4314.11,18121
2026-09-15T03:00:00+00:00,4314.11,4314.47,4309.76,4310.65,12846
2026-09-15T03:30:00+00:00,4310.65,4313.55,4303.23,4303.5,10548
2026-09-15T04:00:00+00:00,4303.5,4309.59,4302.44,4303.58,10078
2026-09-15T04:30:00+00:00,4303.58,4307.83,4300.69,4304.73,10506
2026-09-15T05:00:00+00:00,4304.73,4307.55,4296.39,4297.23,11585
2026-09-15T05:30:00+00:00,4297.23,4300.14,4289.07,4290.93,24766
2026-09-15T06:00:00+00:00,4290.93,4294.27,4285.81,4289.5,22595
2026-09-15T06:30:00+00:00,4289.5,4295.25,4285.9,4293.4,15871
2026-09-15T07:00:00+00:00,4293.4,4295.54,4286.62,4291.96,16315
2026-09-15T07:30:00+00:00,4291.96,4292.98,4276.17,4280.59,21199
2026-09-15T08:00:00+00:00,4280.59,4280.77,4263.54,4273.29,23635
2026-09-15T08:30:00+00:00,4273.29,4274.84,4261.23,4262.39,15542
2026-09-15T09:00:00+00:00,4262.39,4269.52,4261.46,4266.96,19794
2026-09-15T09:30:00+00:00,4266.96,4272.12,4264.87,4268.23,14194
2026-09-15T10:00:00+00:00,4268.23,4277.71,4268.21,4274.4,13293
2026-09-15T10:30:00+00:00,4274.4,4283.82,4273.61,4281.44,11407
2026-09-15T11:00:00+00:00,4281.44,4285.52,4278.59,4283.34,12879
2026-09-15T11:30:00+00:00,4283.34,4286.68,4280.22,4285.13,12549
2026-09-15T12:00:00+00:00,4285.13,4285.19,4271.3,4277.8,17534
2026-09-15T12:30:00+00:00,4277.8,4295.75,4274.62,4290.24,35583
2026-09-15T13:00:00+00:00,4290.24,4294.45,4283.47,4287.26,32047
2026-09-15T13:30:00+00:00,4287.26,4298.24,4284.09,4294.66,51274
2026-09-15T14:00:00+00:00,4294.66,4300.52,4282.43,4284.04,38249
2026-09-15T14:30:00+00:00,4284.04,4286,4273.53,4276.88,41618
2026-09-15T15:00:00+00:00,4276.88,4287.48,4276.39,4283.96,29372
2026-09-15T15:30:00+00:00,4283.96,4294.71,4281.5,4289.35,29065
2026-09-15T16:00:00+00:00,4289.35,4296.95,4285.45,4295.56,21397
2026-09-15T16:30:00+00:00,4295.56,4298.27,4291.34,4295.51,17931
2026-09-15T17:00:00+00:00,4295.51,4299.06,4290.23,4293.14,17847
2026-09-15T17:30:00+00:00,4293.14,4298.97,4292.07,4294.97,14606
2026-09-15T18:00:00+00:00,4294.97,4306.89,4292.95,4304.85,24235
2026-09-15T18:30:00+00:00,4304.85,4310.34,4301.6,4308.69,20190
2026-09-15T19:00:00+00:00,4308.69,4310.68,4298.16,4301.06,18940
2026-09-15T19:30:00+00:00,4301.06,4302.46,4294.18,4297.77,16274
2026-09-15T20:00:00+00:00,4297.77,4299.12,4293.95,4294.31,5883
2026-09-15T20:30:00+00:00,4294.31,4296.02,4291.82,4292.92,5092
2026-09-15T22:00:00+00:00,4292.92,4298.88,4291.62,4298.68,6282
2026-09-15T22:30:00+00:00,4298.68,4299.04,4288.36,4289.06,5869
2026-09-15T23:00:00+00:00,4289.06,4289.48,4282.13,4284.44,6411
2026-09-15T23:30:00+00:00,4284.44,4287.63,4281.18,4283.55,6781
2026-09-16T00:00:00+00:00,4283.55,4286.13,4280.47,4284.04,9957
2026-09-16T00:30:00+00:00,4284.04,4285.71,4275.39,4277.4,11116
2026-09-16T01:00:00+00:00,4277.4,4293.61,4276.6,4290.5,21528
2026-09-16T01:30:00+00:00,4290.5,4291.43,4280.08,4282.54,14705
2026-09-16T02:00:00+00:00,4282.54,4300.4,4281.96,4298.91,15409
2026-09-16T02:30:00+00:00,4298.91,4323.4,4298.49,4321.5,28594
2026-09-16T03:00:00+00:00,4321.5,4340.97,4321.27,4331.81,25030
2026-09-16T03:30:00+00:00,4331.81,4332.49,4322.76,4327,13173
2026-09-16T04:00:00+00:00,4327,4328.6,4323.24,4325.68,8202
2026-09-16T04:30:00+00:00,4325.68,4328.25,4320.48,4321.89,6324
2026-09-16T05:00:00+00:00,4321.89,4326.96,4320.69,4324.82,9698
2026-09-16T05:30:00+00:00,4324.82,4333.73,4324.33,4326.42,17569
2026-09-16T06:00:00+00:00,4326.42,4332.08,4321.39,4326.8,16947
2026-09-16T06:30:00+00:00,4326.8,4333.05,4323.57,4332.8,13997
2026-09-16T07:00:00+00:00,4332.8,4337.54,4329.91,4335.51,17537
2026-09-16T07:30:00+00:00,4335.51,4339.03,4328.37,4329.28,13330
2026-09-16T08:00:00+00:00,4329.28,4337.62,4322.81,4333.91,21838
2026-09-16T08:30:00+00:00,4333.91,4334.28,4323.69,4330.24,14143
2026-09-16T09:00:00+00:00,4330.24,4334.03,4327.42,4329.48,14928
2026-09-16T09:30:00+00:00,4329.48,4339.31,4329.44,4338.12,13974
2026-09-16T10:00:00+00:00,4338.12,4348.95,4337.6,4347.99,18003
2026-09-16T10:30:00+00:00,4347.99,4351.37,4345.3,4351.01,11394
2026-09-16T11:00:00+00:00,4351.01,4353.67,4346.28,4350.51,18909
2026-09-16T11:30:00+00:00,4350.51,4353.13,4341.54,4341.61,15303
2026-09-16T12:00:00+00:00,4341.61,4348.17,4337.66,4339.82,19547
2026-09-16T12:30:00+00:00,4339.82,4349.01,4334.64,4347.59,20448
2026-09-16T13:00:00+00:00,4347.59,4360.42,4343.76,4352.01,28435
2026-09-16T13:30:00+00:00,4352.01,4354.25,4334.89,4338.49,48279
2026-09-16T14:00:00+00:00,4338.49,4340.99,4324.03,4337.92,40684
2026-09-16T14:30:00+00:00,4337.92,4355.92,4334.29,4354.96,30895
2026-09-16T15:00:00+00:00,4354.96,4358.06,4343.98,4344.21,33468
2026-09-16T15:30:00+00:00,4344.21,4361.79,4342.75,4352.77,28860
2026-09-16T16:00:00+00:00,4352.77,4353.01,4344.23,4345.89,15541
2026-09-16T16:30:00+00:00,4345.89,4348.49,4343.65,4346.5,13009
2026-09-16T17:00:00+00:00,4346.5,4347.43,4341.67,4346.82,12759
2026-09-16T17:30:00+00:00,4346.82,4368.1,4342.43,4359.58,20259
2026-09-16T18:00:00+00:00,4359.58,4367.15,4305.88,4322.25,117708
2026-09-16T18:30:00+00:00,4322.25,4323.67,4256.52,4261.31,139600
2026-09-16T19:00:00+00:00,4261.31,4287.31,4234.86,4253.64,118695
2026-09-16T19:30:00+00:00,4253.64,4276.57,4253.27,4272.29,78428
2026-09-16T20:00:00+00:00,4272.29,4273.82,4257.07,4260.22,20052
2026-09-16T20:30:00+00:00,4260.22,4266.52,4258.21,4262.84,11389
2026-09-16T22:00:00+00:00,4262.84,4263.68,4257.42,4261.99,7937
2026-09-16T22:30:00+00:00,4261.99,4276.09,4261.94,4266.39,8345
2026-09-16T23:00:00+00:00,4266.39,4273.35,4258.78,4271.8,11284
2026-09-16T23:30:00+00:00,4271.8,4275.33,4268.59,4271.73,12374
2026-09-17T00:00:00+00:00,4271.73,4289.47,4266.33,4284.53,24263
2026-09-17T00:30:00+00:00,4284.53,4292.3,4277.1,4280.21,20324
2026-09-17T01:00:00+00:00,4280.21,4312.63,4280.01,4309.87,34296
2026-09-17T01:30:00+00:00,4309.87,4318.09,4298.04,4300.2,26547
2026-09-17T02:00:00+00:00,4300.2,4300.93,4280.92,4291.7,24497
2026-09-17T02:30:00+00:00,4291.7,4292.96,4274,4277.1,24300
2026-09-17T03:00:00+00:00,4277.12,4287.09,4277.06,4286.07,14523
2026-09-17T03:30:00+00:00,4286.07,4297.35,4285.83,4295.98,13129
2026-09-17T04:00:00+00:00,4295.98,4296.47,4291.04,4291.11,9576
2026-09-17T04:30:00+00:00,4291.11,4298.89,4290.23,4297.35,9297
2026-09-17T05:00:00+00:00,4297.35,4299.08,4285.37,4286.24,10204
2026-09-17T05:30:00+00:00,4286.24,4305.37,4286.24,4304.55,19927
2026-09-17T06:00:00+00:00,4304.55,4312.97,4304.27,4312.1,21027
2026-09-17T06:30:00+00:00,4312.1,4315.08,4305.79,4310.84,18927
2026-09-17T07:00:00+00:00,4310.84,4329.87,4309.26,4329.23,19795
2026-09-17T07:30:00+00:00,4329.23,4335.32,4323.65,4327.12,16725
2026-09-17T08:00:00+00:00,4327.12,4328.08,4314.53,4316.05,16629
2026-09-17T08:30:00+00:00,4316.05,4319.54,4310.19,4311.57,14050
2026-09-17T09:00:00+00:00,4311.57,4319.22,4305.87,4306.49,14656
2026-09-17T09:30:00+00:00,4306.49,4311.19,4305.02,4306.07,14096
2026-09-17T10:00:00+00:00,4306.07,4315.51,4305.01,4313.4,12694
2026-09-17T10:30:00+00:00,4313.4,4325.01,4312.21,4324.14,10445
2026-09-17T11:00:00+00:00,4324.14,4339.95,4323.9,4328.4,20454
2026-09-17T11:30:00+00:00,4328.4,4353.02,4323.25,4349.87,21835
2026-09-17T12:00:00+00:00,4349.87,4380.77,4343.56,4380.77,48384
2026-09-17T12:30:00+00:00,4380.77,4380.77,4358.92,4373.24,35720
2026-09-17T13:00:00+00:00,4373.24,4375.09,4360.08,4366.8,37704
2026-09-17T13:30:00+00:00,4366.8,4373.95,4355.34,4366.77,62047
2026-09-17T14:00:00+00:00,4366.77,4379.74,4364.55,4366.67,47310
2026-09-17T14:30:00+00:00,4366.67,4367.75,4352.2,4353.93,35016
2026-09-17T15:00:00+00:00,4353.93,4364.37,4351.14,4358.06,31541
2026-09-17T15:30:00+00:00,4358.06,4370.06,4355.51,4369.9,23491
2026-09-17T16:00:00+00:00,4369.9,4372.35,4363.65,4367.65,19227
2026-09-17T16:30:00+00:00,4367.65,4367.65,4356.09,4362.24,22094
2026-09-17T17:00:00+00:00,4362.24,4365.79,4357.89,4360.43,17842
2026-09-17T17:30:00+00:00,4360.43,4363.66,4357.81,4361.24,12213
2026-09-17T18:00:00+00:00,4361.24,4365.52,4355.87,4356.19,18513
2026-09-17T18:30:00+00:00,4356.19,4356.37,4348.35,4351.29,13760
2026-09-17T19:00:00+00:00,4351.29,4355.99,4343.26,4343.3,12456
2026-09-17T19:30:00+00:00,4343.3,4349.25,4342.85,4346.04,16112
2026-09-17T20:00:00+00:00,4346.04,4346.86,4341.94,4342.03,5519
2026-09-17T20:30:00+00:00,4342.03,4343.5,4340.45,4341.16,3913
2026-09-17T22:00:00+00:00,4341.16,4345.09,4341.16,4344.92,4997
2026-09-17T22:30:00+00:00,4344.92,4349.54,4341.47,4344.31,6769
2026-09-17T23:00:00+00:00,4344.31,4347.41,4340.02,4344.27,6843
2026-09-17T23:30:00+00:00,4344.27,4348.04,4343.26,4346.25,4494
2026-09-18T00:00:00+00:00,4346.25,4357.32,4342.14,4353.32,13250
2026-09-18T00:30:00+00:00,4353.32,4360.08,4352.39,4356.35,9819
2026-09-18T01:00:00+00:00,4356.35,4365.51,4354.78,4359.82,21231
2026-09-18T01:30:00+00:00,4359.82,4360,4344.1,4348.34,17070
2026-09-18T02:00:00+00:00,4348.34,4353.71,4345.86,4352.92,10304
2026-09-18T02:30:00+00:00,4352.92,4356.54,4343.14,4346.65,17559
2026-09-18T03:00:00+00:00,4346.65,4351.71,4334.3,4340.99,18129
2026-09-18T03:30:00+00:00,4340.99,4360.78,4340.63,4359.23,12075
2026-09-18T04:00:00+00:00,4359.23,4361.45,4352.75,4358.04,8908
2026-09-18T04:30:00+00:00,4358.04,4366.97,4356.96,4366.79,10234
2026-09-18T05:00:00+00:00,4366.79,4369.49,4363.76,4364.53,9878
2026-09-18T05:30:00+00:00,4364.53,4378.2,4360.18,4377.27,25858
2026-09-18T06:00:00+00:00,4377.27,4393.78,4377.17,4392.44,18556
2026-09-18T06:30:00+00:00,4392.44,4397.2,4389.65,4393.38,18063
2026-09-18T07:00:00+00:00,4393.38,4395.75,4388.86,4395.57,14580
2026-09-18T07:30:00+00:00,4395.57,4399.49,4391.21,4393.32,13331
2026-09-18T08:00:00+00:00,4393.32,4398.36,4387.62,4387.76,16791
2026-09-18T08:30:00+00:00,4387.76,4394.21,4385.06,4392.24,12435
2026-09-18T09:00:00+00:00,4392.24,4398.06,4385.69,4387.73,10991
2026-09-18T09:30:00+00:00,4387.73,4388.6,4373.46,4376.55,15886
2026-09-18T10:00:00+00:00,4376.55,4381.38,4375.67,4381.38,11810
2026-09-18T10:30:00+00:00,4381.38,4381.95,4376.14,4381.69,10980
2026-09-18T11:00:00+00:00,4381.69,4388.37,4377.64,4377.66,22060
2026-09-18T11:30:00+00:00,4377.66,4382.58,4372.62,4381.48,15288
2026-09-18T12:00:00+00:00,4381.48,4382.76,4353.83,4358.21,30023
2026-09-18T12:30:00+00:00,4358.21,4372.89,4358.18,4368.78,23935
2026-09-18T13:00:00+00:00,4368.78,4375.42,4362.98,4367.14,29190
2026-09-18T13:30:00+00:00,4367.14,4367.67,4347.27,4349.18,43865
2026-09-18T14:00:00+00:00,4349.18,4356.61,4342.87,4342.89,41166
2026-09-18T14:30:00+00:00,4342.89,4361.67,4342.53,4352.94,35546
2026-09-18T15:00:00+00:00,4352.94,4356.98,4347.96,4356.17,26089
2026-09-18T15:30:00+00:00,4356.17,4358.03,4348.65,4356.61,20200
2026-09-18T16:00:00+00:00,4356.61,4378.29,4354.75,4377.54,22655
2026-09-18T16:30:00+00:00,4377.54,4383.54,4374.49,4382.77,23102
2026-09-18T17:00:00+00:00,4382.77,4389.04,4381.51,4386.87,18706
2026-09-18T17:30:00+00:00,4386.87,4396.89,4385.39,4393.01,16586
2026-09-18T18:00:00+00:00,4393.01,4394.23,4388.6,4390.47,15666
2026-09-18T18:30:00+00:00,4390.47,4390.65,4379.5,4382.06,15157
2026-09-18T19:00:00+00:00,4382.06,4385.95,4379.36,4380.39,13266
2026-09-18T19:30:00+00:00,4380.39,4383.16,4374.9,4376.58,18431
2026-09-18T20:00:00+00:00,4376.58,4383.27,4375.56,4380.94,7185
2026-09-18T20:30:00+00:00,4380.94,4382.95,4379.26,4380.77,1399
2026-09-20T22:00:00+00:00,4380.77,4382.06,4373.39,4375.8,7345
2026-09-20T22:30:00+00:00,4375.8,4377.75,4373.67,4373.67,5144
2026-09-20T23:00:00+00:00,4373.67,4374.78,4370.87,4374.21,4469
2026-09-20T23:30:00+00:00,4374.21,4376.12,4368.94,4372.63,6217
2026-09-21T00:00:00+00:00,4372.63,4372.99,4358.93,4367.9,13131
2026-09-21T00:30:00+00:00,4367.9,4375.85,4362.19,4366.5,13071
2026-09-21T01:00:00+00:00,4366.5,4383.24,4366.36,4374.96,22116
2026-09-21T01:30:00+00:00,4374.96,4382.83,4373.66,4377.35,16970
2026-09-21T02:00:00+00:00,4377.35,4377.71,4361.13,4369.53,12371
2026-09-21T02:30:00+00:00,4369.53,4372.35,4362.91,4363.86,14663
2026-09-21T03:00:00+00:00,4363.86,4366.82,4359.08,4360.13,12743
2026-09-21T03:30:00+00:00,4360.13,4368.14,4357.77,4359,9007
2026-09-21T04:00:00+00:00,4359,4365.34,4356.23,4361.43,7308
2026-09-21T04:30:00+00:00,4361.43,4363.2,4354.99,4355.82,7211
2026-09-21T05:00:00+00:00,4355.82,4361.04,4353.11,4357.44,8701
2026-09-21T05:30:00+00:00,4357.44,4361.91,4349.23,4350.88,15732
2026-09-21T06:00:00+00:00,4350.88,4355.76,4346.25,4347.09,14365
2026-09-21T06:30:00+00:00,4347.09,4354.73,4347.09,4353.09,12382
2026-09-21T07:00:00+00:00,4353.09,4356.08,4345.82,4350.63,17283
2026-09-21T07:30:00+00:00,4350.63,4354.96,4341.9,4344.2,14820
2026-09-21T08:00:00+00:00,4344.2,4355.28,4343.36,4353.14,14508
2026-09-21T08:30:00+00:00,4353.14,4357.57,4349.82,4352.98,11600
2026-09-21T09:00:00+00:00,4352.98,4354.8,4346.47,4346.47,10529
2026-09-21T09:30:00+00:00,4346.47,4348.36,4339.44,4345.55,13172
2026-09-21T10:00:00+00:00,4345.55,4356.73,4345.11,4350.77,10004
2026-09-21T10:30:00+00:00,4350.77,4351.89,4342.51,4342.64,8408
2026-09-21T11:00:00+00:00,4342.64,4355.08,4341.81,4353.71,9744
2026-09-21T11:30:00+00:00,4353.71,4370.97,4352.28,4369.12,13461
2026-09-21T12:00:00+00:00,4369.12,4374.66,4351.37,4355.38,20149
2026-09-21T12:30:00+00:00,4355.38,4363.55,4351.25,4359.69,22188
2026-09-21T13:00:00+00:00,4359.69,4369.42,4355.86,4364.19,22743
2026-09-21T13:30:00+00:00,4364.19,4364.48,4345.94,4346.02,37667
2026-09-21T14:00:00+00:00,4346.02,4347.06,4322.58,4341.36,46529
2026-09-21T14:30:00+00:00,4341.36,4343.52,4331.98,4338.79,34329
2026-09-21T15:00:00+00:00,4338.79,4353.73,4338.79,4350.85,20949
2026-09-21T15:30:00+00:00,4350.85,4355.69,4346.45,4347.92,22034
2026-09-21T16:00:00+00:00,4347.92,4356.85,4344.82,4350.64,23335
2026-09-21T16:30:00+00:00,4350.64,4352.55,4342.94,4343.24,15282
2026-09-21T17:00:00+00:00,4343.24,4346.8,4341.39,4345.71,14967
2026-09-21T17:30:00+00:00,4345.71,4346.45,4337.44,4344.43,14462
2026-09-21T18:00:00+00:00,4344.43,4352.33,4343.94,4350.11,13057
2026-09-21T18:30:00+00:00,4350.11,4351.51,4345.96,4346.05,11324
2026-09-21T19:00:00+00:00,4346.05,4350.44,4342.14,4348.91,11673
2026-09-21T19:30:00+00:00,4348.91,4353.73,4344.47,4344.91,14200
2026-09-21T20:00:00+00:00,4344.91,4345.19,4339.83,4340.56,4441
2026-09-21T20:30:00+00:00,4340.56,4344.13,4339.21,4342.62,4141
2026-09-21T22:00:00+00:00,4342.62,4352.79,4342.62,4352.66,5287
2026-09-21T22:30:00+00:00,4352.66,4365.02,4351.38,4361,5231
2026-09-21T23:00:00+00:00,4361,4366.12,4358.19,4360.15,7900
2026-09-21T23:30:00+00:00,4360.15,4370.54,4358.04,4368.6,10681
2026-09-22T00:00:00+00:00,4368.6,4375.71,4357.8,4358.17,15531
2026-09-22T00:30:00+00:00,4358.17,4360.3,4348.43,4360.12,15449
2026-09-22T01:00:00+00:00,4360.12,4365.06,4349.78,4355.75,29573
2026-09-22T01:30:00+00:00,4355.75,4357.08,4343.45,4348.41,21393
2026-09-22T02:00:00+00:00,4348.41,4352.95,4339.76,4351.37,14613
2026-09-22T02:30:00+00:00,4351.37,4355.74,4340.6,4344.56,15651
2026-09-22T03:00:00+00:00,4344.56,4346.39,4339.51,4345.99,12997
2026-09-22T03:30:00+00:00,4345.99,4349.21,4340.5,4341.64,8079
2026-09-22T04:00:00+00:00,4341.64,4341.76,4335.07,4337.48,10821
2026-09-22T04:30:00+00:00,4337.48,4343.05,4336.38,4342.84,6009
2026-09-22T05:00:00+00:00,4342.84,4347.39,4323.01,4331.96,14321
2026-09-22T05:30:00+00:00,4331.96,4333.12,4316.27,4323.57,30746
2026-09-22T06:00:00+00:00,4323.57,4324.27,4315.14,4318.21,22754
2026-09-22T06:30:00+00:00,4318.21,4321.67,4315.2,4318.63,16039
2026-09-22T07:00:00+00:00,4318.63,4324.23,4314.95,4315.31,19870
2026-09-22T07:30:00+00:00,4315.31,4315.87,4299.35,4301.09,22794
2026-09-22T08:00:00+00:00,4301.09,4312.03,4298.28,4301.02,26494
2026-09-22T08:30:00+00:00,4301.02,4335.39,4291.41,4330.03,43778
2026-09-22T09:00:00+00:00,4330.03,4331.05,4314.29,4314.46,27227
2026-09-22T09:30:00+00:00,4314.46,4337.78,4312.02,4336.56,30593
2026-09-22T10:00:00+00:00,4336.56,4338.03,4328.27,4329.46,22719
2026-09-22T10:30:00+00:00,4329.46,4333.83,4321.65,4321.69,16507
2026-09-22T11:00:00+00:00,4321.69,4323.31,4309.07,4317.73,26505
2026-09-22T11:30:00+00:00,4317.73,4323.45,4313.61,4322.65,17786
2026-09-22T12:00:00+00:00,4322.65,4342.27,4320.59,4336.92,24603
2026-09-22T12:30:00+00:00,4336.92,4343.86,4330.63,4333.79,27203
2026-09-22T13:00:00+00:00,4333.79,4342.68,4329.61,4330.47,38387
2026-09-22T13:30:00+00:00,4330.47,4343.74,4327.65,4333.38,53568
2026-09-22T14:00:00+00:00,4333.38,4337.45,4325.54,4328,36836
2026-09-22T14:30:00+00:00,4328,4332.8,4314.85,4327.95,44772
2026-09-22T15:00:00+00:00,4327.95,4340.57,4325.52,4332.05,32396
2026-09-22T15:30:00+00:00,4332.05,4332.83,4325.28,4331.14,21653
2026-09-22T16:00:00+00:00,4331.14,4332.33,4322.51,4326.81,17102
2026-09-22T16:30:00+00:00,4326.81,4341.79,4326.19,4336.2,18748
2026-09-22T17:00:00+00:00,4336.2,4341,4334.68,4339.46,16016
2026-09-22T17:30:00+00:00,4339.46,4352.62,4334.79,4350.67,22480
2026-09-22T18:00:00+00:00,4350.67,4360.6,4347.53,4356.31,34313
2026-09-22T18:30:00+00:00,4356.31,4356.88,4348.56,4353.32,17264
2026-09-22T19:00:00+00:00,4353.32,4361.42,4353.24,4359.82,18137
2026-09-22T19:30:00+00:00,4359.82,4370.99,4359.76,4364,26869
2026-09-22T20:00:00+00:00,4364,4364.5,4358.35,4359.53,7380
2026-09-22T20:30:00+00:00,4359.53,4360.02,4355.53,4357.74,4848
2026-09-22T22:00:00+00:00,4357.74,4365.24,4357.74,4364.61,6407
2026-09-22T22:30:00+00:00,4364.61,4365.19,4360.52,4362.18,3256
2026-09-22T23:00:00+00:00,4362.18,4365.02,4360.38,4363.5,4035
2026-09-22T23:30:00+00:00,4363.5,4365.5,4358.4,4363.85,7124
2026-09-23T00:00:00+00:00,4363.85,4369.21,4358.83,4358.84,14814
2026-09-23T00:30:00+00:00,4358.84,4361.85,4354.94,4357.48,12114
2026-09-23T01:00:00+00:00,4357.48,4359.02,4342.59,4343.58,20706
2026-09-23T01:30:00+00:00,4343.58,4346.53,4338.89,4341.39,14914
2026-09-23T02:00:00+00:00,4341.39,4341.39,4334.4,4338.27,11335
2026-09-23T02:30:00+00:00,4338.27,4338.75,4333.33,4334,11156
2026-09-23T03:00:00+00:00,4334,4340.32,4333.21,4337.94,8989
2026-09-23T03:30:00+00:00,4337.94,4345.37,4337.34,4342.57,7522
2026-09-23T04:00:00+00:00,4342.57,4347.19,4342.44,4345.46,6868
2026-09-23T04:30:00+00:00,4345.46,4346.73,4343.36,4344.02,6031
2026-09-23T05:00:00+00:00,4344.02,4345.74,4340.09,4340.99,6195
2026-09-23T05:30:00+00:00,4340.99,4342.1,4327.99,4334.53,13753
2026-09-23T06:00:00+00:00,4334.53,4336.58,4325.89,4328.67,15205
2026-09-23T06:30:00+00:00,4328.67,4337.01,4328.54,4331.23,13978
2026-09-23T07:00:00+00:00,4331.23,4332.71,4322.12,4323.76,15941
2026-09-23T07:30:00+00:00,4323.76,4325.36,4318.91,4319.49,13450
2026-09-23T08:00:00+00:00,4319.49,4322.67,4317.1,4318.92,14803
2026-09-23T08:30:00+00:00,4318.92,4320.27,4315.42,4318.09,10732
2026-09-23T09:00:00+00:00,4318.09,4320.33,4315.71,4316.96,9902
2026-09-23T09:30:00+00:00,4316.96,4318.92,4308.39,4314.16,11108
2026-09-23T10:00:00+00:00,4314.16,4318.88,4313.62,4317.63,9263
2026-09-23T10:30:00+00:00,4317.63,4318.98,4312.26,4315.52,9822
2026-09-23T11:00:00+00:00,4315.52,4316.97,4303.72,4306.16,14463
2026-09-23T11:30:00+00:00,4306.16,4309.96,4294.7,4309.46,20095
2026-09-23T12:00:00+00:00,4309.46,4318.98,4309.01,4311.02,20025
2026-09-23T12:30:00+00:00,4311.02,4311.02,4300.85,4309.66,18867
2026-09-23T13:00:00+00:00,4309.66,4312.34,4297.97,4312.34,32561
2026-09-23T13:30:00+00:00,4312.34,4313.43,4280.78,4283.65,53323
2026-09-23T14:00:00+00:00,4283.65,4293.3,4277.9,4280.64,49524
2026-09-23T14:30:00+00:00,4280.64,4298.6,4280.53,4294.29,50579
2026-09-23T15:00:00+00:00,4294.29,4297.37,4282.79,4283.22,29215
2026-09-23T15:30:00+00:00,4283.22,4285.76,4277.59,4282.17,25267
2026-09-23T16:00:00+00:00,4282.17,4285.88,4278.35,4285.88,17208
2026-09-23T16:30:00+00:00,4285.88,4289.63,4279,4284.86,25686
2026-09-23T17:00:00+00:00,4284.86,4285.7,4275.63,4282.21,31814
2026-09-23T17:30:00+00:00,4282.21,4293.21,4274.86,4292.79,32756
2026-09-23T18:00:00+00:00,4292.79,4294.7,4283.58,4286.14,18265
2026-09-23T18:30:00+00:00,4286.14,4290.65,4282.83,4290.37,14019
2026-09-23T19:00:00+00:00,4290.37,4293.21,4283.11,4286.56,16746
2026-09-23T19:30:00+00:00,4286.56,4287.24,4281.11,4284.16,18264
2026-09-23T20:00:00+00:00,4284.16,4287.83,4282.65,4285.4,6994
2026-09-23T20:30:00+00:00,4285.4,4290.09,4282.61,4286.73,4959
2026-09-23T22:00:00+00:00,4286.73,4294.36,4286.73,4288.43,5824
2026-09-23T22:30:00+00:00,4288.43,4291.26,4287.5,4289.31,4051
2026-09-23T23:00:00+00:00,4289.31,4293.18,4287.81,4287.97,3688
2026-09-23T23:30:00+00:00,4287.97,4291.6,4284.97,4288.44,5369
2026-09-24T00:00:00+00:00,4288.44,4292.35,4283.88,4292.04,15629
2026-09-24T00:30:00+00:00,4292.04,4299.14,4290.15,4298.43,12747
2026-09-24T01:00:00+00:00,4298.43,4303.09,4289.61,4299.28,23915
2026-09-24T01:30:00+00:00,4299.28,4300.63,4277.94,4279.04,22165
2026-09-24T02:00:00+00:00,4279.04,4287.16,4273.73,4286.02,17735
2026-09-24T02:30:00+00:00,4286.02,4296.8,4284.43,4290.7,17239
2026-09-24T03:00:00+00:00,4290.7,4293.74,4285.09,4285.69,12337
2026-09-24T03:30:00+00:00,4285.69,4286.88,4280.42,4284.95,9117
2026-09-24T04:00:00+00:00,4284.95,4288.26,4281.72,4286.14,10115
2026-09-24T04:30:00+00:00,4286.14,4290.28,4285.66,4289.38,6607
2026-09-24T05:00:00+00:00,4289.38,4296.35,4286.12,4290.61,9428
2026-09-24T05:30:00+00:00,4290.61,4291.07,4277.54,4279.15,19367
2026-09-24T06:00:00+00:00,4279.15,4286.58,4278.88,4281.98,22315
2026-09-24T06:30:00+00:00,4281.98,4283.52,4274.32,4276.33,17736
2026-09-24T07:00:00+00:00,4276.33,4287.89,4274.28,4284.79,17590
2026-09-24T07:30:00+00:00,4284.79,4287.66,4275.97,4278.67,17391
2026-09-24T08:00:00+00:00,4278.67,4285.37,4262.41,4264.35,35475
2026-09-24T08:30:00+00:00,4264.35,4273.69,4260.61,4261.25,24948
2026-09-24T09:00:00+00:00,4261.25,4267.24,4255.17,4255.55,21119
2026-09-24T09:30:00+00:00,4255.55,4260.35,4250.8,4255.34,18558
2026-09-24T10:00:00+00:00,4255.34,4259.27,4244.83,4245.63,22691
2026-09-24T10:30:00+00:00,4245.63,4264.01,4244.28,4258.22,20170
2026-09-24T11:00:00+00:00,4258.22,4267.81,4251.96,4263.74,20219
2026-09-24T11:30:00+00:00,4263.74,4266.32,4258.12,4265.79,12828
2026-09-24T12:00:00+00:00,4265.79,4272.02,4260.39,4271.19,21580
2026-09-24T12:30:00+00:00,4271.19,4283.21,4264.72,4280.95,27036
2026-09-24T13:00:00+00:00,4280.95,4284.86,4275.52,4276.27,24197
2026-09-24T13:30:00+00:00,4276.27,4277.67,4264.81,4267.53,42780
2026-09-24T14:00:00+00:00,4267.53,4273.12,4261.22,4267.37,41339
2026-09-24T14:30:00+00:00,4267.37,4267.37,4252.49,4253.06,34563
2026-09-24T15:00:00+00:00,4253.06,4255.46,4244.86,4250.33,35148
2026-09-24T15:30:00+00:00,4250.33,4260.47,4246.4,4256.61,25336
2026-09-24T16:00:00+00:00,4256.61,4288.01,4252.61,4275.61,63251
2026-09-24T16:30:00+00:00,4275.61,4285.37,4270.56,4273.09,40871
2026-09-24T17:00:00+00:00,4273.09,4277.93,4259.19,4262.76,43738
2026-09-24T17:30:00+00:00,4262.76,4267.14,4257.86,4264.71,26786
2026-09-24T18:00:00+00:00,4264.71,4275.32,4256.21,4274.46,31909
2026-09-24T18:30:00+00:00,4274.46,4281.31,4267.62,4271.78,27510
2026-09-24T19:00:00+00:00,4271.78,4275.78,4266.91,4272.08,22489
2026-09-24T19:30:00+00:00,4272.08,4275.85,4271.34,4273.75,17642
2026-09-24T20:00:00+00:00,4273.75,4274.41,4264.34,4265.37,9296
2026-09-24T20:30:00+00:00,4265.37,4275.56,4265.06,4274.96,6872
2026-09-24T22:00:00+00:00,4274.96,4275.58,4267.78,4271.02,6633
2026-09-24T22:30:00+00:00,4271.02,4274.38,4268.83,4272.51,4892
2026-09-24T23:00:00+00:00,4272.51,4275.32,4271.38,4271.88,5528
2026-09-24T23:30:00+00:00,4271.88,4275.81,4264.77,4264.94,6699
2026-09-25T00:00:00+00:00,4264.94,4270.54,4264.28,4270.5,14062
2026-09-25T00:30:00+00:00,4270.5,4281.03,4267.09,4278.52,12762
2026-09-25T01:00:00+00:00,4278.52,4294.12,4276.86,4293.6,16206
2026-09-25T01:30:00+00:00,4293.6,4295.72,4286.31,4287.72,14825
2026-09-25T02:00:00+00:00,4287.72,4294.99,4287.72,4288.02,11544
2026-09-25T02:30:00+00:00,4288.02,4288.59,4277.66,4283.77,11132
2026-09-25T03:00:00+00:00,4283.77,4286.15,4277.96,4277.98,10669
2026-09-25T03:30:00+00:00,4277.98,4278.21,4269.49,4269.96,11054
2026-09-25T04:00:00+00:00,4269.96,4271.88,4267.56,4271.17,9310
2026-09-25T04:30:00+00:00,4271.17,4273.51,4262.71,4262.97,10025
2026-09-25T05:00:00+00:00,4262.97,4264.95,4256.45,4263.95,12962
2026-09-25T05:30:00+00:00,4263.95,4275.62,4263.19,4266.69,16677
2026-09-25T06:00:00+00:00,4266.69,4281.45,4266.29,4274.93,17975
2026-09-25T06:30:00+00:00,4274.93,4277.99,4274.38,4275.74,13579
2026-09-25T07:00:00+00:00,4275.74,4280.2,4271.33,4273.67,18409
2026-09-25T07:30:00+00:00,4273.67,4281.59,4271.15,4279.65,16851
2026-09-25T08:00:00+00:00,4279.65,4284.68,4274.86,4284.17,16472
2026-09-25T08:30:00+00:00,4284.17,4297.25,4283.71,4293.34,16271
2026-09-25T09:00:00+00:00,4293.34,4297.88,4289.52,4290.57,17625
2026-09-25T09:30:00+00:00,4290.57,4297.39,4290.04,4294.83,18603
2026-09-25T10:00:00+00:00,4294.83,4309.47,4293.88,4308.16,13530
2026-09-25T10:30:00+00:00,4308.16,4311.59,4302.24,4310.84,11714
2026-09-25T11:00:00+00:00,4310.84,4315.63,4304.53,4304.62,16765
2026-09-25T11:30:00+00:00,4304.62,4308.6,4299.73,4302.97,14708
2026-09-25T12:00:00+00:00,4302.97,4309.37,4297.38,4306.21,22176
2026-09-25T12:30:00+00:00,4306.21,4308.6,4296.71,4298.07,30610
2026-09-25T13:00:00+00:00,4298.07,4299.24,4277.81,4278.24,28791
2026-09-25T13:30:00+00:00,4278.24,4284.24,4273.29,4275.4,48340
2026-09-25T14:00:00+00:00,4275.4,4277.67,4254.61,4265.99,52377
2026-09-25T14:30:00+00:00,4265.99,4280.68,4262.58,4279.07,36987
2026-09-25T15:00:00+00:00,4279.07,4282.63,4272.68,4279.71,32002
2026-09-25T15:30:00+00:00,4279.71,4291.13,4269.98,4291.13,34253
2026-09-25T16:00:00+00:00,4291.13,4300.12,4285.12,4292.01,59835
2026-09-25T16:30:00+00:00,4292.01,4292.96,4279.63,4286.34,30086
2026-09-25T17:00:00+00:00,4286.34,4292.99,4285.03,4286.39,23305
2026-09-25T17:30:00+00:00,4286.39,4288.11,4279.42,4283.3,19406
2026-09-25T18:00:00+00:00,4283.3,4290.19,4282.73,4287.43,15969
2026-09-25T18:30:00+00:00,4287.43,4296.03,4287.06,4294.83,19130
2026-09-25T19:00:00+00:00,4294.83,4297.02,4287.82,4288.67,16096
2026-09-25T19:30:00+00:00,4288.67,4294.3,4287.7,4291.04,17904
2026-09-25T20:00:00+00:00,4291.04,4292.03,4286.8,4287.33,5279
2026-09-25T20:30:00+00:00,4287.33,4287.33,4284.52,4284.76,1696
